product_id,field,state,value,reason,method,review_status,physical_pages,source_sha256
product:B09FD,depthIn,known,24,,text,unreviewed,51,18424d5f3fc49f84d7a5095bc6d2a169a8d417a16e5d9ca1ee8fd7db1c2bc530
product:B09FD,heightIn,known,34.5,,text,unreviewed,51,18424d5f3fc49f84d7a5095bc6d2a169a8d417a16e5d9ca1ee8fd7db1c2bc530
product:B09FD,manufacturerCategory,known,Base Cabinets,,text,unreviewed,51,18424d5f3fc49f84d7a5095bc6d2a169a8d417a16e5d9ca1ee8fd7db1c2bc530
product:B09FD,normalizedCategory,known,base_cabinet,,derived,unreviewed,51,18424d5f3fc49f84d7a5095bc6d2a169a8d417a16e5d9ca1ee8fd7db1c2bc530
product:B09FD,sku,known,B09FD,,text,unreviewed,51,18424d5f3fc49f84d7a5095bc6d2a169a8d417a16e5d9ca1ee8fd7db1c2bc530
product:B09FD,widthIn,known,9,,derived,unreviewed,51,18424d5f3fc49f84d7a5095bc6d2a169a8d417a16e5d9ca1ee8fd7db1c2bc530
product:B12,depthIn,known,24,,text,unreviewed,51,18424d5f3fc49f84d7a5095bc6d2a169a8d417a16e5d9ca1ee8fd7db1c2bc530
product:B12,heightIn,known,34.5,,text,unreviewed,51,18424d5f3fc49f84d7a5095bc6d2a169a8d417a16e5d9ca1ee8fd7db1c2bc530
product:B12,manufacturerCategory,known,Base Cabinets,,text,unreviewed,51,18424d5f3fc49f84d7a5095bc6d2a169a8d417a16e5d9ca1ee8fd7db1c2bc530
product:B12,normalizedCategory,known,base_cabinet,,derived,unreviewed,51,18424d5f3fc49f84d7a5095bc6d2a169a8d417a16e5d9ca1ee8fd7db1c2bc530
product:B12,sku,known,B12,,text,unreviewed,51,18424d5f3fc49f84d7a5095bc6d2a169a8d417a16e5d9ca1ee8fd7db1c2bc530
product:B12,widthIn,known,12,,derived,unreviewed,51,18424d5f3fc49f84d7a5095bc6d2a169a8d417a16e5d9ca1ee8fd7db1c2bc530
product:B12FD,depthIn,known,24,,text,unreviewed,51,18424d5f3fc49f84d7a5095bc6d2a169a8d417a16e5d9ca1ee8fd7db1c2bc530
product:B12FD,heightIn,known,34.5,,text,unreviewed,51,18424d5f3fc49f84d7a5095bc6d2a169a8d417a16e5d9ca1ee8fd7db1c2bc530
product:B12FD,manufacturerCategory,known,Base Cabinets,,text,unreviewed,51,18424d5f3fc49f84d7a5095bc6d2a169a8d417a16e5d9ca1ee8fd7db1c2bc530
product:B12FD,normalizedCategory,known,base_cabinet,,derived,unreviewed,51,18424d5f3fc49f84d7a5095bc6d2a169a8d417a16e5d9ca1ee8fd7db1c2bc530
product:B12FD,sku,known,B12FD,,text,unreviewed,51,18424d5f3fc49f84d7a5095bc6d2a169a8d417a16e5d9ca1ee8fd7db1c2bc530
product:B12FD,widthIn,known,12,,derived,unreviewed,51,18424d5f3fc49f84d7a5095bc6d2a169a8d417a16e5d9ca1ee8fd7db1c2bc530
product:B15,depthIn,known,24,,text,unreviewed,51,18424d5f3fc49f84d7a5095bc6d2a169a8d417a16e5d9ca1ee8fd7db1c2bc530
product:B15,heightIn,known,34.5,,text,unreviewed,51,18424d5f3fc49f84d7a5095bc6d2a169a8d417a16e5d9ca1ee8fd7db1c2bc530
product:B15,manufacturerCategory,known,Base Cabinets,,text,unreviewed,51,18424d5f3fc49f84d7a5095bc6d2a169a8d417a16e5d9ca1ee8fd7db1c2bc530
product:B15,normalizedCategory,known,base_cabinet,,derived,unreviewed,51,18424d5f3fc49f84d7a5095bc6d2a169a8d417a16e5d9ca1ee8fd7db1c2bc530
product:B15,sku,known,B15,,text,unreviewed,51,18424d5f3fc49f84d7a5095bc6d2a169a8d417a16e5d9ca1ee8fd7db1c2bc530
product:B15,widthIn,known,15,,derived,unreviewed,51,18424d5f3fc49f84d7a5095bc6d2a169a8d417a16e5d9ca1ee8fd7db1c2bc530
product:B15FD,depthIn,known,24,,text,unreviewed,51,18424d5f3fc49f84d7a5095bc6d2a169a8d417a16e5d9ca1ee8fd7db1c2bc530
product:B15FD,heightIn,known,34.5,,text,unreviewed,51,18424d5f3fc49f84d7a5095bc6d2a169a8d417a16e5d9ca1ee8fd7db1c2bc530
product:B15FD,manufacturerCategory,known,Base Cabinets,,text,unreviewed,51,18424d5f3fc49f84d7a5095bc6d2a169a8d417a16e5d9ca1ee8fd7db1c2bc530
product:B15FD,normalizedCategory,known,base_cabinet,,derived,unreviewed,51,18424d5f3fc49f84d7a5095bc6d2a169a8d417a16e5d9ca1ee8fd7db1c2bc530
product:B15FD,sku,known,B15FD,,text,unreviewed,51,18424d5f3fc49f84d7a5095bc6d2a169a8d417a16e5d9ca1ee8fd7db1c2bc530
product:B15FD,widthIn,known,15,,derived,unreviewed,51,18424d5f3fc49f84d7a5095bc6d2a169a8d417a16e5d9ca1ee8fd7db1c2bc530
product:B18,depthIn,known,24,,text,unreviewed,51,18424d5f3fc49f84d7a5095bc6d2a169a8d417a16e5d9ca1ee8fd7db1c2bc530
product:B18,heightIn,known,34.5,,text,unreviewed,51,18424d5f3fc49f84d7a5095bc6d2a169a8d417a16e5d9ca1ee8fd7db1c2bc530
product:B18,manufacturerCategory,known,Base Cabinets,,text,unreviewed,51,18424d5f3fc49f84d7a5095bc6d2a169a8d417a16e5d9ca1ee8fd7db1c2bc530
product:B18,normalizedCategory,known,base_cabinet,,derived,unreviewed,51,18424d5f3fc49f84d7a5095bc6d2a169a8d417a16e5d9ca1ee8fd7db1c2bc530
product:B18,sku,known,B18,,text,unreviewed,51,18424d5f3fc49f84d7a5095bc6d2a169a8d417a16e5d9ca1ee8fd7db1c2bc530
product:B18,widthIn,known,18,,derived,unreviewed,51,18424d5f3fc49f84d7a5095bc6d2a169a8d417a16e5d9ca1ee8fd7db1c2bc530
product:B18FD,depthIn,known,24,,text,unreviewed,51,18424d5f3fc49f84d7a5095bc6d2a169a8d417a16e5d9ca1ee8fd7db1c2bc530
product:B18FD,heightIn,known,34.5,,text,unreviewed,51,18424d5f3fc49f84d7a5095bc6d2a169a8d417a16e5d9ca1ee8fd7db1c2bc530
product:B18FD,manufacturerCategory,known,Base Cabinets,,text,unreviewed,51,18424d5f3fc49f84d7a5095bc6d2a169a8d417a16e5d9ca1ee8fd7db1c2bc530
product:B18FD,normalizedCategory,known,base_cabinet,,derived,unreviewed,51,18424d5f3fc49f84d7a5095bc6d2a169a8d417a16e5d9ca1ee8fd7db1c2bc530
product:B18FD,sku,known,B18FD,,text,unreviewed,51,18424d5f3fc49f84d7a5095bc6d2a169a8d417a16e5d9ca1ee8fd7db1c2bc530
product:B18FD,widthIn,known,18,,derived,unreviewed,51,18424d5f3fc49f84d7a5095bc6d2a169a8d417a16e5d9ca1ee8fd7db1c2bc530
product:B21,depthIn,known,24,,text,unreviewed,51,18424d5f3fc49f84d7a5095bc6d2a169a8d417a16e5d9ca1ee8fd7db1c2bc530
product:B21,heightIn,known,34.5,,text,unreviewed,51,18424d5f3fc49f84d7a5095bc6d2a169a8d417a16e5d9ca1ee8fd7db1c2bc530
product:B21,manufacturerCategory,known,Base Cabinets,,text,unreviewed,51,18424d5f3fc49f84d7a5095bc6d2a169a8d417a16e5d9ca1ee8fd7db1c2bc530
product:B21,normalizedCategory,known,base_cabinet,,derived,unreviewed,51,18424d5f3fc49f84d7a5095bc6d2a169a8d417a16e5d9ca1ee8fd7db1c2bc530
product:B21,sku,known,B21,,text,unreviewed,51,18424d5f3fc49f84d7a5095bc6d2a169a8d417a16e5d9ca1ee8fd7db1c2bc530
product:B21,widthIn,known,21,,derived,unreviewed,51,18424d5f3fc49f84d7a5095bc6d2a169a8d417a16e5d9ca1ee8fd7db1c2bc530
product:B21FD,depthIn,known,24,,text,unreviewed,51,18424d5f3fc49f84d7a5095bc6d2a169a8d417a16e5d9ca1ee8fd7db1c2bc530
product:B21FD,heightIn,known,34.5,,text,unreviewed,51,18424d5f3fc49f84d7a5095bc6d2a169a8d417a16e5d9ca1ee8fd7db1c2bc530
product:B21FD,manufacturerCategory,known,Base Cabinets,,text,unreviewed,51,18424d5f3fc49f84d7a5095bc6d2a169a8d417a16e5d9ca1ee8fd7db1c2bc530
product:B21FD,normalizedCategory,known,base_cabinet,,derived,unreviewed,51,18424d5f3fc49f84d7a5095bc6d2a169a8d417a16e5d9ca1ee8fd7db1c2bc530
product:B21FD,sku,known,B21FD,,text,unreviewed,51,18424d5f3fc49f84d7a5095bc6d2a169a8d417a16e5d9ca1ee8fd7db1c2bc530
product:B21FD,widthIn,known,21,,derived,unreviewed,51,18424d5f3fc49f84d7a5095bc6d2a169a8d417a16e5d9ca1ee8fd7db1c2bc530
product:B24,depthIn,known,24,,text,unreviewed,52,18424d5f3fc49f84d7a5095bc6d2a169a8d417a16e5d9ca1ee8fd7db1c2bc530
product:B24,heightIn,known,34.5,,text,unreviewed,52,18424d5f3fc49f84d7a5095bc6d2a169a8d417a16e5d9ca1ee8fd7db1c2bc530
product:B24,manufacturerCategory,known,Base Cabinets,,text,unreviewed,52,18424d5f3fc49f84d7a5095bc6d2a169a8d417a16e5d9ca1ee8fd7db1c2bc530
product:B24,normalizedCategory,known,base_cabinet,,derived,unreviewed,52,18424d5f3fc49f84d7a5095bc6d2a169a8d417a16e5d9ca1ee8fd7db1c2bc530
product:B24,sku,known,B24,,text,unreviewed,52,18424d5f3fc49f84d7a5095bc6d2a169a8d417a16e5d9ca1ee8fd7db1c2bc530
product:B24,widthIn,known,24,,derived,unreviewed,52,18424d5f3fc49f84d7a5095bc6d2a169a8d417a16e5d9ca1ee8fd7db1c2bc530
product:B24FD,depthIn,known,24,,text,unreviewed,51,18424d5f3fc49f84d7a5095bc6d2a169a8d417a16e5d9ca1ee8fd7db1c2bc530
product:B24FD,heightIn,known,34.5,,text,unreviewed,51,18424d5f3fc49f84d7a5095bc6d2a169a8d417a16e5d9ca1ee8fd7db1c2bc530
product:B24FD,manufacturerCategory,known,Base Cabinets,,text,unreviewed,51,18424d5f3fc49f84d7a5095bc6d2a169a8d417a16e5d9ca1ee8fd7db1c2bc530
product:B24FD,normalizedCategory,known,base_cabinet,,derived,unreviewed,51,18424d5f3fc49f84d7a5095bc6d2a169a8d417a16e5d9ca1ee8fd7db1c2bc530
product:B24FD,sku,known,B24FD,,text,unreviewed,51,18424d5f3fc49f84d7a5095bc6d2a169a8d417a16e5d9ca1ee8fd7db1c2bc530
product:B24FD,widthIn,known,24,,derived,unreviewed,51,18424d5f3fc49f84d7a5095bc6d2a169a8d417a16e5d9ca1ee8fd7db1c2bc530
product:B27,depthIn,known,24,,text,unreviewed,52,18424d5f3fc49f84d7a5095bc6d2a169a8d417a16e5d9ca1ee8fd7db1c2bc530
product:B27,heightIn,known,34.5,,text,unreviewed,52,18424d5f3fc49f84d7a5095bc6d2a169a8d417a16e5d9ca1ee8fd7db1c2bc530
product:B27,manufacturerCategory,known,Base Cabinets,,text,unreviewed,52,18424d5f3fc49f84d7a5095bc6d2a169a8d417a16e5d9ca1ee8fd7db1c2bc530
product:B27,normalizedCategory,known,base_cabinet,,derived,unreviewed,52,18424d5f3fc49f84d7a5095bc6d2a169a8d417a16e5d9ca1ee8fd7db1c2bc530
product:B27,sku,known,B27,,text,unreviewed,52,18424d5f3fc49f84d7a5095bc6d2a169a8d417a16e5d9ca1ee8fd7db1c2bc530
product:B27,widthIn,known,27,,derived,unreviewed,52,18424d5f3fc49f84d7a5095bc6d2a169a8d417a16e5d9ca1ee8fd7db1c2bc530
product:B27FD,depthIn,known,24,,text,unreviewed,51,18424d5f3fc49f84d7a5095bc6d2a169a8d417a16e5d9ca1ee8fd7db1c2bc530
product:B27FD,heightIn,known,34.5,,text,unreviewed,51,18424d5f3fc49f84d7a5095bc6d2a169a8d417a16e5d9ca1ee8fd7db1c2bc530
product:B27FD,manufacturerCategory,known,Base Cabinets,,text,unreviewed,51,18424d5f3fc49f84d7a5095bc6d2a169a8d417a16e5d9ca1ee8fd7db1c2bc530
product:B27FD,normalizedCategory,known,base_cabinet,,derived,unreviewed,51,18424d5f3fc49f84d7a5095bc6d2a169a8d417a16e5d9ca1ee8fd7db1c2bc530
product:B27FD,sku,known,B27FD,,text,unreviewed,51,18424d5f3fc49f84d7a5095bc6d2a169a8d417a16e5d9ca1ee8fd7db1c2bc530
product:B27FD,widthIn,known,27,,derived,unreviewed,51,18424d5f3fc49f84d7a5095bc6d2a169a8d417a16e5d9ca1ee8fd7db1c2bc530
product:B30,depthIn,known,24,,text,unreviewed,52,18424d5f3fc49f84d7a5095bc6d2a169a8d417a16e5d9ca1ee8fd7db1c2bc530
product:B30,heightIn,known,34.5,,text,unreviewed,52,18424d5f3fc49f84d7a5095bc6d2a169a8d417a16e5d9ca1ee8fd7db1c2bc530
product:B30,manufacturerCategory,known,Base Cabinets,,text,unreviewed,52,18424d5f3fc49f84d7a5095bc6d2a169a8d417a16e5d9ca1ee8fd7db1c2bc530
product:B30,normalizedCategory,known,base_cabinet,,derived,unreviewed,52,18424d5f3fc49f84d7a5095bc6d2a169a8d417a16e5d9ca1ee8fd7db1c2bc530
product:B30,sku,known,B30,,text,unreviewed,52,18424d5f3fc49f84d7a5095bc6d2a169a8d417a16e5d9ca1ee8fd7db1c2bc530
product:B30,widthIn,known,30,,derived,unreviewed,52,18424d5f3fc49f84d7a5095bc6d2a169a8d417a16e5d9ca1ee8fd7db1c2bc530
product:B30FD,depthIn,known,24,,text,unreviewed,51,18424d5f3fc49f84d7a5095bc6d2a169a8d417a16e5d9ca1ee8fd7db1c2bc530
product:B30FD,heightIn,known,34.5,,text,unreviewed,51,18424d5f3fc49f84d7a5095bc6d2a169a8d417a16e5d9ca1ee8fd7db1c2bc530
product:B30FD,manufacturerCategory,known,Base Cabinets,,text,unreviewed,51,18424d5f3fc49f84d7a5095bc6d2a169a8d417a16e5d9ca1ee8fd7db1c2bc530
product:B30FD,normalizedCategory,known,base_cabinet,,derived,unreviewed,51,18424d5f3fc49f84d7a5095bc6d2a169a8d417a16e5d9ca1ee8fd7db1c2bc530
product:B30FD,sku,known,B30FD,,text,unreviewed,51,18424d5f3fc49f84d7a5095bc6d2a169a8d417a16e5d9ca1ee8fd7db1c2bc530
product:B30FD,widthIn,known,30,,derived,unreviewed,51,18424d5f3fc49f84d7a5095bc6d2a169a8d417a16e5d9ca1ee8fd7db1c2bc530
product:B33,depthIn,known,24,,text,unreviewed,52,18424d5f3fc49f84d7a5095bc6d2a169a8d417a16e5d9ca1ee8fd7db1c2bc530
product:B33,heightIn,known,34.5,,text,unreviewed,52,18424d5f3fc49f84d7a5095bc6d2a169a8d417a16e5d9ca1ee8fd7db1c2bc530
product:B33,manufacturerCategory,known,Base Cabinets,,text,unreviewed,52,18424d5f3fc49f84d7a5095bc6d2a169a8d417a16e5d9ca1ee8fd7db1c2bc530
product:B33,normalizedCategory,known,base_cabinet,,derived,unreviewed,52,18424d5f3fc49f84d7a5095bc6d2a169a8d417a16e5d9ca1ee8fd7db1c2bc530
product:B33,sku,known,B33,,text,unreviewed,52,18424d5f3fc49f84d7a5095bc6d2a169a8d417a16e5d9ca1ee8fd7db1c2bc530
product:B33,widthIn,known,33,,derived,unreviewed,52,18424d5f3fc49f84d7a5095bc6d2a169a8d417a16e5d9ca1ee8fd7db1c2bc530
product:B33FD,depthIn,known,24,,text,unreviewed,51,18424d5f3fc49f84d7a5095bc6d2a169a8d417a16e5d9ca1ee8fd7db1c2bc530
product:B33FD,heightIn,known,34.5,,text,unreviewed,51,18424d5f3fc49f84d7a5095bc6d2a169a8d417a16e5d9ca1ee8fd7db1c2bc530
product:B33FD,manufacturerCategory,known,Base Cabinets,,text,unreviewed,51,18424d5f3fc49f84d7a5095bc6d2a169a8d417a16e5d9ca1ee8fd7db1c2bc530
product:B33FD,normalizedCategory,known,base_cabinet,,derived,unreviewed,51,18424d5f3fc49f84d7a5095bc6d2a169a8d417a16e5d9ca1ee8fd7db1c2bc530
product:B33FD,sku,known,B33FD,,text,unreviewed,51,18424d5f3fc49f84d7a5095bc6d2a169a8d417a16e5d9ca1ee8fd7db1c2bc530
product:B33FD,widthIn,known,33,,derived,unreviewed,51,18424d5f3fc49f84d7a5095bc6d2a169a8d417a16e5d9ca1ee8fd7db1c2bc530
product:B33SDF,depthIn,known,24,,text,unreviewed,52,18424d5f3fc49f84d7a5095bc6d2a169a8d417a16e5d9ca1ee8fd7db1c2bc530
product:B33SDF,heightIn,known,34.5,,text,unreviewed,52,18424d5f3fc49f84d7a5095bc6d2a169a8d417a16e5d9ca1ee8fd7db1c2bc530
product:B33SDF,manufacturerCategory,known,Base Cabinets,,text,unreviewed,52,18424d5f3fc49f84d7a5095bc6d2a169a8d417a16e5d9ca1ee8fd7db1c2bc530
product:B33SDF,normalizedCategory,known,base_cabinet,,derived,unreviewed,52,18424d5f3fc49f84d7a5095bc6d2a169a8d417a16e5d9ca1ee8fd7db1c2bc530
product:B33SDF,sku,known,B33SDF,,text,unreviewed,52,18424d5f3fc49f84d7a5095bc6d2a169a8d417a16e5d9ca1ee8fd7db1c2bc530
product:B33SDF,widthIn,known,33,,derived,unreviewed,52,18424d5f3fc49f84d7a5095bc6d2a169a8d417a16e5d9ca1ee8fd7db1c2bc530
product:B36,depthIn,known,24,,text,unreviewed,52,18424d5f3fc49f84d7a5095bc6d2a169a8d417a16e5d9ca1ee8fd7db1c2bc530
product:B36,heightIn,known,34.5,,text,unreviewed,52,18424d5f3fc49f84d7a5095bc6d2a169a8d417a16e5d9ca1ee8fd7db1c2bc530
product:B36,manufacturerCategory,known,Base Cabinets,,text,unreviewed,52,18424d5f3fc49f84d7a5095bc6d2a169a8d417a16e5d9ca1ee8fd7db1c2bc530
product:B36,normalizedCategory,known,base_cabinet,,derived,unreviewed,52,18424d5f3fc49f84d7a5095bc6d2a169a8d417a16e5d9ca1ee8fd7db1c2bc530
product:B36,sku,known,B36,,text,unreviewed,52,18424d5f3fc49f84d7a5095bc6d2a169a8d417a16e5d9ca1ee8fd7db1c2bc530
product:B36,widthIn,known,36,,derived,unreviewed,52,18424d5f3fc49f84d7a5095bc6d2a169a8d417a16e5d9ca1ee8fd7db1c2bc530
product:B36FD,depthIn,known,24,,text,unreviewed,51,18424d5f3fc49f84d7a5095bc6d2a169a8d417a16e5d9ca1ee8fd7db1c2bc530
product:B36FD,heightIn,known,34.5,,text,unreviewed,51,18424d5f3fc49f84d7a5095bc6d2a169a8d417a16e5d9ca1ee8fd7db1c2bc530
product:B36FD,manufacturerCategory,known,Base Cabinets,,text,unreviewed,51,18424d5f3fc49f84d7a5095bc6d2a169a8d417a16e5d9ca1ee8fd7db1c2bc530
product:B36FD,normalizedCategory,known,base_cabinet,,derived,unreviewed,51,18424d5f3fc49f84d7a5095bc6d2a169a8d417a16e5d9ca1ee8fd7db1c2bc530
product:B36FD,sku,known,B36FD,,text,unreviewed,51,18424d5f3fc49f84d7a5095bc6d2a169a8d417a16e5d9ca1ee8fd7db1c2bc530
product:B36FD,widthIn,known,36,,derived,unreviewed,51,18424d5f3fc49f84d7a5095bc6d2a169a8d417a16e5d9ca1ee8fd7db1c2bc530
product:B36SDF,depthIn,known,24,,text,unreviewed,52,18424d5f3fc49f84d7a5095bc6d2a169a8d417a16e5d9ca1ee8fd7db1c2bc530
product:B36SDF,heightIn,known,34.5,,text,unreviewed,52,18424d5f3fc49f84d7a5095bc6d2a169a8d417a16e5d9ca1ee8fd7db1c2bc530
product:B36SDF,manufacturerCategory,known,Base Cabinets,,text,unreviewed,52,18424d5f3fc49f84d7a5095bc6d2a169a8d417a16e5d9ca1ee8fd7db1c2bc530
product:B36SDF,normalizedCategory,known,base_cabinet,,derived,unreviewed,52,18424d5f3fc49f84d7a5095bc6d2a169a8d417a16e5d9ca1ee8fd7db1c2bc530
product:B36SDF,sku,known,B36SDF,,text,unreviewed,52,18424d5f3fc49f84d7a5095bc6d2a169a8d417a16e5d9ca1ee8fd7db1c2bc530
product:B36SDF,widthIn,known,36,,derived,unreviewed,52,18424d5f3fc49f84d7a5095bc6d2a169a8d417a16e5d9ca1ee8fd7db1c2bc530
product:B39,depthIn,known,24,,text,unreviewed,52,18424d5f3fc49f84d7a5095bc6d2a169a8d417a16e5d9ca1ee8fd7db1c2bc530
product:B39,heightIn,known,34.5,,text,unreviewed,52,18424d5f3fc49f84d7a5095bc6d2a169a8d417a16e5d9ca1ee8fd7db1c2bc530
product:B39,manufacturerCategory,known,Base Cabinets,,text,unreviewed,52,18424d5f3fc49f84d7a5095bc6d2a169a8d417a16e5d9ca1ee8fd7db1c2bc530
product:B39,normalizedCategory,known,base_cabinet,,derived,unreviewed,52,18424d5f3fc49f84d7a5095bc6d2a169a8d417a16e5d9ca1ee8fd7db1c2bc530
product:B39,sku,known,B39,,text,unreviewed,52,18424d5f3fc49f84d7a5095bc6d2a169a8d417a16e5d9ca1ee8fd7db1c2bc530
product:B39,widthIn,known,39,,derived,unreviewed,52,18424d5f3fc49f84d7a5095bc6d2a169a8d417a16e5d9ca1ee8fd7db1c2bc530
product:B39FD,depthIn,known,24,,text,unreviewed,51,18424d5f3fc49f84d7a5095bc6d2a169a8d417a16e5d9ca1ee8fd7db1c2bc530
product:B39FD,heightIn,known,34.5,,text,unreviewed,51,18424d5f3fc49f84d7a5095bc6d2a169a8d417a16e5d9ca1ee8fd7db1c2bc530
product:B39FD,manufacturerCategory,known,Base Cabinets,,text,unreviewed,51,18424d5f3fc49f84d7a5095bc6d2a169a8d417a16e5d9ca1ee8fd7db1c2bc530
product:B39FD,normalizedCategory,known,base_cabinet,,derived,unreviewed,51,18424d5f3fc49f84d7a5095bc6d2a169a8d417a16e5d9ca1ee8fd7db1c2bc530
product:B39FD,sku,known,B39FD,,text,unreviewed,51,18424d5f3fc49f84d7a5095bc6d2a169a8d417a16e5d9ca1ee8fd7db1c2bc530
product:B39FD,widthIn,known,39,,derived,unreviewed,51,18424d5f3fc49f84d7a5095bc6d2a169a8d417a16e5d9ca1ee8fd7db1c2bc530
product:B42,depthIn,known,24,,text,unreviewed,52,18424d5f3fc49f84d7a5095bc6d2a169a8d417a16e5d9ca1ee8fd7db1c2bc530
product:B42,heightIn,known,34.5,,text,unreviewed,52,18424d5f3fc49f84d7a5095bc6d2a169a8d417a16e5d9ca1ee8fd7db1c2bc530
product:B42,manufacturerCategory,known,Base Cabinets,,text,unreviewed,52,18424d5f3fc49f84d7a5095bc6d2a169a8d417a16e5d9ca1ee8fd7db1c2bc530
product:B42,normalizedCategory,known,base_cabinet,,derived,unreviewed,52,18424d5f3fc49f84d7a5095bc6d2a169a8d417a16e5d9ca1ee8fd7db1c2bc530
product:B42,sku,known,B42,,text,unreviewed,52,18424d5f3fc49f84d7a5095bc6d2a169a8d417a16e5d9ca1ee8fd7db1c2bc530
product:B42,widthIn,known,42,,derived,unreviewed,52,18424d5f3fc49f84d7a5095bc6d2a169a8d417a16e5d9ca1ee8fd7db1c2bc530
product:B48,depthIn,known,24,,text,unreviewed,52,18424d5f3fc49f84d7a5095bc6d2a169a8d417a16e5d9ca1ee8fd7db1c2bc530
product:B48,heightIn,known,34.5,,text,unreviewed,52,18424d5f3fc49f84d7a5095bc6d2a169a8d417a16e5d9ca1ee8fd7db1c2bc530
product:B48,manufacturerCategory,known,Base Cabinets,,text,unreviewed,52,18424d5f3fc49f84d7a5095bc6d2a169a8d417a16e5d9ca1ee8fd7db1c2bc530
product:B48,normalizedCategory,known,base_cabinet,,derived,unreviewed,52,18424d5f3fc49f84d7a5095bc6d2a169a8d417a16e5d9ca1ee8fd7db1c2bc530
product:B48,sku,known,B48,,text,unreviewed,52,18424d5f3fc49f84d7a5095bc6d2a169a8d417a16e5d9ca1ee8fd7db1c2bc530
product:B48,widthIn,known,48,,derived,unreviewed,52,18424d5f3fc49f84d7a5095bc6d2a169a8d417a16e5d9ca1ee8fd7db1c2bc530
product:BEP,sku,known,BEP,,text,unreviewed,103,18424d5f3fc49f84d7a5095bc6d2a169a8d417a16e5d9ca1ee8fd7db1c2bc530
product:BEP,manufacturerCategory,known,Panels,,text,unreviewed,103,18424d5f3fc49f84d7a5095bc6d2a169a8d417a16e5d9ca1ee8fd7db1c2bc530
product:BEP,normalizedCategory,known,panel,,derived,unreviewed,103,18424d5f3fc49f84d7a5095bc6d2a169a8d417a16e5d9ca1ee8fd7db1c2bc530
product:BEP,widthIn,known,24,,vision,unreviewed,103,18424d5f3fc49f84d7a5095bc6d2a169a8d417a16e5d9ca1ee8fd7db1c2bc530
product:BEP,heightIn,known,34.5,,vision,unreviewed,103,18424d5f3fc49f84d7a5095bc6d2a169a8d417a16e5d9ca1ee8fd7db1c2bc530
product:BEP,thicknessIn,known,0.75,,vision,unreviewed,103,18424d5f3fc49f84d7a5095bc6d2a169a8d417a16e5d9ca1ee8fd7db1c2bc530
product:BF3,sku,known,BF3,,text,unreviewed,91,18424d5f3fc49f84d7a5095bc6d2a169a8d417a16e5d9ca1ee8fd7db1c2bc530
product:BF3,manufacturerCategory,known,Fillers,,text,unreviewed,91,18424d5f3fc49f84d7a5095bc6d2a169a8d417a16e5d9ca1ee8fd7db1c2bc530
product:BF3,normalizedCategory,known,filler,,derived,unreviewed,91,18424d5f3fc49f84d7a5095bc6d2a169a8d417a16e5d9ca1ee8fd7db1c2bc530
product:BF3,widthIn,unknown,,No explicit per-SKU dimension mapping/thickness; do not infer from SKU digits or unrelated material specifications.,text,unreviewed,91,18424d5f3fc49f84d7a5095bc6d2a169a8d417a16e5d9ca1ee8fd7db1c2bc530
product:BF3,heightIn,known,29.875,,vision,unreviewed,91,18424d5f3fc49f84d7a5095bc6d2a169a8d417a16e5d9ca1ee8fd7db1c2bc530
product:BF3,thicknessIn,unknown,,No explicit per-SKU dimension mapping/thickness; do not infer from SKU digits or unrelated material specifications.,text,unreviewed,91,18424d5f3fc49f84d7a5095bc6d2a169a8d417a16e5d9ca1ee8fd7db1c2bc530
product:BF3,finishedSurfaces,known,Long edges and front face,,text,unreviewed,91,18424d5f3fc49f84d7a5095bc6d2a169a8d417a16e5d9ca1ee8fd7db1c2bc530
product:BF6,sku,known,BF6,,text,unreviewed,91,18424d5f3fc49f84d7a5095bc6d2a169a8d417a16e5d9ca1ee8fd7db1c2bc530
product:BF6,manufacturerCategory,known,Fillers,,text,unreviewed,91,18424d5f3fc49f84d7a5095bc6d2a169a8d417a16e5d9ca1ee8fd7db1c2bc530
product:BF6,normalizedCategory,known,filler,,derived,unreviewed,91,18424d5f3fc49f84d7a5095bc6d2a169a8d417a16e5d9ca1ee8fd7db1c2bc530
product:BF6,widthIn,unknown,,No explicit per-SKU dimension mapping/thickness; do not infer from SKU digits or unrelated material specifications.,text,unreviewed,91,18424d5f3fc49f84d7a5095bc6d2a169a8d417a16e5d9ca1ee8fd7db1c2bc530
product:BF6,heightIn,known,29.875,,vision,unreviewed,91,18424d5f3fc49f84d7a5095bc6d2a169a8d417a16e5d9ca1ee8fd7db1c2bc530
product:BF6,thicknessIn,unknown,,No explicit per-SKU dimension mapping/thickness; do not infer from SKU digits or unrelated material specifications.,text,unreviewed,91,18424d5f3fc49f84d7a5095bc6d2a169a8d417a16e5d9ca1ee8fd7db1c2bc530
product:BF6,finishedSurfaces,known,Long edges and front face,,text,unreviewed,91,18424d5f3fc49f84d7a5095bc6d2a169a8d417a16e5d9ca1ee8fd7db1c2bc530
product:CM-1,lengthIn,known,96,,vision,unreviewed,97,18424d5f3fc49f84d7a5095bc6d2a169a8d417a16e5d9ca1ee8fd7db1c2bc530
product:CM-1,manufacturerCategory,known,Moldings (8'),,text,unreviewed,97,18424d5f3fc49f84d7a5095bc6d2a169a8d417a16e5d9ca1ee8fd7db1c2bc530
product:CM-1,normalizedCategory,known,molding,,derived,unreviewed,97,18424d5f3fc49f84d7a5095bc6d2a169a8d417a16e5d9ca1ee8fd7db1c2bc530
product:CM-1,sku,known,CM-1,,text,unreviewed,97,18424d5f3fc49f84d7a5095bc6d2a169a8d417a16e5d9ca1ee8fd7db1c2bc530
product:CM-1,profileWidthIn,known,2.875,,vision,unreviewed,97,18424d5f3fc49f84d7a5095bc6d2a169a8d417a16e5d9ca1ee8fd7db1c2bc530
product:CM-1,profileHeightIn,known,2.125,,vision,unreviewed,97,18424d5f3fc49f84d7a5095bc6d2a169a8d417a16e5d9ca1ee8fd7db1c2bc530
product:CM-3,lengthIn,known,96,,vision,unreviewed,97,18424d5f3fc49f84d7a5095bc6d2a169a8d417a16e5d9ca1ee8fd7db1c2bc530
product:CM-3,manufacturerCategory,known,Moldings (8'),,text,unreviewed,97,18424d5f3fc49f84d7a5095bc6d2a169a8d417a16e5d9ca1ee8fd7db1c2bc530
product:CM-3,normalizedCategory,known,molding,,derived,unreviewed,97,18424d5f3fc49f84d7a5095bc6d2a169a8d417a16e5d9ca1ee8fd7db1c2bc530
product:CM-3,sku,known,CM-3,,text,unreviewed,97,18424d5f3fc49f84d7a5095bc6d2a169a8d417a16e5d9ca1ee8fd7db1c2bc530
product:CM-3,profileWidthIn,known,2.125,,vision,unreviewed,97,18424d5f3fc49f84d7a5095bc6d2a169a8d417a16e5d9ca1ee8fd7db1c2bc530
product:CM-3,profileHeightIn,known,2.125,,vision,unreviewed,97,18424d5f3fc49f84d7a5095bc6d2a169a8d417a16e5d9ca1ee8fd7db1c2bc530
product:CM-4,lengthIn,known,96,,vision,unreviewed,97,18424d5f3fc49f84d7a5095bc6d2a169a8d417a16e5d9ca1ee8fd7db1c2bc530
product:CM-4,manufacturerCategory,known,Moldings (8'),,text,unreviewed,97,18424d5f3fc49f84d7a5095bc6d2a169a8d417a16e5d9ca1ee8fd7db1c2bc530
product:CM-4,normalizedCategory,known,molding,,derived,unreviewed,97,18424d5f3fc49f84d7a5095bc6d2a169a8d417a16e5d9ca1ee8fd7db1c2bc530
product:CM-4,sku,known,CM-4,,text,unreviewed,97,18424d5f3fc49f84d7a5095bc6d2a169a8d417a16e5d9ca1ee8fd7db1c2bc530
product:CM-4,profileWidthIn,known,2.625,,vision,unreviewed,97,18424d5f3fc49f84d7a5095bc6d2a169a8d417a16e5d9ca1ee8fd7db1c2bc530
product:CM-4,profileHeightIn,known,2.625,,vision,unreviewed,97,18424d5f3fc49f84d7a5095bc6d2a169a8d417a16e5d9ca1ee8fd7db1c2bc530
product:CM-6,lengthIn,known,96,,vision,unreviewed,97,18424d5f3fc49f84d7a5095bc6d2a169a8d417a16e5d9ca1ee8fd7db1c2bc530
product:CM-6,manufacturerCategory,known,Moldings (8'),,text,unreviewed,97,18424d5f3fc49f84d7a5095bc6d2a169a8d417a16e5d9ca1ee8fd7db1c2bc530
product:CM-6,normalizedCategory,known,molding,,derived,unreviewed,97,18424d5f3fc49f84d7a5095bc6d2a169a8d417a16e5d9ca1ee8fd7db1c2bc530
product:CM-6,sku,known,CM-6,,text,unreviewed,97,18424d5f3fc49f84d7a5095bc6d2a169a8d417a16e5d9ca1ee8fd7db1c2bc530
product:CM-6,profileWidthIn,known,2.5,,vision,unreviewed,97,18424d5f3fc49f84d7a5095bc6d2a169a8d417a16e5d9ca1ee8fd7db1c2bc530
product:CM-6,profileHeightIn,known,3.375,,vision,unreviewed,97,18424d5f3fc49f84d7a5095bc6d2a169a8d417a16e5d9ca1ee8fd7db1c2bc530
product:DB12,depthIn,known,24,,text,unreviewed,52,18424d5f3fc49f84d7a5095bc6d2a169a8d417a16e5d9ca1ee8fd7db1c2bc530
product:DB12,heightIn,known,34.5,,text,unreviewed,52,18424d5f3fc49f84d7a5095bc6d2a169a8d417a16e5d9ca1ee8fd7db1c2bc530
product:DB12,manufacturerCategory,known,Base Cabinets,,text,unreviewed,52,18424d5f3fc49f84d7a5095bc6d2a169a8d417a16e5d9ca1ee8fd7db1c2bc530
product:DB12,normalizedCategory,known,base_cabinet,,derived,unreviewed,52,18424d5f3fc49f84d7a5095bc6d2a169a8d417a16e5d9ca1ee8fd7db1c2bc530
product:DB12,sku,known,DB12,,text,unreviewed,52,18424d5f3fc49f84d7a5095bc6d2a169a8d417a16e5d9ca1ee8fd7db1c2bc530
product:DB12,widthIn,known,12,,derived,unreviewed,52,18424d5f3fc49f84d7a5095bc6d2a169a8d417a16e5d9ca1ee8fd7db1c2bc530
product:DB15,depthIn,known,24,,text,unreviewed,52,18424d5f3fc49f84d7a5095bc6d2a169a8d417a16e5d9ca1ee8fd7db1c2bc530
product:DB15,heightIn,known,34.5,,text,unreviewed,52,18424d5f3fc49f84d7a5095bc6d2a169a8d417a16e5d9ca1ee8fd7db1c2bc530
product:DB15,manufacturerCategory,known,Base Cabinets,,text,unreviewed,52,18424d5f3fc49f84d7a5095bc6d2a169a8d417a16e5d9ca1ee8fd7db1c2bc530
product:DB15,normalizedCategory,known,base_cabinet,,derived,unreviewed,52,18424d5f3fc49f84d7a5095bc6d2a169a8d417a16e5d9ca1ee8fd7db1c2bc530
product:DB15,sku,known,DB15,,text,unreviewed,52,18424d5f3fc49f84d7a5095bc6d2a169a8d417a16e5d9ca1ee8fd7db1c2bc530
product:DB15,widthIn,known,15,,derived,unreviewed,52,18424d5f3fc49f84d7a5095bc6d2a169a8d417a16e5d9ca1ee8fd7db1c2bc530
product:DB18,depthIn,known,24,,text,unreviewed,52,18424d5f3fc49f84d7a5095bc6d2a169a8d417a16e5d9ca1ee8fd7db1c2bc530
product:DB18,heightIn,known,34.5,,text,unreviewed,52,18424d5f3fc49f84d7a5095bc6d2a169a8d417a16e5d9ca1ee8fd7db1c2bc530
product:DB18,manufacturerCategory,known,Base Cabinets,,text,unreviewed,52,18424d5f3fc49f84d7a5095bc6d2a169a8d417a16e5d9ca1ee8fd7db1c2bc530
product:DB18,normalizedCategory,known,base_cabinet,,derived,unreviewed,52,18424d5f3fc49f84d7a5095bc6d2a169a8d417a16e5d9ca1ee8fd7db1c2bc530
product:DB18,sku,known,DB18,,text,unreviewed,52,18424d5f3fc49f84d7a5095bc6d2a169a8d417a16e5d9ca1ee8fd7db1c2bc530
product:DB18,widthIn,known,18,,derived,unreviewed,52,18424d5f3fc49f84d7a5095bc6d2a169a8d417a16e5d9ca1ee8fd7db1c2bc530
product:DB21,depthIn,known,24,,text,unreviewed,52,18424d5f3fc49f84d7a5095bc6d2a169a8d417a16e5d9ca1ee8fd7db1c2bc530
product:DB21,heightIn,known,34.5,,text,unreviewed,52,18424d5f3fc49f84d7a5095bc6d2a169a8d417a16e5d9ca1ee8fd7db1c2bc530
product:DB21,manufacturerCategory,known,Base Cabinets,,text,unreviewed,52,18424d5f3fc49f84d7a5095bc6d2a169a8d417a16e5d9ca1ee8fd7db1c2bc530
product:DB21,normalizedCategory,known,base_cabinet,,derived,unreviewed,52,18424d5f3fc49f84d7a5095bc6d2a169a8d417a16e5d9ca1ee8fd7db1c2bc530
product:DB21,sku,known,DB21,,text,unreviewed,52,18424d5f3fc49f84d7a5095bc6d2a169a8d417a16e5d9ca1ee8fd7db1c2bc530
product:DB21,widthIn,known,21,,derived,unreviewed,52,18424d5f3fc49f84d7a5095bc6d2a169a8d417a16e5d9ca1ee8fd7db1c2bc530
product:DB24,depthIn,known,24,,text,unreviewed,52,18424d5f3fc49f84d7a5095bc6d2a169a8d417a16e5d9ca1ee8fd7db1c2bc530
product:DB24,heightIn,known,34.5,,text,unreviewed,52,18424d5f3fc49f84d7a5095bc6d2a169a8d417a16e5d9ca1ee8fd7db1c2bc530
product:DB24,manufacturerCategory,known,Base Cabinets,,text,unreviewed,52,18424d5f3fc49f84d7a5095bc6d2a169a8d417a16e5d9ca1ee8fd7db1c2bc530
product:DB24,normalizedCategory,known,base_cabinet,,derived,unreviewed,52,18424d5f3fc49f84d7a5095bc6d2a169a8d417a16e5d9ca1ee8fd7db1c2bc530
product:DB24,sku,known,DB24,,text,unreviewed,52,18424d5f3fc49f84d7a5095bc6d2a169a8d417a16e5d9ca1ee8fd7db1c2bc530
product:DB24,widthIn,known,24,,derived,unreviewed,52,18424d5f3fc49f84d7a5095bc6d2a169a8d417a16e5d9ca1ee8fd7db1c2bc530
product:DB27,depthIn,known,24,,text,unreviewed,52,18424d5f3fc49f84d7a5095bc6d2a169a8d417a16e5d9ca1ee8fd7db1c2bc530
product:DB27,heightIn,known,34.5,,text,unreviewed,52,18424d5f3fc49f84d7a5095bc6d2a169a8d417a16e5d9ca1ee8fd7db1c2bc530
product:DB27,manufacturerCategory,known,Base Cabinets,,text,unreviewed,52,18424d5f3fc49f84d7a5095bc6d2a169a8d417a16e5d9ca1ee8fd7db1c2bc530
product:DB27,normalizedCategory,known,base_cabinet,,derived,unreviewed,52,18424d5f3fc49f84d7a5095bc6d2a169a8d417a16e5d9ca1ee8fd7db1c2bc530
product:DB27,sku,known,DB27,,text,unreviewed,52,18424d5f3fc49f84d7a5095bc6d2a169a8d417a16e5d9ca1ee8fd7db1c2bc530
product:DB27,widthIn,known,27,,derived,unreviewed,52,18424d5f3fc49f84d7a5095bc6d2a169a8d417a16e5d9ca1ee8fd7db1c2bc530
product:DB30,depthIn,known,24,,text,unreviewed,52,18424d5f3fc49f84d7a5095bc6d2a169a8d417a16e5d9ca1ee8fd7db1c2bc530
product:DB30,heightIn,known,34.5,,text,unreviewed,52,18424d5f3fc49f84d7a5095bc6d2a169a8d417a16e5d9ca1ee8fd7db1c2bc530
product:DB30,manufacturerCategory,known,Base Cabinets,,text,unreviewed,52,18424d5f3fc49f84d7a5095bc6d2a169a8d417a16e5d9ca1ee8fd7db1c2bc530
product:DB30,normalizedCategory,known,base_cabinet,,derived,unreviewed,52,18424d5f3fc49f84d7a5095bc6d2a169a8d417a16e5d9ca1ee8fd7db1c2bc530
product:DB30,sku,known,DB30,,text,unreviewed,52,18424d5f3fc49f84d7a5095bc6d2a169a8d417a16e5d9ca1ee8fd7db1c2bc530
product:DB30,widthIn,known,30,,derived,unreviewed,52,18424d5f3fc49f84d7a5095bc6d2a169a8d417a16e5d9ca1ee8fd7db1c2bc530
product:DB33,depthIn,known,24,,text,unreviewed,52,18424d5f3fc49f84d7a5095bc6d2a169a8d417a16e5d9ca1ee8fd7db1c2bc530
product:DB33,heightIn,known,34.5,,text,unreviewed,52,18424d5f3fc49f84d7a5095bc6d2a169a8d417a16e5d9ca1ee8fd7db1c2bc530
product:DB33,manufacturerCategory,known,Base Cabinets,,text,unreviewed,52,18424d5f3fc49f84d7a5095bc6d2a169a8d417a16e5d9ca1ee8fd7db1c2bc530
product:DB33,normalizedCategory,known,base_cabinet,,derived,unreviewed,52,18424d5f3fc49f84d7a5095bc6d2a169a8d417a16e5d9ca1ee8fd7db1c2bc530
product:DB33,sku,known,DB33,,text,unreviewed,52,18424d5f3fc49f84d7a5095bc6d2a169a8d417a16e5d9ca1ee8fd7db1c2bc530
product:DB33,widthIn,known,33,,derived,unreviewed,52,18424d5f3fc49f84d7a5095bc6d2a169a8d417a16e5d9ca1ee8fd7db1c2bc530
product:DB36,depthIn,known,24,,text,unreviewed,52,18424d5f3fc49f84d7a5095bc6d2a169a8d417a16e5d9ca1ee8fd7db1c2bc530
product:DB36,heightIn,known,34.5,,text,unreviewed,52,18424d5f3fc49f84d7a5095bc6d2a169a8d417a16e5d9ca1ee8fd7db1c2bc530
product:DB36,manufacturerCategory,known,Base Cabinets,,text,unreviewed,52,18424d5f3fc49f84d7a5095bc6d2a169a8d417a16e5d9ca1ee8fd7db1c2bc530
product:DB36,normalizedCategory,known,base_cabinet,,derived,unreviewed,52,18424d5f3fc49f84d7a5095bc6d2a169a8d417a16e5d9ca1ee8fd7db1c2bc530
product:DB36,sku,known,DB36,,text,unreviewed,52,18424d5f3fc49f84d7a5095bc6d2a169a8d417a16e5d9ca1ee8fd7db1c2bc530
product:DB36,widthIn,known,36,,derived,unreviewed,52,18424d5f3fc49f84d7a5095bc6d2a169a8d417a16e5d9ca1ee8fd7db1c2bc530
product:DS GDW1530,sku,known,DS GDW1530,,text,unreviewed,33,18424d5f3fc49f84d7a5095bc6d2a169a8d417a16e5d9ca1ee8fd7db1c2bc530
product:DS GDW1530,manufacturerCategory,known,Glass Doors,,text,unreviewed,33,18424d5f3fc49f84d7a5095bc6d2a169a8d417a16e5d9ca1ee8fd7db1c2bc530
product:DS GDW1530,normalizedCategory,known,accessory,,derived,unreviewed,33,18424d5f3fc49f84d7a5095bc6d2a169a8d417a16e5d9ca1ee8fd7db1c2bc530
product:DS GDW1530,glassType,known,clear,,text,unreviewed,33,18424d5f3fc49f84d7a5095bc6d2a169a8d417a16e5d9ca1ee8fd7db1c2bc530
product:DS GDW1530,glassPreinstalled,known,True,,text,unreviewed,33,18424d5f3fc49f84d7a5095bc6d2a169a8d417a16e5d9ca1ee8fd7db1c2bc530
product:DS GDW1530,setQuantityPolicy,known,Necessary door quantity for the cabinet,,text,unreviewed,33,18424d5f3fc49f84d7a5095bc6d2a169a8d417a16e5d9ca1ee8fd7db1c2bc530
product:DS GDW1530,widthIn,unknown,,Actual door width is not supplied by a per-SKU dimension table.,text,unreviewed,33,18424d5f3fc49f84d7a5095bc6d2a169a8d417a16e5d9ca1ee8fd7db1c2bc530
product:DS GDW1530,heightIn,unknown,,Drawing shows multiple heights without an unambiguous mapping to every door-set SKU; host SKU dimensions are not door dimensions.,text,unreviewed,33,18424d5f3fc49f84d7a5095bc6d2a169a8d417a16e5d9ca1ee8fd7db1c2bc530
product:DS GDW1530,depthIn,unknown,,"Required by the installation geometry policy. Overall product dimension is not established by reviewed evidence; host size, tray diameter or mixer shelf dimensions are not overall dimensions.",text,unreviewed,33,18424d5f3fc49f84d7a5095bc6d2a169a8d417a16e5d9ca1ee8fd7db1c2bc530
product:DS GDW1536,sku,known,DS GDW1536,,text,unreviewed,33,18424d5f3fc49f84d7a5095bc6d2a169a8d417a16e5d9ca1ee8fd7db1c2bc530
product:DS GDW1536,manufacturerCategory,known,Glass Doors,,text,unreviewed,33,18424d5f3fc49f84d7a5095bc6d2a169a8d417a16e5d9ca1ee8fd7db1c2bc530
product:DS GDW1536,normalizedCategory,known,accessory,,derived,unreviewed,33,18424d5f3fc49f84d7a5095bc6d2a169a8d417a16e5d9ca1ee8fd7db1c2bc530
product:DS GDW1536,glassType,known,clear,,text,unreviewed,33,18424d5f3fc49f84d7a5095bc6d2a169a8d417a16e5d9ca1ee8fd7db1c2bc530
product:DS GDW1536,glassPreinstalled,known,True,,text,unreviewed,33,18424d5f3fc49f84d7a5095bc6d2a169a8d417a16e5d9ca1ee8fd7db1c2bc530
product:DS GDW1536,setQuantityPolicy,known,Necessary door quantity for the cabinet,,text,unreviewed,33,18424d5f3fc49f84d7a5095bc6d2a169a8d417a16e5d9ca1ee8fd7db1c2bc530
product:DS GDW1536,widthIn,unknown,,Actual door width is not supplied by a per-SKU dimension table.,text,unreviewed,33,18424d5f3fc49f84d7a5095bc6d2a169a8d417a16e5d9ca1ee8fd7db1c2bc530
product:DS GDW1536,heightIn,unknown,,Drawing shows multiple heights without an unambiguous mapping to every door-set SKU; host SKU dimensions are not door dimensions.,text,unreviewed,33,18424d5f3fc49f84d7a5095bc6d2a169a8d417a16e5d9ca1ee8fd7db1c2bc530
product:DS GDW1536,depthIn,unknown,,"Required by the installation geometry policy. Overall product dimension is not established by reviewed evidence; host size, tray diameter or mixer shelf dimensions are not overall dimensions.",text,unreviewed,33,18424d5f3fc49f84d7a5095bc6d2a169a8d417a16e5d9ca1ee8fd7db1c2bc530
product:DS GDW1539,sku,known,DS GDW1539,,text,unreviewed,33,18424d5f3fc49f84d7a5095bc6d2a169a8d417a16e5d9ca1ee8fd7db1c2bc530
product:DS GDW1539,manufacturerCategory,known,Glass Doors,,text,unreviewed,33,18424d5f3fc49f84d7a5095bc6d2a169a8d417a16e5d9ca1ee8fd7db1c2bc530
product:DS GDW1539,normalizedCategory,known,accessory,,derived,unreviewed,33,18424d5f3fc49f84d7a5095bc6d2a169a8d417a16e5d9ca1ee8fd7db1c2bc530
product:DS GDW1539,glassType,known,clear,,text,unreviewed,33,18424d5f3fc49f84d7a5095bc6d2a169a8d417a16e5d9ca1ee8fd7db1c2bc530
product:DS GDW1539,glassPreinstalled,known,True,,text,unreviewed,33,18424d5f3fc49f84d7a5095bc6d2a169a8d417a16e5d9ca1ee8fd7db1c2bc530
product:DS GDW1539,setQuantityPolicy,known,Necessary door quantity for the cabinet,,text,unreviewed,33,18424d5f3fc49f84d7a5095bc6d2a169a8d417a16e5d9ca1ee8fd7db1c2bc530
product:DS GDW1539,widthIn,unknown,,Actual door width is not supplied by a per-SKU dimension table.,text,unreviewed,33,18424d5f3fc49f84d7a5095bc6d2a169a8d417a16e5d9ca1ee8fd7db1c2bc530
product:DS GDW1539,heightIn,unknown,,Drawing shows multiple heights without an unambiguous mapping to every door-set SKU; host SKU dimensions are not door dimensions.,text,unreviewed,33,18424d5f3fc49f84d7a5095bc6d2a169a8d417a16e5d9ca1ee8fd7db1c2bc530
product:DS GDW1539,depthIn,unknown,,"Required by the installation geometry policy. Overall product dimension is not established by reviewed evidence; host size, tray diameter or mixer shelf dimensions are not overall dimensions.",text,unreviewed,33,18424d5f3fc49f84d7a5095bc6d2a169a8d417a16e5d9ca1ee8fd7db1c2bc530
product:DS GDW1542,sku,known,DS GDW1542,,text,unreviewed,33,18424d5f3fc49f84d7a5095bc6d2a169a8d417a16e5d9ca1ee8fd7db1c2bc530
product:DS GDW1542,manufacturerCategory,known,Glass Doors,,text,unreviewed,33,18424d5f3fc49f84d7a5095bc6d2a169a8d417a16e5d9ca1ee8fd7db1c2bc530
product:DS GDW1542,normalizedCategory,known,accessory,,derived,unreviewed,33,18424d5f3fc49f84d7a5095bc6d2a169a8d417a16e5d9ca1ee8fd7db1c2bc530
product:DS GDW1542,glassType,known,clear,,text,unreviewed,33,18424d5f3fc49f84d7a5095bc6d2a169a8d417a16e5d9ca1ee8fd7db1c2bc530
product:DS GDW1542,glassPreinstalled,known,True,,text,unreviewed,33,18424d5f3fc49f84d7a5095bc6d2a169a8d417a16e5d9ca1ee8fd7db1c2bc530
product:DS GDW1542,setQuantityPolicy,known,Necessary door quantity for the cabinet,,text,unreviewed,33,18424d5f3fc49f84d7a5095bc6d2a169a8d417a16e5d9ca1ee8fd7db1c2bc530
product:DS GDW1542,widthIn,unknown,,Actual door width is not supplied by a per-SKU dimension table.,text,unreviewed,33,18424d5f3fc49f84d7a5095bc6d2a169a8d417a16e5d9ca1ee8fd7db1c2bc530
product:DS GDW1542,heightIn,unknown,,Drawing shows multiple heights without an unambiguous mapping to every door-set SKU; host SKU dimensions are not door dimensions.,text,unreviewed,33,18424d5f3fc49f84d7a5095bc6d2a169a8d417a16e5d9ca1ee8fd7db1c2bc530
product:DS GDW1542,depthIn,unknown,,"Required by the installation geometry policy. Overall product dimension is not established by reviewed evidence; host size, tray diameter or mixer shelf dimensions are not overall dimensions.",text,unreviewed,33,18424d5f3fc49f84d7a5095bc6d2a169a8d417a16e5d9ca1ee8fd7db1c2bc530
product:DS GDW1830,sku,known,DS GDW1830,,text,unreviewed,33,18424d5f3fc49f84d7a5095bc6d2a169a8d417a16e5d9ca1ee8fd7db1c2bc530
product:DS GDW1830,manufacturerCategory,known,Glass Doors,,text,unreviewed,33,18424d5f3fc49f84d7a5095bc6d2a169a8d417a16e5d9ca1ee8fd7db1c2bc530
product:DS GDW1830,normalizedCategory,known,accessory,,derived,unreviewed,33,18424d5f3fc49f84d7a5095bc6d2a169a8d417a16e5d9ca1ee8fd7db1c2bc530
product:DS GDW1830,glassType,known,clear,,text,unreviewed,33,18424d5f3fc49f84d7a5095bc6d2a169a8d417a16e5d9ca1ee8fd7db1c2bc530
product:DS GDW1830,glassPreinstalled,known,True,,text,unreviewed,33,18424d5f3fc49f84d7a5095bc6d2a169a8d417a16e5d9ca1ee8fd7db1c2bc530
product:DS GDW1830,setQuantityPolicy,known,Necessary door quantity for the cabinet,,text,unreviewed,33,18424d5f3fc49f84d7a5095bc6d2a169a8d417a16e5d9ca1ee8fd7db1c2bc530
product:DS GDW1830,widthIn,unknown,,Actual door width is not supplied by a per-SKU dimension table.,text,unreviewed,33,18424d5f3fc49f84d7a5095bc6d2a169a8d417a16e5d9ca1ee8fd7db1c2bc530
product:DS GDW1830,heightIn,unknown,,Drawing shows multiple heights without an unambiguous mapping to every door-set SKU; host SKU dimensions are not door dimensions.,text,unreviewed,33,18424d5f3fc49f84d7a5095bc6d2a169a8d417a16e5d9ca1ee8fd7db1c2bc530
product:DS GDW1830,depthIn,unknown,,"Required by the installation geometry policy. Overall product dimension is not established by reviewed evidence; host size, tray diameter or mixer shelf dimensions are not overall dimensions.",text,unreviewed,33,18424d5f3fc49f84d7a5095bc6d2a169a8d417a16e5d9ca1ee8fd7db1c2bc530
product:DS GDW1836,sku,known,DS GDW1836,,text,unreviewed,33,18424d5f3fc49f84d7a5095bc6d2a169a8d417a16e5d9ca1ee8fd7db1c2bc530
product:DS GDW1836,manufacturerCategory,known,Glass Doors,,text,unreviewed,33,18424d5f3fc49f84d7a5095bc6d2a169a8d417a16e5d9ca1ee8fd7db1c2bc530
product:DS GDW1836,normalizedCategory,known,accessory,,derived,unreviewed,33,18424d5f3fc49f84d7a5095bc6d2a169a8d417a16e5d9ca1ee8fd7db1c2bc530
product:DS GDW1836,glassType,known,clear,,text,unreviewed,33,18424d5f3fc49f84d7a5095bc6d2a169a8d417a16e5d9ca1ee8fd7db1c2bc530
product:DS GDW1836,glassPreinstalled,known,True,,text,unreviewed,33,18424d5f3fc49f84d7a5095bc6d2a169a8d417a16e5d9ca1ee8fd7db1c2bc530
product:DS GDW1836,setQuantityPolicy,known,Necessary door quantity for the cabinet,,text,unreviewed,33,18424d5f3fc49f84d7a5095bc6d2a169a8d417a16e5d9ca1ee8fd7db1c2bc530
product:DS GDW1836,widthIn,unknown,,Actual door width is not supplied by a per-SKU dimension table.,text,unreviewed,33,18424d5f3fc49f84d7a5095bc6d2a169a8d417a16e5d9ca1ee8fd7db1c2bc530
product:DS GDW1836,heightIn,unknown,,Drawing shows multiple heights without an unambiguous mapping to every door-set SKU; host SKU dimensions are not door dimensions.,text,unreviewed,33,18424d5f3fc49f84d7a5095bc6d2a169a8d417a16e5d9ca1ee8fd7db1c2bc530
product:DS GDW1836,depthIn,unknown,,"Required by the installation geometry policy. Overall product dimension is not established by reviewed evidence; host size, tray diameter or mixer shelf dimensions are not overall dimensions.",text,unreviewed,33,18424d5f3fc49f84d7a5095bc6d2a169a8d417a16e5d9ca1ee8fd7db1c2bc530
product:DS GDW1839,sku,known,DS GDW1839,,text,unreviewed,33,18424d5f3fc49f84d7a5095bc6d2a169a8d417a16e5d9ca1ee8fd7db1c2bc530
product:DS GDW1839,manufacturerCategory,known,Glass Doors,,text,unreviewed,33,18424d5f3fc49f84d7a5095bc6d2a169a8d417a16e5d9ca1ee8fd7db1c2bc530
product:DS GDW1839,normalizedCategory,known,accessory,,derived,unreviewed,33,18424d5f3fc49f84d7a5095bc6d2a169a8d417a16e5d9ca1ee8fd7db1c2bc530
product:DS GDW1839,glassType,known,clear,,text,unreviewed,33,18424d5f3fc49f84d7a5095bc6d2a169a8d417a16e5d9ca1ee8fd7db1c2bc530
product:DS GDW1839,glassPreinstalled,known,True,,text,unreviewed,33,18424d5f3fc49f84d7a5095bc6d2a169a8d417a16e5d9ca1ee8fd7db1c2bc530
product:DS GDW1839,setQuantityPolicy,known,Necessary door quantity for the cabinet,,text,unreviewed,33,18424d5f3fc49f84d7a5095bc6d2a169a8d417a16e5d9ca1ee8fd7db1c2bc530
product:DS GDW1839,widthIn,unknown,,Actual door width is not supplied by a per-SKU dimension table.,text,unreviewed,33,18424d5f3fc49f84d7a5095bc6d2a169a8d417a16e5d9ca1ee8fd7db1c2bc530
product:DS GDW1839,heightIn,unknown,,Drawing shows multiple heights without an unambiguous mapping to every door-set SKU; host SKU dimensions are not door dimensions.,text,unreviewed,33,18424d5f3fc49f84d7a5095bc6d2a169a8d417a16e5d9ca1ee8fd7db1c2bc530
product:DS GDW1839,depthIn,unknown,,"Required by the installation geometry policy. Overall product dimension is not established by reviewed evidence; host size, tray diameter or mixer shelf dimensions are not overall dimensions.",text,unreviewed,33,18424d5f3fc49f84d7a5095bc6d2a169a8d417a16e5d9ca1ee8fd7db1c2bc530
product:DS GDW1842,sku,known,DS GDW1842,,text,unreviewed,33,18424d5f3fc49f84d7a5095bc6d2a169a8d417a16e5d9ca1ee8fd7db1c2bc530
product:DS GDW1842,manufacturerCategory,known,Glass Doors,,text,unreviewed,33,18424d5f3fc49f84d7a5095bc6d2a169a8d417a16e5d9ca1ee8fd7db1c2bc530
product:DS GDW1842,normalizedCategory,known,accessory,,derived,unreviewed,33,18424d5f3fc49f84d7a5095bc6d2a169a8d417a16e5d9ca1ee8fd7db1c2bc530
product:DS GDW1842,glassType,known,clear,,text,unreviewed,33,18424d5f3fc49f84d7a5095bc6d2a169a8d417a16e5d9ca1ee8fd7db1c2bc530
product:DS GDW1842,glassPreinstalled,known,True,,text,unreviewed,33,18424d5f3fc49f84d7a5095bc6d2a169a8d417a16e5d9ca1ee8fd7db1c2bc530
product:DS GDW1842,setQuantityPolicy,known,Necessary door quantity for the cabinet,,text,unreviewed,33,18424d5f3fc49f84d7a5095bc6d2a169a8d417a16e5d9ca1ee8fd7db1c2bc530
product:DS GDW1842,widthIn,unknown,,Actual door width is not supplied by a per-SKU dimension table.,text,unreviewed,33,18424d5f3fc49f84d7a5095bc6d2a169a8d417a16e5d9ca1ee8fd7db1c2bc530
product:DS GDW1842,heightIn,unknown,,Drawing shows multiple heights without an unambiguous mapping to every door-set SKU; host SKU dimensions are not door dimensions.,text,unreviewed,33,18424d5f3fc49f84d7a5095bc6d2a169a8d417a16e5d9ca1ee8fd7db1c2bc530
product:DS GDW1842,depthIn,unknown,,"Required by the installation geometry policy. Overall product dimension is not established by reviewed evidence; host size, tray diameter or mixer shelf dimensions are not overall dimensions.",text,unreviewed,33,18424d5f3fc49f84d7a5095bc6d2a169a8d417a16e5d9ca1ee8fd7db1c2bc530
product:DS GDW2430,sku,known,DS GDW2430,,text,unreviewed,33,18424d5f3fc49f84d7a5095bc6d2a169a8d417a16e5d9ca1ee8fd7db1c2bc530
product:DS GDW2430,manufacturerCategory,known,Glass Doors,,text,unreviewed,33,18424d5f3fc49f84d7a5095bc6d2a169a8d417a16e5d9ca1ee8fd7db1c2bc530
product:DS GDW2430,normalizedCategory,known,accessory,,derived,unreviewed,33,18424d5f3fc49f84d7a5095bc6d2a169a8d417a16e5d9ca1ee8fd7db1c2bc530
product:DS GDW2430,glassType,known,clear,,text,unreviewed,33,18424d5f3fc49f84d7a5095bc6d2a169a8d417a16e5d9ca1ee8fd7db1c2bc530
product:DS GDW2430,glassPreinstalled,known,True,,text,unreviewed,33,18424d5f3fc49f84d7a5095bc6d2a169a8d417a16e5d9ca1ee8fd7db1c2bc530
product:DS GDW2430,setQuantityPolicy,known,Necessary door quantity for the cabinet,,text,unreviewed,33,18424d5f3fc49f84d7a5095bc6d2a169a8d417a16e5d9ca1ee8fd7db1c2bc530
product:DS GDW2430,widthIn,unknown,,Actual door width is not supplied by a per-SKU dimension table.,text,unreviewed,33,18424d5f3fc49f84d7a5095bc6d2a169a8d417a16e5d9ca1ee8fd7db1c2bc530
product:DS GDW2430,heightIn,unknown,,Drawing shows multiple heights without an unambiguous mapping to every door-set SKU; host SKU dimensions are not door dimensions.,text,unreviewed,33,18424d5f3fc49f84d7a5095bc6d2a169a8d417a16e5d9ca1ee8fd7db1c2bc530
product:DS GDW2430,depthIn,unknown,,"Required by the installation geometry policy. Overall product dimension is not established by reviewed evidence; host size, tray diameter or mixer shelf dimensions are not overall dimensions.",text,unreviewed,33,18424d5f3fc49f84d7a5095bc6d2a169a8d417a16e5d9ca1ee8fd7db1c2bc530
product:DS GDW2436,sku,known,DS GDW2436,,text,unreviewed,33,18424d5f3fc49f84d7a5095bc6d2a169a8d417a16e5d9ca1ee8fd7db1c2bc530
product:DS GDW2436,manufacturerCategory,known,Glass Doors,,text,unreviewed,33,18424d5f3fc49f84d7a5095bc6d2a169a8d417a16e5d9ca1ee8fd7db1c2bc530
product:DS GDW2436,normalizedCategory,known,accessory,,derived,unreviewed,33,18424d5f3fc49f84d7a5095bc6d2a169a8d417a16e5d9ca1ee8fd7db1c2bc530
product:DS GDW2436,glassType,known,clear,,text,unreviewed,33,18424d5f3fc49f84d7a5095bc6d2a169a8d417a16e5d9ca1ee8fd7db1c2bc530
product:DS GDW2436,glassPreinstalled,known,True,,text,unreviewed,33,18424d5f3fc49f84d7a5095bc6d2a169a8d417a16e5d9ca1ee8fd7db1c2bc530
product:DS GDW2436,setQuantityPolicy,known,Necessary door quantity for the cabinet,,text,unreviewed,33,18424d5f3fc49f84d7a5095bc6d2a169a8d417a16e5d9ca1ee8fd7db1c2bc530
product:DS GDW2436,widthIn,unknown,,Actual door width is not supplied by a per-SKU dimension table.,text,unreviewed,33,18424d5f3fc49f84d7a5095bc6d2a169a8d417a16e5d9ca1ee8fd7db1c2bc530
product:DS GDW2436,heightIn,unknown,,Drawing shows multiple heights without an unambiguous mapping to every door-set SKU; host SKU dimensions are not door dimensions.,text,unreviewed,33,18424d5f3fc49f84d7a5095bc6d2a169a8d417a16e5d9ca1ee8fd7db1c2bc530
product:DS GDW2436,depthIn,unknown,,"Required by the installation geometry policy. Overall product dimension is not established by reviewed evidence; host size, tray diameter or mixer shelf dimensions are not overall dimensions.",text,unreviewed,33,18424d5f3fc49f84d7a5095bc6d2a169a8d417a16e5d9ca1ee8fd7db1c2bc530
product:DS GDW2439,sku,known,DS GDW2439,,text,unreviewed,33,18424d5f3fc49f84d7a5095bc6d2a169a8d417a16e5d9ca1ee8fd7db1c2bc530
product:DS GDW2439,manufacturerCategory,known,Glass Doors,,text,unreviewed,33,18424d5f3fc49f84d7a5095bc6d2a169a8d417a16e5d9ca1ee8fd7db1c2bc530
product:DS GDW2439,normalizedCategory,known,accessory,,derived,unreviewed,33,18424d5f3fc49f84d7a5095bc6d2a169a8d417a16e5d9ca1ee8fd7db1c2bc530
product:DS GDW2439,glassType,known,clear,,text,unreviewed,33,18424d5f3fc49f84d7a5095bc6d2a169a8d417a16e5d9ca1ee8fd7db1c2bc530
product:DS GDW2439,glassPreinstalled,known,True,,text,unreviewed,33,18424d5f3fc49f84d7a5095bc6d2a169a8d417a16e5d9ca1ee8fd7db1c2bc530
product:DS GDW2439,setQuantityPolicy,known,Necessary door quantity for the cabinet,,text,unreviewed,33,18424d5f3fc49f84d7a5095bc6d2a169a8d417a16e5d9ca1ee8fd7db1c2bc530
product:DS GDW2439,widthIn,unknown,,Actual door width is not supplied by a per-SKU dimension table.,text,unreviewed,33,18424d5f3fc49f84d7a5095bc6d2a169a8d417a16e5d9ca1ee8fd7db1c2bc530
product:DS GDW2439,heightIn,unknown,,Drawing shows multiple heights without an unambiguous mapping to every door-set SKU; host SKU dimensions are not door dimensions.,text,unreviewed,33,18424d5f3fc49f84d7a5095bc6d2a169a8d417a16e5d9ca1ee8fd7db1c2bc530
product:DS GDW2439,depthIn,unknown,,"Required by the installation geometry policy. Overall product dimension is not established by reviewed evidence; host size, tray diameter or mixer shelf dimensions are not overall dimensions.",text,unreviewed,33,18424d5f3fc49f84d7a5095bc6d2a169a8d417a16e5d9ca1ee8fd7db1c2bc530
product:DS GDW2442,sku,known,DS GDW2442,,text,unreviewed,33,18424d5f3fc49f84d7a5095bc6d2a169a8d417a16e5d9ca1ee8fd7db1c2bc530
product:DS GDW2442,manufacturerCategory,known,Glass Doors,,text,unreviewed,33,18424d5f3fc49f84d7a5095bc6d2a169a8d417a16e5d9ca1ee8fd7db1c2bc530
product:DS GDW2442,normalizedCategory,known,accessory,,derived,unreviewed,33,18424d5f3fc49f84d7a5095bc6d2a169a8d417a16e5d9ca1ee8fd7db1c2bc530
product:DS GDW2442,glassType,known,clear,,text,unreviewed,33,18424d5f3fc49f84d7a5095bc6d2a169a8d417a16e5d9ca1ee8fd7db1c2bc530
product:DS GDW2442,glassPreinstalled,known,True,,text,unreviewed,33,18424d5f3fc49f84d7a5095bc6d2a169a8d417a16e5d9ca1ee8fd7db1c2bc530
product:DS GDW2442,setQuantityPolicy,known,Necessary door quantity for the cabinet,,text,unreviewed,33,18424d5f3fc49f84d7a5095bc6d2a169a8d417a16e5d9ca1ee8fd7db1c2bc530
product:DS GDW2442,widthIn,unknown,,Actual door width is not supplied by a per-SKU dimension table.,text,unreviewed,33,18424d5f3fc49f84d7a5095bc6d2a169a8d417a16e5d9ca1ee8fd7db1c2bc530
product:DS GDW2442,heightIn,unknown,,Drawing shows multiple heights without an unambiguous mapping to every door-set SKU; host SKU dimensions are not door dimensions.,text,unreviewed,33,18424d5f3fc49f84d7a5095bc6d2a169a8d417a16e5d9ca1ee8fd7db1c2bc530
product:DS GDW2442,depthIn,unknown,,"Required by the installation geometry policy. Overall product dimension is not established by reviewed evidence; host size, tray diameter or mixer shelf dimensions are not overall dimensions.",text,unreviewed,33,18424d5f3fc49f84d7a5095bc6d2a169a8d417a16e5d9ca1ee8fd7db1c2bc530
product:DS GDW3030,sku,known,DS GDW3030,,text,unreviewed,33,18424d5f3fc49f84d7a5095bc6d2a169a8d417a16e5d9ca1ee8fd7db1c2bc530
product:DS GDW3030,manufacturerCategory,known,Glass Doors,,text,unreviewed,33,18424d5f3fc49f84d7a5095bc6d2a169a8d417a16e5d9ca1ee8fd7db1c2bc530
product:DS GDW3030,normalizedCategory,known,accessory,,derived,unreviewed,33,18424d5f3fc49f84d7a5095bc6d2a169a8d417a16e5d9ca1ee8fd7db1c2bc530
product:DS GDW3030,glassType,known,clear,,text,unreviewed,33,18424d5f3fc49f84d7a5095bc6d2a169a8d417a16e5d9ca1ee8fd7db1c2bc530
product:DS GDW3030,glassPreinstalled,known,True,,text,unreviewed,33,18424d5f3fc49f84d7a5095bc6d2a169a8d417a16e5d9ca1ee8fd7db1c2bc530
product:DS GDW3030,setQuantityPolicy,known,Necessary door quantity for the cabinet,,text,unreviewed,33,18424d5f3fc49f84d7a5095bc6d2a169a8d417a16e5d9ca1ee8fd7db1c2bc530
product:DS GDW3030,widthIn,unknown,,Actual door width is not supplied by a per-SKU dimension table.,text,unreviewed,33,18424d5f3fc49f84d7a5095bc6d2a169a8d417a16e5d9ca1ee8fd7db1c2bc530
product:DS GDW3030,heightIn,unknown,,Drawing shows multiple heights without an unambiguous mapping to every door-set SKU; host SKU dimensions are not door dimensions.,text,unreviewed,33,18424d5f3fc49f84d7a5095bc6d2a169a8d417a16e5d9ca1ee8fd7db1c2bc530
product:DS GDW3030,depthIn,unknown,,"Required by the installation geometry policy. Overall product dimension is not established by reviewed evidence; host size, tray diameter or mixer shelf dimensions are not overall dimensions.",text,unreviewed,33,18424d5f3fc49f84d7a5095bc6d2a169a8d417a16e5d9ca1ee8fd7db1c2bc530
product:DS GDW3036,sku,known,DS GDW3036,,text,unreviewed,33,18424d5f3fc49f84d7a5095bc6d2a169a8d417a16e5d9ca1ee8fd7db1c2bc530
product:DS GDW3036,manufacturerCategory,known,Glass Doors,,text,unreviewed,33,18424d5f3fc49f84d7a5095bc6d2a169a8d417a16e5d9ca1ee8fd7db1c2bc530
product:DS GDW3036,normalizedCategory,known,accessory,,derived,unreviewed,33,18424d5f3fc49f84d7a5095bc6d2a169a8d417a16e5d9ca1ee8fd7db1c2bc530
product:DS GDW3036,glassType,known,clear,,text,unreviewed,33,18424d5f3fc49f84d7a5095bc6d2a169a8d417a16e5d9ca1ee8fd7db1c2bc530
product:DS GDW3036,glassPreinstalled,known,True,,text,unreviewed,33,18424d5f3fc49f84d7a5095bc6d2a169a8d417a16e5d9ca1ee8fd7db1c2bc530
product:DS GDW3036,setQuantityPolicy,known,Necessary door quantity for the cabinet,,text,unreviewed,33,18424d5f3fc49f84d7a5095bc6d2a169a8d417a16e5d9ca1ee8fd7db1c2bc530
product:DS GDW3036,widthIn,unknown,,Actual door width is not supplied by a per-SKU dimension table.,text,unreviewed,33,18424d5f3fc49f84d7a5095bc6d2a169a8d417a16e5d9ca1ee8fd7db1c2bc530
product:DS GDW3036,heightIn,unknown,,Drawing shows multiple heights without an unambiguous mapping to every door-set SKU; host SKU dimensions are not door dimensions.,text,unreviewed,33,18424d5f3fc49f84d7a5095bc6d2a169a8d417a16e5d9ca1ee8fd7db1c2bc530
product:DS GDW3036,depthIn,unknown,,"Required by the installation geometry policy. Overall product dimension is not established by reviewed evidence; host size, tray diameter or mixer shelf dimensions are not overall dimensions.",text,unreviewed,33,18424d5f3fc49f84d7a5095bc6d2a169a8d417a16e5d9ca1ee8fd7db1c2bc530
product:DS GDW3039,sku,known,DS GDW3039,,text,unreviewed,33,18424d5f3fc49f84d7a5095bc6d2a169a8d417a16e5d9ca1ee8fd7db1c2bc530
product:DS GDW3039,manufacturerCategory,known,Glass Doors,,text,unreviewed,33,18424d5f3fc49f84d7a5095bc6d2a169a8d417a16e5d9ca1ee8fd7db1c2bc530
product:DS GDW3039,normalizedCategory,known,accessory,,derived,unreviewed,33,18424d5f3fc49f84d7a5095bc6d2a169a8d417a16e5d9ca1ee8fd7db1c2bc530
product:DS GDW3039,glassType,known,clear,,text,unreviewed,33,18424d5f3fc49f84d7a5095bc6d2a169a8d417a16e5d9ca1ee8fd7db1c2bc530
product:DS GDW3039,glassPreinstalled,known,True,,text,unreviewed,33,18424d5f3fc49f84d7a5095bc6d2a169a8d417a16e5d9ca1ee8fd7db1c2bc530
product:DS GDW3039,setQuantityPolicy,known,Necessary door quantity for the cabinet,,text,unreviewed,33,18424d5f3fc49f84d7a5095bc6d2a169a8d417a16e5d9ca1ee8fd7db1c2bc530
product:DS GDW3039,widthIn,unknown,,Actual door width is not supplied by a per-SKU dimension table.,text,unreviewed,33,18424d5f3fc49f84d7a5095bc6d2a169a8d417a16e5d9ca1ee8fd7db1c2bc530
product:DS GDW3039,heightIn,unknown,,Drawing shows multiple heights without an unambiguous mapping to every door-set SKU; host SKU dimensions are not door dimensions.,text,unreviewed,33,18424d5f3fc49f84d7a5095bc6d2a169a8d417a16e5d9ca1ee8fd7db1c2bc530
product:DS GDW3039,depthIn,unknown,,"Required by the installation geometry policy. Overall product dimension is not established by reviewed evidence; host size, tray diameter or mixer shelf dimensions are not overall dimensions.",text,unreviewed,33,18424d5f3fc49f84d7a5095bc6d2a169a8d417a16e5d9ca1ee8fd7db1c2bc530
product:DS GDW3042,sku,known,DS GDW3042,,text,unreviewed,33,18424d5f3fc49f84d7a5095bc6d2a169a8d417a16e5d9ca1ee8fd7db1c2bc530
product:DS GDW3042,manufacturerCategory,known,Glass Doors,,text,unreviewed,33,18424d5f3fc49f84d7a5095bc6d2a169a8d417a16e5d9ca1ee8fd7db1c2bc530
product:DS GDW3042,normalizedCategory,known,accessory,,derived,unreviewed,33,18424d5f3fc49f84d7a5095bc6d2a169a8d417a16e5d9ca1ee8fd7db1c2bc530
product:DS GDW3042,glassType,known,clear,,text,unreviewed,33,18424d5f3fc49f84d7a5095bc6d2a169a8d417a16e5d9ca1ee8fd7db1c2bc530
product:DS GDW3042,glassPreinstalled,known,True,,text,unreviewed,33,18424d5f3fc49f84d7a5095bc6d2a169a8d417a16e5d9ca1ee8fd7db1c2bc530
product:DS GDW3042,setQuantityPolicy,known,Necessary door quantity for the cabinet,,text,unreviewed,33,18424d5f3fc49f84d7a5095bc6d2a169a8d417a16e5d9ca1ee8fd7db1c2bc530
product:DS GDW3042,widthIn,unknown,,Actual door width is not supplied by a per-SKU dimension table.,text,unreviewed,33,18424d5f3fc49f84d7a5095bc6d2a169a8d417a16e5d9ca1ee8fd7db1c2bc530
product:DS GDW3042,heightIn,unknown,,Drawing shows multiple heights without an unambiguous mapping to every door-set SKU; host SKU dimensions are not door dimensions.,text,unreviewed,33,18424d5f3fc49f84d7a5095bc6d2a169a8d417a16e5d9ca1ee8fd7db1c2bc530
product:DS GDW3042,depthIn,unknown,,"Required by the installation geometry policy. Overall product dimension is not established by reviewed evidence; host size, tray diameter or mixer shelf dimensions are not overall dimensions.",text,unreviewed,33,18424d5f3fc49f84d7a5095bc6d2a169a8d417a16e5d9ca1ee8fd7db1c2bc530
product:DS GDW3630,sku,known,DS GDW3630,,text,unreviewed,33,18424d5f3fc49f84d7a5095bc6d2a169a8d417a16e5d9ca1ee8fd7db1c2bc530
product:DS GDW3630,manufacturerCategory,known,Glass Doors,,text,unreviewed,33,18424d5f3fc49f84d7a5095bc6d2a169a8d417a16e5d9ca1ee8fd7db1c2bc530
product:DS GDW3630,normalizedCategory,known,accessory,,derived,unreviewed,33,18424d5f3fc49f84d7a5095bc6d2a169a8d417a16e5d9ca1ee8fd7db1c2bc530
product:DS GDW3630,glassType,known,clear,,text,unreviewed,33,18424d5f3fc49f84d7a5095bc6d2a169a8d417a16e5d9ca1ee8fd7db1c2bc530
product:DS GDW3630,glassPreinstalled,known,True,,text,unreviewed,33,18424d5f3fc49f84d7a5095bc6d2a169a8d417a16e5d9ca1ee8fd7db1c2bc530
product:DS GDW3630,setQuantityPolicy,known,Necessary door quantity for the cabinet,,text,unreviewed,33,18424d5f3fc49f84d7a5095bc6d2a169a8d417a16e5d9ca1ee8fd7db1c2bc530
product:DS GDW3630,widthIn,unknown,,Actual door width is not supplied by a per-SKU dimension table.,text,unreviewed,33,18424d5f3fc49f84d7a5095bc6d2a169a8d417a16e5d9ca1ee8fd7db1c2bc530
product:DS GDW3630,heightIn,unknown,,Drawing shows multiple heights without an unambiguous mapping to every door-set SKU; host SKU dimensions are not door dimensions.,text,unreviewed,33,18424d5f3fc49f84d7a5095bc6d2a169a8d417a16e5d9ca1ee8fd7db1c2bc530
product:DS GDW3630,depthIn,unknown,,"Required by the installation geometry policy. Overall product dimension is not established by reviewed evidence; host size, tray diameter or mixer shelf dimensions are not overall dimensions.",text,unreviewed,33,18424d5f3fc49f84d7a5095bc6d2a169a8d417a16e5d9ca1ee8fd7db1c2bc530
product:DS GDW3636,sku,known,DS GDW3636,,text,unreviewed,33,18424d5f3fc49f84d7a5095bc6d2a169a8d417a16e5d9ca1ee8fd7db1c2bc530
product:DS GDW3636,manufacturerCategory,known,Glass Doors,,text,unreviewed,33,18424d5f3fc49f84d7a5095bc6d2a169a8d417a16e5d9ca1ee8fd7db1c2bc530
product:DS GDW3636,normalizedCategory,known,accessory,,derived,unreviewed,33,18424d5f3fc49f84d7a5095bc6d2a169a8d417a16e5d9ca1ee8fd7db1c2bc530
product:DS GDW3636,glassType,known,clear,,text,unreviewed,33,18424d5f3fc49f84d7a5095bc6d2a169a8d417a16e5d9ca1ee8fd7db1c2bc530
product:DS GDW3636,glassPreinstalled,known,True,,text,unreviewed,33,18424d5f3fc49f84d7a5095bc6d2a169a8d417a16e5d9ca1ee8fd7db1c2bc530
product:DS GDW3636,setQuantityPolicy,known,Necessary door quantity for the cabinet,,text,unreviewed,33,18424d5f3fc49f84d7a5095bc6d2a169a8d417a16e5d9ca1ee8fd7db1c2bc530
product:DS GDW3636,widthIn,unknown,,Actual door width is not supplied by a per-SKU dimension table.,text,unreviewed,33,18424d5f3fc49f84d7a5095bc6d2a169a8d417a16e5d9ca1ee8fd7db1c2bc530
product:DS GDW3636,heightIn,unknown,,Drawing shows multiple heights without an unambiguous mapping to every door-set SKU; host SKU dimensions are not door dimensions.,text,unreviewed,33,18424d5f3fc49f84d7a5095bc6d2a169a8d417a16e5d9ca1ee8fd7db1c2bc530
product:DS GDW3636,depthIn,unknown,,"Required by the installation geometry policy. Overall product dimension is not established by reviewed evidence; host size, tray diameter or mixer shelf dimensions are not overall dimensions.",text,unreviewed,33,18424d5f3fc49f84d7a5095bc6d2a169a8d417a16e5d9ca1ee8fd7db1c2bc530
product:DS GDW3639,sku,known,DS GDW3639,,text,unreviewed,33,18424d5f3fc49f84d7a5095bc6d2a169a8d417a16e5d9ca1ee8fd7db1c2bc530
product:DS GDW3639,manufacturerCategory,known,Glass Doors,,text,unreviewed,33,18424d5f3fc49f84d7a5095bc6d2a169a8d417a16e5d9ca1ee8fd7db1c2bc530
product:DS GDW3639,normalizedCategory,known,accessory,,derived,unreviewed,33,18424d5f3fc49f84d7a5095bc6d2a169a8d417a16e5d9ca1ee8fd7db1c2bc530
product:DS GDW3639,glassType,known,clear,,text,unreviewed,33,18424d5f3fc49f84d7a5095bc6d2a169a8d417a16e5d9ca1ee8fd7db1c2bc530
product:DS GDW3639,glassPreinstalled,known,True,,text,unreviewed,33,18424d5f3fc49f84d7a5095bc6d2a169a8d417a16e5d9ca1ee8fd7db1c2bc530
product:DS GDW3639,setQuantityPolicy,known,Necessary door quantity for the cabinet,,text,unreviewed,33,18424d5f3fc49f84d7a5095bc6d2a169a8d417a16e5d9ca1ee8fd7db1c2bc530
product:DS GDW3639,widthIn,unknown,,Actual door width is not supplied by a per-SKU dimension table.,text,unreviewed,33,18424d5f3fc49f84d7a5095bc6d2a169a8d417a16e5d9ca1ee8fd7db1c2bc530
product:DS GDW3639,heightIn,unknown,,Drawing shows multiple heights without an unambiguous mapping to every door-set SKU; host SKU dimensions are not door dimensions.,text,unreviewed,33,18424d5f3fc49f84d7a5095bc6d2a169a8d417a16e5d9ca1ee8fd7db1c2bc530
product:DS GDW3639,depthIn,unknown,,"Required by the installation geometry policy. Overall product dimension is not established by reviewed evidence; host size, tray diameter or mixer shelf dimensions are not overall dimensions.",text,unreviewed,33,18424d5f3fc49f84d7a5095bc6d2a169a8d417a16e5d9ca1ee8fd7db1c2bc530
product:DS GDW3642,sku,known,DS GDW3642,,text,unreviewed,33,18424d5f3fc49f84d7a5095bc6d2a169a8d417a16e5d9ca1ee8fd7db1c2bc530
product:DS GDW3642,manufacturerCategory,known,Glass Doors,,text,unreviewed,33,18424d5f3fc49f84d7a5095bc6d2a169a8d417a16e5d9ca1ee8fd7db1c2bc530
product:DS GDW3642,normalizedCategory,known,accessory,,derived,unreviewed,33,18424d5f3fc49f84d7a5095bc6d2a169a8d417a16e5d9ca1ee8fd7db1c2bc530
product:DS GDW3642,glassType,known,clear,,text,unreviewed,33,18424d5f3fc49f84d7a5095bc6d2a169a8d417a16e5d9ca1ee8fd7db1c2bc530
product:DS GDW3642,glassPreinstalled,known,True,,text,unreviewed,33,18424d5f3fc49f84d7a5095bc6d2a169a8d417a16e5d9ca1ee8fd7db1c2bc530
product:DS GDW3642,setQuantityPolicy,known,Necessary door quantity for the cabinet,,text,unreviewed,33,18424d5f3fc49f84d7a5095bc6d2a169a8d417a16e5d9ca1ee8fd7db1c2bc530
product:DS GDW3642,widthIn,unknown,,Actual door width is not supplied by a per-SKU dimension table.,text,unreviewed,33,18424d5f3fc49f84d7a5095bc6d2a169a8d417a16e5d9ca1ee8fd7db1c2bc530
product:DS GDW3642,heightIn,unknown,,Drawing shows multiple heights without an unambiguous mapping to every door-set SKU; host SKU dimensions are not door dimensions.,text,unreviewed,33,18424d5f3fc49f84d7a5095bc6d2a169a8d417a16e5d9ca1ee8fd7db1c2bc530
product:DS GDW3642,depthIn,unknown,,"Required by the installation geometry policy. Overall product dimension is not established by reviewed evidence; host size, tray diameter or mixer shelf dimensions are not overall dimensions.",text,unreviewed,33,18424d5f3fc49f84d7a5095bc6d2a169a8d417a16e5d9ca1ee8fd7db1c2bc530
product:DS GDWD1857,sku,known,DS GDWD1857,,text,unreviewed,33,18424d5f3fc49f84d7a5095bc6d2a169a8d417a16e5d9ca1ee8fd7db1c2bc530
product:DS GDWD1857,manufacturerCategory,known,Glass Doors,,text,unreviewed,33,18424d5f3fc49f84d7a5095bc6d2a169a8d417a16e5d9ca1ee8fd7db1c2bc530
product:DS GDWD1857,normalizedCategory,known,accessory,,derived,unreviewed,33,18424d5f3fc49f84d7a5095bc6d2a169a8d417a16e5d9ca1ee8fd7db1c2bc530
product:DS GDWD1857,glassType,known,clear,,text,unreviewed,33,18424d5f3fc49f84d7a5095bc6d2a169a8d417a16e5d9ca1ee8fd7db1c2bc530
product:DS GDWD1857,glassPreinstalled,known,True,,text,unreviewed,33,18424d5f3fc49f84d7a5095bc6d2a169a8d417a16e5d9ca1ee8fd7db1c2bc530
product:DS GDWD1857,setQuantityPolicy,known,Necessary door quantity for the cabinet,,text,unreviewed,33,18424d5f3fc49f84d7a5095bc6d2a169a8d417a16e5d9ca1ee8fd7db1c2bc530
product:DS GDWD1857,widthIn,unknown,,Actual door width is not supplied by a per-SKU dimension table.,text,unreviewed,33,18424d5f3fc49f84d7a5095bc6d2a169a8d417a16e5d9ca1ee8fd7db1c2bc530
product:DS GDWD1857,heightIn,unknown,,Drawing shows multiple heights without an unambiguous mapping to every door-set SKU; host SKU dimensions are not door dimensions.,text,unreviewed,33,18424d5f3fc49f84d7a5095bc6d2a169a8d417a16e5d9ca1ee8fd7db1c2bc530
product:DS GDWD1857,depthIn,unknown,,"Required by the installation geometry policy. Overall product dimension is not established by reviewed evidence; host size, tray diameter or mixer shelf dimensions are not overall dimensions.",text,unreviewed,33,18424d5f3fc49f84d7a5095bc6d2a169a8d417a16e5d9ca1ee8fd7db1c2bc530
product:DS GDWD1860,sku,known,DS GDWD1860,,text,unreviewed,33,18424d5f3fc49f84d7a5095bc6d2a169a8d417a16e5d9ca1ee8fd7db1c2bc530
product:DS GDWD1860,manufacturerCategory,known,Glass Doors,,text,unreviewed,33,18424d5f3fc49f84d7a5095bc6d2a169a8d417a16e5d9ca1ee8fd7db1c2bc530
product:DS GDWD1860,normalizedCategory,known,accessory,,derived,unreviewed,33,18424d5f3fc49f84d7a5095bc6d2a169a8d417a16e5d9ca1ee8fd7db1c2bc530
product:DS GDWD1860,glassType,known,clear,,text,unreviewed,33,18424d5f3fc49f84d7a5095bc6d2a169a8d417a16e5d9ca1ee8fd7db1c2bc530
product:DS GDWD1860,glassPreinstalled,known,True,,text,unreviewed,33,18424d5f3fc49f84d7a5095bc6d2a169a8d417a16e5d9ca1ee8fd7db1c2bc530
product:DS GDWD1860,setQuantityPolicy,known,Necessary door quantity for the cabinet,,text,unreviewed,33,18424d5f3fc49f84d7a5095bc6d2a169a8d417a16e5d9ca1ee8fd7db1c2bc530
product:DS GDWD1860,widthIn,unknown,,Actual door width is not supplied by a per-SKU dimension table.,text,unreviewed,33,18424d5f3fc49f84d7a5095bc6d2a169a8d417a16e5d9ca1ee8fd7db1c2bc530
product:DS GDWD1860,heightIn,unknown,,Drawing shows multiple heights without an unambiguous mapping to every door-set SKU; host SKU dimensions are not door dimensions.,text,unreviewed,33,18424d5f3fc49f84d7a5095bc6d2a169a8d417a16e5d9ca1ee8fd7db1c2bc530
product:DS GDWD1860,depthIn,unknown,,"Required by the installation geometry policy. Overall product dimension is not established by reviewed evidence; host size, tray diameter or mixer shelf dimensions are not overall dimensions.",text,unreviewed,33,18424d5f3fc49f84d7a5095bc6d2a169a8d417a16e5d9ca1ee8fd7db1c2bc530
product:DS GDWDC2430,sku,known,DS GDWDC2430,,text,unreviewed,33,18424d5f3fc49f84d7a5095bc6d2a169a8d417a16e5d9ca1ee8fd7db1c2bc530
product:DS GDWDC2430,manufacturerCategory,known,Glass Doors,,text,unreviewed,33,18424d5f3fc49f84d7a5095bc6d2a169a8d417a16e5d9ca1ee8fd7db1c2bc530
product:DS GDWDC2430,normalizedCategory,known,accessory,,derived,unreviewed,33,18424d5f3fc49f84d7a5095bc6d2a169a8d417a16e5d9ca1ee8fd7db1c2bc530
product:DS GDWDC2430,glassType,known,clear,,text,unreviewed,33,18424d5f3fc49f84d7a5095bc6d2a169a8d417a16e5d9ca1ee8fd7db1c2bc530
product:DS GDWDC2430,glassPreinstalled,known,True,,text,unreviewed,33,18424d5f3fc49f84d7a5095bc6d2a169a8d417a16e5d9ca1ee8fd7db1c2bc530
product:DS GDWDC2430,setQuantityPolicy,known,Necessary door quantity for the cabinet,,text,unreviewed,33,18424d5f3fc49f84d7a5095bc6d2a169a8d417a16e5d9ca1ee8fd7db1c2bc530
product:DS GDWDC2430,widthIn,unknown,,Actual door width is not supplied by a per-SKU dimension table.,text,unreviewed,33,18424d5f3fc49f84d7a5095bc6d2a169a8d417a16e5d9ca1ee8fd7db1c2bc530
product:DS GDWDC2430,heightIn,unknown,,Drawing shows multiple heights without an unambiguous mapping to every door-set SKU; host SKU dimensions are not door dimensions.,text,unreviewed,33,18424d5f3fc49f84d7a5095bc6d2a169a8d417a16e5d9ca1ee8fd7db1c2bc530
product:DS GDWDC2430,depthIn,unknown,,"Required by the installation geometry policy. Overall product dimension is not established by reviewed evidence; host size, tray diameter or mixer shelf dimensions are not overall dimensions.",text,unreviewed,33,18424d5f3fc49f84d7a5095bc6d2a169a8d417a16e5d9ca1ee8fd7db1c2bc530
product:DS GDWDC2436,sku,known,DS GDWDC2436,,text,unreviewed,33,18424d5f3fc49f84d7a5095bc6d2a169a8d417a16e5d9ca1ee8fd7db1c2bc530
product:DS GDWDC2436,manufacturerCategory,known,Glass Doors,,text,unreviewed,33,18424d5f3fc49f84d7a5095bc6d2a169a8d417a16e5d9ca1ee8fd7db1c2bc530
product:DS GDWDC2436,normalizedCategory,known,accessory,,derived,unreviewed,33,18424d5f3fc49f84d7a5095bc6d2a169a8d417a16e5d9ca1ee8fd7db1c2bc530
product:DS GDWDC2436,glassType,known,clear,,text,unreviewed,33,18424d5f3fc49f84d7a5095bc6d2a169a8d417a16e5d9ca1ee8fd7db1c2bc530
product:DS GDWDC2436,glassPreinstalled,known,True,,text,unreviewed,33,18424d5f3fc49f84d7a5095bc6d2a169a8d417a16e5d9ca1ee8fd7db1c2bc530
product:DS GDWDC2436,setQuantityPolicy,known,Necessary door quantity for the cabinet,,text,unreviewed,33,18424d5f3fc49f84d7a5095bc6d2a169a8d417a16e5d9ca1ee8fd7db1c2bc530
product:DS GDWDC2436,widthIn,unknown,,Actual door width is not supplied by a per-SKU dimension table.,text,unreviewed,33,18424d5f3fc49f84d7a5095bc6d2a169a8d417a16e5d9ca1ee8fd7db1c2bc530
product:DS GDWDC2436,heightIn,unknown,,Drawing shows multiple heights without an unambiguous mapping to every door-set SKU; host SKU dimensions are not door dimensions.,text,unreviewed,33,18424d5f3fc49f84d7a5095bc6d2a169a8d417a16e5d9ca1ee8fd7db1c2bc530
product:DS GDWDC2436,depthIn,unknown,,"Required by the installation geometry policy. Overall product dimension is not established by reviewed evidence; host size, tray diameter or mixer shelf dimensions are not overall dimensions.",text,unreviewed,33,18424d5f3fc49f84d7a5095bc6d2a169a8d417a16e5d9ca1ee8fd7db1c2bc530
product:DS GDWDC2439,sku,known,DS GDWDC2439,,text,unreviewed,33,18424d5f3fc49f84d7a5095bc6d2a169a8d417a16e5d9ca1ee8fd7db1c2bc530
product:DS GDWDC2439,manufacturerCategory,known,Glass Doors,,text,unreviewed,33,18424d5f3fc49f84d7a5095bc6d2a169a8d417a16e5d9ca1ee8fd7db1c2bc530
product:DS GDWDC2439,normalizedCategory,known,accessory,,derived,unreviewed,33,18424d5f3fc49f84d7a5095bc6d2a169a8d417a16e5d9ca1ee8fd7db1c2bc530
product:DS GDWDC2439,glassType,known,clear,,text,unreviewed,33,18424d5f3fc49f84d7a5095bc6d2a169a8d417a16e5d9ca1ee8fd7db1c2bc530
product:DS GDWDC2439,glassPreinstalled,known,True,,text,unreviewed,33,18424d5f3fc49f84d7a5095bc6d2a169a8d417a16e5d9ca1ee8fd7db1c2bc530
product:DS GDWDC2439,setQuantityPolicy,known,Necessary door quantity for the cabinet,,text,unreviewed,33,18424d5f3fc49f84d7a5095bc6d2a169a8d417a16e5d9ca1ee8fd7db1c2bc530
product:DS GDWDC2439,widthIn,unknown,,Actual door width is not supplied by a per-SKU dimension table.,text,unreviewed,33,18424d5f3fc49f84d7a5095bc6d2a169a8d417a16e5d9ca1ee8fd7db1c2bc530
product:DS GDWDC2439,heightIn,unknown,,Drawing shows multiple heights without an unambiguous mapping to every door-set SKU; host SKU dimensions are not door dimensions.,text,unreviewed,33,18424d5f3fc49f84d7a5095bc6d2a169a8d417a16e5d9ca1ee8fd7db1c2bc530
product:DS GDWDC2439,depthIn,unknown,,"Required by the installation geometry policy. Overall product dimension is not established by reviewed evidence; host size, tray diameter or mixer shelf dimensions are not overall dimensions.",text,unreviewed,33,18424d5f3fc49f84d7a5095bc6d2a169a8d417a16e5d9ca1ee8fd7db1c2bc530
product:DS GDWDC2442,sku,known,DS GDWDC2442,,text,unreviewed,33,18424d5f3fc49f84d7a5095bc6d2a169a8d417a16e5d9ca1ee8fd7db1c2bc530
product:DS GDWDC2442,manufacturerCategory,known,Glass Doors,,text,unreviewed,33,18424d5f3fc49f84d7a5095bc6d2a169a8d417a16e5d9ca1ee8fd7db1c2bc530
product:DS GDWDC2442,normalizedCategory,known,accessory,,derived,unreviewed,33,18424d5f3fc49f84d7a5095bc6d2a169a8d417a16e5d9ca1ee8fd7db1c2bc530
product:DS GDWDC2442,glassType,known,clear,,text,unreviewed,33,18424d5f3fc49f84d7a5095bc6d2a169a8d417a16e5d9ca1ee8fd7db1c2bc530
product:DS GDWDC2442,glassPreinstalled,known,True,,text,unreviewed,33,18424d5f3fc49f84d7a5095bc6d2a169a8d417a16e5d9ca1ee8fd7db1c2bc530
product:DS GDWDC2442,setQuantityPolicy,known,Necessary door quantity for the cabinet,,text,unreviewed,33,18424d5f3fc49f84d7a5095bc6d2a169a8d417a16e5d9ca1ee8fd7db1c2bc530
product:DS GDWDC2442,widthIn,unknown,,Actual door width is not supplied by a per-SKU dimension table.,text,unreviewed,33,18424d5f3fc49f84d7a5095bc6d2a169a8d417a16e5d9ca1ee8fd7db1c2bc530
product:DS GDWDC2442,heightIn,unknown,,Drawing shows multiple heights without an unambiguous mapping to every door-set SKU; host SKU dimensions are not door dimensions.,text,unreviewed,33,18424d5f3fc49f84d7a5095bc6d2a169a8d417a16e5d9ca1ee8fd7db1c2bc530
product:DS GDWDC2442,depthIn,unknown,,"Required by the installation geometry policy. Overall product dimension is not established by reviewed evidence; host size, tray diameter or mixer shelf dimensions are not overall dimensions.",text,unreviewed,33,18424d5f3fc49f84d7a5095bc6d2a169a8d417a16e5d9ca1ee8fd7db1c2bc530
product:IN PLY 1/2-2 SIDE,sku,known,IN PLY 1/2-2 SIDE,,text,unreviewed,103,18424d5f3fc49f84d7a5095bc6d2a169a8d417a16e5d9ca1ee8fd7db1c2bc530
product:IN PLY 1/2-2 SIDE,manufacturerCategory,known,Panels,,text,unreviewed,103,18424d5f3fc49f84d7a5095bc6d2a169a8d417a16e5d9ca1ee8fd7db1c2bc530
product:IN PLY 1/2-2 SIDE,normalizedCategory,known,panel,,derived,unreviewed,103,18424d5f3fc49f84d7a5095bc6d2a169a8d417a16e5d9ca1ee8fd7db1c2bc530
product:IN PLY 1/2-2 SIDE,widthIn,known,48,,vision,unreviewed,103,18424d5f3fc49f84d7a5095bc6d2a169a8d417a16e5d9ca1ee8fd7db1c2bc530
product:IN PLY 1/2-2 SIDE,heightIn,known,96,,vision,unreviewed,103,18424d5f3fc49f84d7a5095bc6d2a169a8d417a16e5d9ca1ee8fd7db1c2bc530
product:IN PLY 1/2-2 SIDE,thicknessIn,known,0.5,,text,unreviewed,103,18424d5f3fc49f84d7a5095bc6d2a169a8d417a16e5d9ca1ee8fd7db1c2bc530
product:IN PLY 1/2-2 SIDE,thicknessBasis,known,Nominal material thickness in the item designation; actual manufacturing tolerance is not specified.,,text,unreviewed,103,18424d5f3fc49f84d7a5095bc6d2a169a8d417a16e5d9ca1ee8fd7db1c2bc530
product:IN PLY 3/4-2 SIDE,sku,known,IN PLY 3/4-2 SIDE,,text,unreviewed,103,18424d5f3fc49f84d7a5095bc6d2a169a8d417a16e5d9ca1ee8fd7db1c2bc530
product:IN PLY 3/4-2 SIDE,manufacturerCategory,known,Panels,,text,unreviewed,103,18424d5f3fc49f84d7a5095bc6d2a169a8d417a16e5d9ca1ee8fd7db1c2bc530
product:IN PLY 3/4-2 SIDE,normalizedCategory,known,panel,,derived,unreviewed,103,18424d5f3fc49f84d7a5095bc6d2a169a8d417a16e5d9ca1ee8fd7db1c2bc530
product:IN PLY 3/4-2 SIDE,widthIn,known,48,,vision,unreviewed,103,18424d5f3fc49f84d7a5095bc6d2a169a8d417a16e5d9ca1ee8fd7db1c2bc530
product:IN PLY 3/4-2 SIDE,heightIn,known,96,,vision,unreviewed,103,18424d5f3fc49f84d7a5095bc6d2a169a8d417a16e5d9ca1ee8fd7db1c2bc530
product:IN PLY 3/4-2 SIDE,thicknessIn,known,0.75,,text,unreviewed,103,18424d5f3fc49f84d7a5095bc6d2a169a8d417a16e5d9ca1ee8fd7db1c2bc530
product:IN PLY 3/4-2 SIDE,thicknessBasis,known,Nominal material thickness in the item designation; actual manufacturing tolerance is not specified.,,text,unreviewed,103,18424d5f3fc49f84d7a5095bc6d2a169a8d417a16e5d9ca1ee8fd7db1c2bc530
product:LSP24 30,sku,known,LSP24 30,,text,unreviewed,81,18424d5f3fc49f84d7a5095bc6d2a169a8d417a16e5d9ca1ee8fd7db1c2bc530
product:LSP24 30,manufacturerCategory,known,Base & Wall Accessories,,text,unreviewed,81,18424d5f3fc49f84d7a5095bc6d2a169a8d417a16e5d9ca1ee8fd7db1c2bc530
product:LSP24 30,normalizedCategory,known,accessory,,derived,unreviewed,81,18424d5f3fc49f84d7a5095bc6d2a169a8d417a16e5d9ca1ee8fd7db1c2bc530
product:LSP24 30,postAdjustable,known,True,,text,unreviewed,81,18424d5f3fc49f84d7a5095bc6d2a169a8d417a16e5d9ca1ee8fd7db1c2bc530
product:LSP24 30,installation,known,Brackets pre-installed; remaining parts installed on site,,text,unreviewed,81,18424d5f3fc49f84d7a5095bc6d2a169a8d417a16e5d9ca1ee8fd7db1c2bc530
product:LSP24 30,trayMaterial,known,plastic,,text,unreviewed,81,18424d5f3fc49f84d7a5095bc6d2a169a8d417a16e5d9ca1ee8fd7db1c2bc530
product:LSP24 30,configurationNotes,known,42-inch lazy susan has 3 trays; 42-inch poles can be cut to fit 36-inch cabinet,,text,unreviewed,81,18424d5f3fc49f84d7a5095bc6d2a169a8d417a16e5d9ca1ee8fd7db1c2bc530
product:LSP24 30,widthIn,unknown,,Overall accessory dimensions are not given by a per-SKU dimension table; nominal host digits are not actual accessory measurements.,text,unreviewed,81,18424d5f3fc49f84d7a5095bc6d2a169a8d417a16e5d9ca1ee8fd7db1c2bc530
product:LSP24 30,heightIn,unknown,,Overall accessory dimensions are not given by a per-SKU dimension table; nominal host digits are not actual accessory measurements.,text,unreviewed,81,18424d5f3fc49f84d7a5095bc6d2a169a8d417a16e5d9ca1ee8fd7db1c2bc530
product:LSP24 30,depthIn,unknown,,Overall accessory dimensions are not given by a per-SKU dimension table; nominal host digits are not actual accessory measurements.,text,unreviewed,81,18424d5f3fc49f84d7a5095bc6d2a169a8d417a16e5d9ca1ee8fd7db1c2bc530
product:LSP24 36/42,sku,known,LSP24 36/42,,text,unreviewed,81,18424d5f3fc49f84d7a5095bc6d2a169a8d417a16e5d9ca1ee8fd7db1c2bc530
product:LSP24 36/42,manufacturerCategory,known,Base & Wall Accessories,,text,unreviewed,81,18424d5f3fc49f84d7a5095bc6d2a169a8d417a16e5d9ca1ee8fd7db1c2bc530
product:LSP24 36/42,normalizedCategory,known,accessory,,derived,unreviewed,81,18424d5f3fc49f84d7a5095bc6d2a169a8d417a16e5d9ca1ee8fd7db1c2bc530
product:LSP24 36/42,postAdjustable,known,True,,text,unreviewed,81,18424d5f3fc49f84d7a5095bc6d2a169a8d417a16e5d9ca1ee8fd7db1c2bc530
product:LSP24 36/42,installation,known,Brackets pre-installed; remaining parts installed on site,,text,unreviewed,81,18424d5f3fc49f84d7a5095bc6d2a169a8d417a16e5d9ca1ee8fd7db1c2bc530
product:LSP24 36/42,trayMaterial,known,plastic,,text,unreviewed,81,18424d5f3fc49f84d7a5095bc6d2a169a8d417a16e5d9ca1ee8fd7db1c2bc530
product:LSP24 36/42,configurationNotes,known,42-inch lazy susan has 3 trays; 42-inch poles can be cut to fit 36-inch cabinet,,text,unreviewed,81,18424d5f3fc49f84d7a5095bc6d2a169a8d417a16e5d9ca1ee8fd7db1c2bc530
product:LSP24 36/42,widthIn,unknown,,Overall accessory dimensions are not given by a per-SKU dimension table; nominal host digits are not actual accessory measurements.,text,unreviewed,81,18424d5f3fc49f84d7a5095bc6d2a169a8d417a16e5d9ca1ee8fd7db1c2bc530
product:LSP24 36/42,heightIn,unknown,,Overall accessory dimensions are not given by a per-SKU dimension table; nominal host digits are not actual accessory measurements.,text,unreviewed,81,18424d5f3fc49f84d7a5095bc6d2a169a8d417a16e5d9ca1ee8fd7db1c2bc530
product:LSP24 36/42,depthIn,unknown,,Overall accessory dimensions are not given by a per-SKU dimension table; nominal host digits are not actual accessory measurements.,text,unreviewed,81,18424d5f3fc49f84d7a5095bc6d2a169a8d417a16e5d9ca1ee8fd7db1c2bc530
product:LSW24 30,sku,known,LSW24 30,,text,unreviewed,81,18424d5f3fc49f84d7a5095bc6d2a169a8d417a16e5d9ca1ee8fd7db1c2bc530
product:LSW24 30,manufacturerCategory,known,Base & Wall Accessories,,text,unreviewed,81,18424d5f3fc49f84d7a5095bc6d2a169a8d417a16e5d9ca1ee8fd7db1c2bc530
product:LSW24 30,normalizedCategory,known,accessory,,derived,unreviewed,81,18424d5f3fc49f84d7a5095bc6d2a169a8d417a16e5d9ca1ee8fd7db1c2bc530
product:LSW24 30,postAdjustable,known,True,,text,unreviewed,81,18424d5f3fc49f84d7a5095bc6d2a169a8d417a16e5d9ca1ee8fd7db1c2bc530
product:LSW24 30,installation,known,Brackets pre-installed; remaining parts installed on site,,text,unreviewed,81,18424d5f3fc49f84d7a5095bc6d2a169a8d417a16e5d9ca1ee8fd7db1c2bc530
product:LSW24 30,trayMaterial,known,wood,,text,unreviewed,81,18424d5f3fc49f84d7a5095bc6d2a169a8d417a16e5d9ca1ee8fd7db1c2bc530
product:LSW24 30,configurationNotes,known,42-inch lazy susan has 3 trays; 42-inch poles can be cut to fit 36-inch cabinet,,text,unreviewed,81,18424d5f3fc49f84d7a5095bc6d2a169a8d417a16e5d9ca1ee8fd7db1c2bc530
product:LSW24 30,widthIn,unknown,,Overall accessory dimensions are not given by a per-SKU dimension table; nominal host digits are not actual accessory measurements.,text,unreviewed,81,18424d5f3fc49f84d7a5095bc6d2a169a8d417a16e5d9ca1ee8fd7db1c2bc530
product:LSW24 30,heightIn,unknown,,Overall accessory dimensions are not given by a per-SKU dimension table; nominal host digits are not actual accessory measurements.,text,unreviewed,81,18424d5f3fc49f84d7a5095bc6d2a169a8d417a16e5d9ca1ee8fd7db1c2bc530
product:LSW24 30,depthIn,unknown,,Overall accessory dimensions are not given by a per-SKU dimension table; nominal host digits are not actual accessory measurements.,text,unreviewed,81,18424d5f3fc49f84d7a5095bc6d2a169a8d417a16e5d9ca1ee8fd7db1c2bc530
product:LSW24 36/42,sku,known,LSW24 36/42,,text,unreviewed,81,18424d5f3fc49f84d7a5095bc6d2a169a8d417a16e5d9ca1ee8fd7db1c2bc530
product:LSW24 36/42,manufacturerCategory,known,Base & Wall Accessories,,text,unreviewed,81,18424d5f3fc49f84d7a5095bc6d2a169a8d417a16e5d9ca1ee8fd7db1c2bc530
product:LSW24 36/42,normalizedCategory,known,accessory,,derived,unreviewed,81,18424d5f3fc49f84d7a5095bc6d2a169a8d417a16e5d9ca1ee8fd7db1c2bc530
product:LSW24 36/42,postAdjustable,known,True,,text,unreviewed,81,18424d5f3fc49f84d7a5095bc6d2a169a8d417a16e5d9ca1ee8fd7db1c2bc530
product:LSW24 36/42,installation,known,Brackets pre-installed; remaining parts installed on site,,text,unreviewed,81,18424d5f3fc49f84d7a5095bc6d2a169a8d417a16e5d9ca1ee8fd7db1c2bc530
product:LSW24 36/42,trayMaterial,known,wood,,text,unreviewed,81,18424d5f3fc49f84d7a5095bc6d2a169a8d417a16e5d9ca1ee8fd7db1c2bc530
product:LSW24 36/42,configurationNotes,known,42-inch lazy susan has 3 trays; 42-inch poles can be cut to fit 36-inch cabinet,,text,unreviewed,81,18424d5f3fc49f84d7a5095bc6d2a169a8d417a16e5d9ca1ee8fd7db1c2bc530
product:LSW24 36/42,widthIn,unknown,,Overall accessory dimensions are not given by a per-SKU dimension table; nominal host digits are not actual accessory measurements.,text,unreviewed,81,18424d5f3fc49f84d7a5095bc6d2a169a8d417a16e5d9ca1ee8fd7db1c2bc530
product:LSW24 36/42,heightIn,unknown,,Overall accessory dimensions are not given by a per-SKU dimension table; nominal host digits are not actual accessory measurements.,text,unreviewed,81,18424d5f3fc49f84d7a5095bc6d2a169a8d417a16e5d9ca1ee8fd7db1c2bc530
product:LSW24 36/42,depthIn,unknown,,Overall accessory dimensions are not given by a per-SKU dimension table; nominal host digits are not actual accessory measurements.,text,unreviewed,81,18424d5f3fc49f84d7a5095bc6d2a169a8d417a16e5d9ca1ee8fd7db1c2bc530
product:LSW27 30,sku,known,LSW27 30,,text,unreviewed,81,18424d5f3fc49f84d7a5095bc6d2a169a8d417a16e5d9ca1ee8fd7db1c2bc530
product:LSW27 30,manufacturerCategory,known,Base & Wall Accessories,,text,unreviewed,81,18424d5f3fc49f84d7a5095bc6d2a169a8d417a16e5d9ca1ee8fd7db1c2bc530
product:LSW27 30,normalizedCategory,known,accessory,,derived,unreviewed,81,18424d5f3fc49f84d7a5095bc6d2a169a8d417a16e5d9ca1ee8fd7db1c2bc530
product:LSW27 30,postAdjustable,known,True,,text,unreviewed,81,18424d5f3fc49f84d7a5095bc6d2a169a8d417a16e5d9ca1ee8fd7db1c2bc530
product:LSW27 30,installation,known,Brackets pre-installed; remaining parts installed on site,,text,unreviewed,81,18424d5f3fc49f84d7a5095bc6d2a169a8d417a16e5d9ca1ee8fd7db1c2bc530
product:LSW27 30,trayMaterial,known,wood,,text,unreviewed,81,18424d5f3fc49f84d7a5095bc6d2a169a8d417a16e5d9ca1ee8fd7db1c2bc530
product:LSW27 30,trayDiameterIn,known,20,,text,unreviewed,81,18424d5f3fc49f84d7a5095bc6d2a169a8d417a16e5d9ca1ee8fd7db1c2bc530
product:LSW27 30,configurationNotes,known,42-inch lazy susan has 3 trays; 42-inch poles can be cut to fit 36-inch cabinet,,text,unreviewed,81,18424d5f3fc49f84d7a5095bc6d2a169a8d417a16e5d9ca1ee8fd7db1c2bc530
product:LSW27 30,widthIn,unknown,,Overall accessory dimensions are not given by a per-SKU dimension table; nominal host digits are not actual accessory measurements.,text,unreviewed,81,18424d5f3fc49f84d7a5095bc6d2a169a8d417a16e5d9ca1ee8fd7db1c2bc530
product:LSW27 30,heightIn,unknown,,Overall accessory dimensions are not given by a per-SKU dimension table; nominal host digits are not actual accessory measurements.,text,unreviewed,81,18424d5f3fc49f84d7a5095bc6d2a169a8d417a16e5d9ca1ee8fd7db1c2bc530
product:LSW27 30,depthIn,unknown,,Overall accessory dimensions are not given by a per-SKU dimension table; nominal host digits are not actual accessory measurements.,text,unreviewed,81,18424d5f3fc49f84d7a5095bc6d2a169a8d417a16e5d9ca1ee8fd7db1c2bc530
product:LSW27 36/42,sku,known,LSW27 36/42,,text,unreviewed,81,18424d5f3fc49f84d7a5095bc6d2a169a8d417a16e5d9ca1ee8fd7db1c2bc530
product:LSW27 36/42,manufacturerCategory,known,Base & Wall Accessories,,text,unreviewed,81,18424d5f3fc49f84d7a5095bc6d2a169a8d417a16e5d9ca1ee8fd7db1c2bc530
product:LSW27 36/42,normalizedCategory,known,accessory,,derived,unreviewed,81,18424d5f3fc49f84d7a5095bc6d2a169a8d417a16e5d9ca1ee8fd7db1c2bc530
product:LSW27 36/42,postAdjustable,known,True,,text,unreviewed,81,18424d5f3fc49f84d7a5095bc6d2a169a8d417a16e5d9ca1ee8fd7db1c2bc530
product:LSW27 36/42,installation,known,Brackets pre-installed; remaining parts installed on site,,text,unreviewed,81,18424d5f3fc49f84d7a5095bc6d2a169a8d417a16e5d9ca1ee8fd7db1c2bc530
product:LSW27 36/42,trayMaterial,known,wood,,text,unreviewed,81,18424d5f3fc49f84d7a5095bc6d2a169a8d417a16e5d9ca1ee8fd7db1c2bc530
product:LSW27 36/42,trayDiameterIn,known,20,,text,unreviewed,81,18424d5f3fc49f84d7a5095bc6d2a169a8d417a16e5d9ca1ee8fd7db1c2bc530
product:LSW27 36/42,configurationNotes,known,42-inch lazy susan has 3 trays; 42-inch poles can be cut to fit 36-inch cabinet,,text,unreviewed,81,18424d5f3fc49f84d7a5095bc6d2a169a8d417a16e5d9ca1ee8fd7db1c2bc530
product:LSW27 36/42,widthIn,unknown,,Overall accessory dimensions are not given by a per-SKU dimension table; nominal host digits are not actual accessory measurements.,text,unreviewed,81,18424d5f3fc49f84d7a5095bc6d2a169a8d417a16e5d9ca1ee8fd7db1c2bc530
product:LSW27 36/42,heightIn,unknown,,Overall accessory dimensions are not given by a per-SKU dimension table; nominal host digits are not actual accessory measurements.,text,unreviewed,81,18424d5f3fc49f84d7a5095bc6d2a169a8d417a16e5d9ca1ee8fd7db1c2bc530
product:LSW27 36/42,depthIn,unknown,,Overall accessory dimensions are not given by a per-SKU dimension table; nominal host digits are not actual accessory measurements.,text,unreviewed,81,18424d5f3fc49f84d7a5095bc6d2a169a8d417a16e5d9ca1ee8fd7db1c2bc530
product:MLU-B18,manufacturerCategory,known,Base Accessories,,text,unreviewed,79,18424d5f3fc49f84d7a5095bc6d2a169a8d417a16e5d9ca1ee8fd7db1c2bc530
product:MLU-B18,normalizedCategory,known,accessory,,derived,unreviewed,79,18424d5f3fc49f84d7a5095bc6d2a169a8d417a16e5d9ca1ee8fd7db1c2bc530
product:MLU-B18,sku,known,MLU-B18,,text,unreviewed,79,18424d5f3fc49f84d7a5095bc6d2a169a8d417a16e5d9ca1ee8fd7db1c2bc530
product:MLU-B18,widthIn,unknown,,"Required by the installation geometry policy. Overall product dimension is not established by reviewed evidence; host size, tray diameter or mixer shelf dimensions are not overall dimensions.",text,unreviewed,79,18424d5f3fc49f84d7a5095bc6d2a169a8d417a16e5d9ca1ee8fd7db1c2bc530
product:MLU-B18,heightIn,unknown,,"Required by the installation geometry policy. Overall product dimension is not established by reviewed evidence; host size, tray diameter or mixer shelf dimensions are not overall dimensions.",text,unreviewed,79,18424d5f3fc49f84d7a5095bc6d2a169a8d417a16e5d9ca1ee8fd7db1c2bc530
product:MLU-B18,depthIn,unknown,,"Required by the installation geometry policy. Overall product dimension is not established by reviewed evidence; host size, tray diameter or mixer shelf dimensions are not overall dimensions.",text,unreviewed,79,18424d5f3fc49f84d7a5095bc6d2a169a8d417a16e5d9ca1ee8fd7db1c2bc530
product:NDW1230,sku,known,NDW1230,,text,unreviewed,35,18424d5f3fc49f84d7a5095bc6d2a169a8d417a16e5d9ca1ee8fd7db1c2bc530
product:NDW1230,manufacturerCategory,known,NO DOOR,,text,unreviewed,35,18424d5f3fc49f84d7a5095bc6d2a169a8d417a16e5d9ca1ee8fd7db1c2bc530
product:NDW1230,normalizedCategory,known,wall_cabinet,,derived,unreviewed,35,18424d5f3fc49f84d7a5095bc6d2a169a8d417a16e5d9ca1ee8fd7db1c2bc530
product:NDW1230,depthIn,known,12,,vision,unreviewed,35,18424d5f3fc49f84d7a5095bc6d2a169a8d417a16e5d9ca1ee8fd7db1c2bc530
product:NDW1230,widthIn,unknown,,No explicit per-SKU width; numeric SKU decoding is unverified.,text,unreviewed,35,18424d5f3fc49f84d7a5095bc6d2a169a8d417a16e5d9ca1ee8fd7db1c2bc530
product:NDW1230,heightIn,unknown,,Shared diagram lists height options; assignment by SKU suffix remains unverified.,text,unreviewed,35,18424d5f3fc49f84d7a5095bc6d2a169a8d417a16e5d9ca1ee8fd7db1c2bc530
product:NDW1230,doorIncluded,known,False,,text,unreviewed,35,18424d5f3fc49f84d7a5095bc6d2a169a8d417a16e5d9ca1ee8fd7db1c2bc530
product:NDW1230,hingesInstalled,known,True,,text,unreviewed,35,18424d5f3fc49f84d7a5095bc6d2a169a8d417a16e5d9ca1ee8fd7db1c2bc530
product:NDW1230,interiorFinish,known,Matches frame color,,text,unreviewed,35,18424d5f3fc49f84d7a5095bc6d2a169a8d417a16e5d9ca1ee8fd7db1c2bc530
product:NDW1230,shelfMaterial,known,tempered glass,,text,unreviewed,35,18424d5f3fc49f84d7a5095bc6d2a169a8d417a16e5d9ca1ee8fd7db1c2bc530
product:NDW1230,shelfThicknessIn,known,0.25,,text,unreviewed,35,18424d5f3fc49f84d7a5095bc6d2a169a8d417a16e5d9ca1ee8fd7db1c2bc530
product:NDW1230,depthChangeShelfMaterial,known,matching interior wood,,text,unreviewed,35,18424d5f3fc49f84d7a5095bc6d2a169a8d417a16e5d9ca1ee8fd7db1c2bc530
product:NDW1236,sku,known,NDW1236,,text,unreviewed,35,18424d5f3fc49f84d7a5095bc6d2a169a8d417a16e5d9ca1ee8fd7db1c2bc530
product:NDW1236,manufacturerCategory,known,NO DOOR,,text,unreviewed,35,18424d5f3fc49f84d7a5095bc6d2a169a8d417a16e5d9ca1ee8fd7db1c2bc530
product:NDW1236,normalizedCategory,known,wall_cabinet,,derived,unreviewed,35,18424d5f3fc49f84d7a5095bc6d2a169a8d417a16e5d9ca1ee8fd7db1c2bc530
product:NDW1236,depthIn,known,12,,vision,unreviewed,35,18424d5f3fc49f84d7a5095bc6d2a169a8d417a16e5d9ca1ee8fd7db1c2bc530
product:NDW1236,widthIn,unknown,,No explicit per-SKU width; numeric SKU decoding is unverified.,text,unreviewed,35,18424d5f3fc49f84d7a5095bc6d2a169a8d417a16e5d9ca1ee8fd7db1c2bc530
product:NDW1236,heightIn,unknown,,Shared diagram lists height options; assignment by SKU suffix remains unverified.,text,unreviewed,35,18424d5f3fc49f84d7a5095bc6d2a169a8d417a16e5d9ca1ee8fd7db1c2bc530
product:NDW1236,doorIncluded,known,False,,text,unreviewed,35,18424d5f3fc49f84d7a5095bc6d2a169a8d417a16e5d9ca1ee8fd7db1c2bc530
product:NDW1236,hingesInstalled,known,True,,text,unreviewed,35,18424d5f3fc49f84d7a5095bc6d2a169a8d417a16e5d9ca1ee8fd7db1c2bc530
product:NDW1236,interiorFinish,known,Matches frame color,,text,unreviewed,35,18424d5f3fc49f84d7a5095bc6d2a169a8d417a16e5d9ca1ee8fd7db1c2bc530
product:NDW1236,shelfMaterial,known,tempered glass,,text,unreviewed,35,18424d5f3fc49f84d7a5095bc6d2a169a8d417a16e5d9ca1ee8fd7db1c2bc530
product:NDW1236,shelfThicknessIn,known,0.25,,text,unreviewed,35,18424d5f3fc49f84d7a5095bc6d2a169a8d417a16e5d9ca1ee8fd7db1c2bc530
product:NDW1236,depthChangeShelfMaterial,known,matching interior wood,,text,unreviewed,35,18424d5f3fc49f84d7a5095bc6d2a169a8d417a16e5d9ca1ee8fd7db1c2bc530
product:NDW1242,sku,known,NDW1242,,text,unreviewed,35,18424d5f3fc49f84d7a5095bc6d2a169a8d417a16e5d9ca1ee8fd7db1c2bc530
product:NDW1242,manufacturerCategory,known,NO DOOR,,text,unreviewed,35,18424d5f3fc49f84d7a5095bc6d2a169a8d417a16e5d9ca1ee8fd7db1c2bc530
product:NDW1242,normalizedCategory,known,wall_cabinet,,derived,unreviewed,35,18424d5f3fc49f84d7a5095bc6d2a169a8d417a16e5d9ca1ee8fd7db1c2bc530
product:NDW1242,depthIn,known,12,,vision,unreviewed,35,18424d5f3fc49f84d7a5095bc6d2a169a8d417a16e5d9ca1ee8fd7db1c2bc530
product:NDW1242,widthIn,unknown,,No explicit per-SKU width; numeric SKU decoding is unverified.,text,unreviewed,35,18424d5f3fc49f84d7a5095bc6d2a169a8d417a16e5d9ca1ee8fd7db1c2bc530
product:NDW1242,heightIn,unknown,,Shared diagram lists height options; assignment by SKU suffix remains unverified.,text,unreviewed,35,18424d5f3fc49f84d7a5095bc6d2a169a8d417a16e5d9ca1ee8fd7db1c2bc530
product:NDW1242,doorIncluded,known,False,,text,unreviewed,35,18424d5f3fc49f84d7a5095bc6d2a169a8d417a16e5d9ca1ee8fd7db1c2bc530
product:NDW1242,hingesInstalled,known,True,,text,unreviewed,35,18424d5f3fc49f84d7a5095bc6d2a169a8d417a16e5d9ca1ee8fd7db1c2bc530
product:NDW1242,interiorFinish,known,Matches frame color,,text,unreviewed,35,18424d5f3fc49f84d7a5095bc6d2a169a8d417a16e5d9ca1ee8fd7db1c2bc530
product:NDW1242,shelfMaterial,known,tempered glass,,text,unreviewed,35,18424d5f3fc49f84d7a5095bc6d2a169a8d417a16e5d9ca1ee8fd7db1c2bc530
product:NDW1242,shelfThicknessIn,known,0.25,,text,unreviewed,35,18424d5f3fc49f84d7a5095bc6d2a169a8d417a16e5d9ca1ee8fd7db1c2bc530
product:NDW1242,depthChangeShelfMaterial,known,matching interior wood,,text,unreviewed,35,18424d5f3fc49f84d7a5095bc6d2a169a8d417a16e5d9ca1ee8fd7db1c2bc530
product:NDW1530,sku,known,NDW1530,,text,unreviewed,35,18424d5f3fc49f84d7a5095bc6d2a169a8d417a16e5d9ca1ee8fd7db1c2bc530
product:NDW1530,manufacturerCategory,known,NO DOOR,,text,unreviewed,35,18424d5f3fc49f84d7a5095bc6d2a169a8d417a16e5d9ca1ee8fd7db1c2bc530
product:NDW1530,normalizedCategory,known,wall_cabinet,,derived,unreviewed,35,18424d5f3fc49f84d7a5095bc6d2a169a8d417a16e5d9ca1ee8fd7db1c2bc530
product:NDW1530,depthIn,known,12,,vision,unreviewed,35,18424d5f3fc49f84d7a5095bc6d2a169a8d417a16e5d9ca1ee8fd7db1c2bc530
product:NDW1530,widthIn,unknown,,No explicit per-SKU width; numeric SKU decoding is unverified.,text,unreviewed,35,18424d5f3fc49f84d7a5095bc6d2a169a8d417a16e5d9ca1ee8fd7db1c2bc530
product:NDW1530,heightIn,unknown,,Shared diagram lists height options; assignment by SKU suffix remains unverified.,text,unreviewed,35,18424d5f3fc49f84d7a5095bc6d2a169a8d417a16e5d9ca1ee8fd7db1c2bc530
product:NDW1530,doorIncluded,known,False,,text,unreviewed,35,18424d5f3fc49f84d7a5095bc6d2a169a8d417a16e5d9ca1ee8fd7db1c2bc530
product:NDW1530,hingesInstalled,known,True,,text,unreviewed,35,18424d5f3fc49f84d7a5095bc6d2a169a8d417a16e5d9ca1ee8fd7db1c2bc530
product:NDW1530,interiorFinish,known,Matches frame color,,text,unreviewed,35,18424d5f3fc49f84d7a5095bc6d2a169a8d417a16e5d9ca1ee8fd7db1c2bc530
product:NDW1530,shelfMaterial,known,tempered glass,,text,unreviewed,35,18424d5f3fc49f84d7a5095bc6d2a169a8d417a16e5d9ca1ee8fd7db1c2bc530
product:NDW1530,shelfThicknessIn,known,0.25,,text,unreviewed,35,18424d5f3fc49f84d7a5095bc6d2a169a8d417a16e5d9ca1ee8fd7db1c2bc530
product:NDW1530,depthChangeShelfMaterial,known,matching interior wood,,text,unreviewed,35,18424d5f3fc49f84d7a5095bc6d2a169a8d417a16e5d9ca1ee8fd7db1c2bc530
product:NDW1536,sku,known,NDW1536,,text,unreviewed,35,18424d5f3fc49f84d7a5095bc6d2a169a8d417a16e5d9ca1ee8fd7db1c2bc530
product:NDW1536,manufacturerCategory,known,NO DOOR,,text,unreviewed,35,18424d5f3fc49f84d7a5095bc6d2a169a8d417a16e5d9ca1ee8fd7db1c2bc530
product:NDW1536,normalizedCategory,known,wall_cabinet,,derived,unreviewed,35,18424d5f3fc49f84d7a5095bc6d2a169a8d417a16e5d9ca1ee8fd7db1c2bc530
product:NDW1536,depthIn,known,12,,vision,unreviewed,35,18424d5f3fc49f84d7a5095bc6d2a169a8d417a16e5d9ca1ee8fd7db1c2bc530
product:NDW1536,widthIn,unknown,,No explicit per-SKU width; numeric SKU decoding is unverified.,text,unreviewed,35,18424d5f3fc49f84d7a5095bc6d2a169a8d417a16e5d9ca1ee8fd7db1c2bc530
product:NDW1536,heightIn,unknown,,Shared diagram lists height options; assignment by SKU suffix remains unverified.,text,unreviewed,35,18424d5f3fc49f84d7a5095bc6d2a169a8d417a16e5d9ca1ee8fd7db1c2bc530
product:NDW1536,doorIncluded,known,False,,text,unreviewed,35,18424d5f3fc49f84d7a5095bc6d2a169a8d417a16e5d9ca1ee8fd7db1c2bc530
product:NDW1536,hingesInstalled,known,True,,text,unreviewed,35,18424d5f3fc49f84d7a5095bc6d2a169a8d417a16e5d9ca1ee8fd7db1c2bc530
product:NDW1536,interiorFinish,known,Matches frame color,,text,unreviewed,35,18424d5f3fc49f84d7a5095bc6d2a169a8d417a16e5d9ca1ee8fd7db1c2bc530
product:NDW1536,shelfMaterial,known,tempered glass,,text,unreviewed,35,18424d5f3fc49f84d7a5095bc6d2a169a8d417a16e5d9ca1ee8fd7db1c2bc530
product:NDW1536,shelfThicknessIn,known,0.25,,text,unreviewed,35,18424d5f3fc49f84d7a5095bc6d2a169a8d417a16e5d9ca1ee8fd7db1c2bc530
product:NDW1536,depthChangeShelfMaterial,known,matching interior wood,,text,unreviewed,35,18424d5f3fc49f84d7a5095bc6d2a169a8d417a16e5d9ca1ee8fd7db1c2bc530
product:NDW1536,shelfCount,known,3,,text,unreviewed,35,18424d5f3fc49f84d7a5095bc6d2a169a8d417a16e5d9ca1ee8fd7db1c2bc530
product:NDW1539,sku,known,NDW1539,,text,unreviewed,35,18424d5f3fc49f84d7a5095bc6d2a169a8d417a16e5d9ca1ee8fd7db1c2bc530
product:NDW1539,manufacturerCategory,known,NO DOOR,,text,unreviewed,35,18424d5f3fc49f84d7a5095bc6d2a169a8d417a16e5d9ca1ee8fd7db1c2bc530
product:NDW1539,normalizedCategory,known,wall_cabinet,,derived,unreviewed,35,18424d5f3fc49f84d7a5095bc6d2a169a8d417a16e5d9ca1ee8fd7db1c2bc530
product:NDW1539,depthIn,known,12,,vision,unreviewed,35,18424d5f3fc49f84d7a5095bc6d2a169a8d417a16e5d9ca1ee8fd7db1c2bc530
product:NDW1539,widthIn,unknown,,No explicit per-SKU width; numeric SKU decoding is unverified.,text,unreviewed,35,18424d5f3fc49f84d7a5095bc6d2a169a8d417a16e5d9ca1ee8fd7db1c2bc530
product:NDW1539,heightIn,unknown,,Shared diagram lists height options; assignment by SKU suffix remains unverified.,text,unreviewed,35,18424d5f3fc49f84d7a5095bc6d2a169a8d417a16e5d9ca1ee8fd7db1c2bc530
product:NDW1539,doorIncluded,known,False,,text,unreviewed,35,18424d5f3fc49f84d7a5095bc6d2a169a8d417a16e5d9ca1ee8fd7db1c2bc530
product:NDW1539,hingesInstalled,known,True,,text,unreviewed,35,18424d5f3fc49f84d7a5095bc6d2a169a8d417a16e5d9ca1ee8fd7db1c2bc530
product:NDW1539,interiorFinish,known,Matches frame color,,text,unreviewed,35,18424d5f3fc49f84d7a5095bc6d2a169a8d417a16e5d9ca1ee8fd7db1c2bc530
product:NDW1539,shelfMaterial,known,tempered glass,,text,unreviewed,35,18424d5f3fc49f84d7a5095bc6d2a169a8d417a16e5d9ca1ee8fd7db1c2bc530
product:NDW1539,shelfThicknessIn,known,0.25,,text,unreviewed,35,18424d5f3fc49f84d7a5095bc6d2a169a8d417a16e5d9ca1ee8fd7db1c2bc530
product:NDW1539,depthChangeShelfMaterial,known,matching interior wood,,text,unreviewed,35,18424d5f3fc49f84d7a5095bc6d2a169a8d417a16e5d9ca1ee8fd7db1c2bc530
product:NDW1539,shelfCount,known,3,,text,unreviewed,35,18424d5f3fc49f84d7a5095bc6d2a169a8d417a16e5d9ca1ee8fd7db1c2bc530
product:NDW1542,sku,known,NDW1542,,text,unreviewed,35,18424d5f3fc49f84d7a5095bc6d2a169a8d417a16e5d9ca1ee8fd7db1c2bc530
product:NDW1542,manufacturerCategory,known,NO DOOR,,text,unreviewed,35,18424d5f3fc49f84d7a5095bc6d2a169a8d417a16e5d9ca1ee8fd7db1c2bc530
product:NDW1542,normalizedCategory,known,wall_cabinet,,derived,unreviewed,35,18424d5f3fc49f84d7a5095bc6d2a169a8d417a16e5d9ca1ee8fd7db1c2bc530
product:NDW1542,depthIn,known,12,,vision,unreviewed,35,18424d5f3fc49f84d7a5095bc6d2a169a8d417a16e5d9ca1ee8fd7db1c2bc530
product:NDW1542,widthIn,unknown,,No explicit per-SKU width; numeric SKU decoding is unverified.,text,unreviewed,35,18424d5f3fc49f84d7a5095bc6d2a169a8d417a16e5d9ca1ee8fd7db1c2bc530
product:NDW1542,heightIn,unknown,,Shared diagram lists height options; assignment by SKU suffix remains unverified.,text,unreviewed,35,18424d5f3fc49f84d7a5095bc6d2a169a8d417a16e5d9ca1ee8fd7db1c2bc530
product:NDW1542,doorIncluded,known,False,,text,unreviewed,35,18424d5f3fc49f84d7a5095bc6d2a169a8d417a16e5d9ca1ee8fd7db1c2bc530
product:NDW1542,hingesInstalled,known,True,,text,unreviewed,35,18424d5f3fc49f84d7a5095bc6d2a169a8d417a16e5d9ca1ee8fd7db1c2bc530
product:NDW1542,interiorFinish,known,Matches frame color,,text,unreviewed,35,18424d5f3fc49f84d7a5095bc6d2a169a8d417a16e5d9ca1ee8fd7db1c2bc530
product:NDW1542,shelfMaterial,known,tempered glass,,text,unreviewed,35,18424d5f3fc49f84d7a5095bc6d2a169a8d417a16e5d9ca1ee8fd7db1c2bc530
product:NDW1542,shelfThicknessIn,known,0.25,,text,unreviewed,35,18424d5f3fc49f84d7a5095bc6d2a169a8d417a16e5d9ca1ee8fd7db1c2bc530
product:NDW1542,depthChangeShelfMaterial,known,matching interior wood,,text,unreviewed,35,18424d5f3fc49f84d7a5095bc6d2a169a8d417a16e5d9ca1ee8fd7db1c2bc530
product:NDW1542,shelfCount,known,3,,text,unreviewed,35,18424d5f3fc49f84d7a5095bc6d2a169a8d417a16e5d9ca1ee8fd7db1c2bc530
product:NDW1830,sku,known,NDW1830,,text,unreviewed,35,18424d5f3fc49f84d7a5095bc6d2a169a8d417a16e5d9ca1ee8fd7db1c2bc530
product:NDW1830,manufacturerCategory,known,NO DOOR,,text,unreviewed,35,18424d5f3fc49f84d7a5095bc6d2a169a8d417a16e5d9ca1ee8fd7db1c2bc530
product:NDW1830,normalizedCategory,known,wall_cabinet,,derived,unreviewed,35,18424d5f3fc49f84d7a5095bc6d2a169a8d417a16e5d9ca1ee8fd7db1c2bc530
product:NDW1830,depthIn,known,12,,vision,unreviewed,35,18424d5f3fc49f84d7a5095bc6d2a169a8d417a16e5d9ca1ee8fd7db1c2bc530
product:NDW1830,widthIn,unknown,,No explicit per-SKU width; numeric SKU decoding is unverified.,text,unreviewed,35,18424d5f3fc49f84d7a5095bc6d2a169a8d417a16e5d9ca1ee8fd7db1c2bc530
product:NDW1830,heightIn,unknown,,Shared diagram lists height options; assignment by SKU suffix remains unverified.,text,unreviewed,35,18424d5f3fc49f84d7a5095bc6d2a169a8d417a16e5d9ca1ee8fd7db1c2bc530
product:NDW1830,doorIncluded,known,False,,text,unreviewed,35,18424d5f3fc49f84d7a5095bc6d2a169a8d417a16e5d9ca1ee8fd7db1c2bc530
product:NDW1830,hingesInstalled,known,True,,text,unreviewed,35,18424d5f3fc49f84d7a5095bc6d2a169a8d417a16e5d9ca1ee8fd7db1c2bc530
product:NDW1830,interiorFinish,known,Matches frame color,,text,unreviewed,35,18424d5f3fc49f84d7a5095bc6d2a169a8d417a16e5d9ca1ee8fd7db1c2bc530
product:NDW1830,shelfMaterial,known,tempered glass,,text,unreviewed,35,18424d5f3fc49f84d7a5095bc6d2a169a8d417a16e5d9ca1ee8fd7db1c2bc530
product:NDW1830,shelfThicknessIn,known,0.25,,text,unreviewed,35,18424d5f3fc49f84d7a5095bc6d2a169a8d417a16e5d9ca1ee8fd7db1c2bc530
product:NDW1830,depthChangeShelfMaterial,known,matching interior wood,,text,unreviewed,35,18424d5f3fc49f84d7a5095bc6d2a169a8d417a16e5d9ca1ee8fd7db1c2bc530
product:NDW1836,sku,known,NDW1836,,text,unreviewed,35,18424d5f3fc49f84d7a5095bc6d2a169a8d417a16e5d9ca1ee8fd7db1c2bc530
product:NDW1836,manufacturerCategory,known,NO DOOR,,text,unreviewed,35,18424d5f3fc49f84d7a5095bc6d2a169a8d417a16e5d9ca1ee8fd7db1c2bc530
product:NDW1836,normalizedCategory,known,wall_cabinet,,derived,unreviewed,35,18424d5f3fc49f84d7a5095bc6d2a169a8d417a16e5d9ca1ee8fd7db1c2bc530
product:NDW1836,depthIn,known,12,,vision,unreviewed,35,18424d5f3fc49f84d7a5095bc6d2a169a8d417a16e5d9ca1ee8fd7db1c2bc530
product:NDW1836,widthIn,unknown,,No explicit per-SKU width; numeric SKU decoding is unverified.,text,unreviewed,35,18424d5f3fc49f84d7a5095bc6d2a169a8d417a16e5d9ca1ee8fd7db1c2bc530
product:NDW1836,heightIn,unknown,,Shared diagram lists height options; assignment by SKU suffix remains unverified.,text,unreviewed,35,18424d5f3fc49f84d7a5095bc6d2a169a8d417a16e5d9ca1ee8fd7db1c2bc530
product:NDW1836,doorIncluded,known,False,,text,unreviewed,35,18424d5f3fc49f84d7a5095bc6d2a169a8d417a16e5d9ca1ee8fd7db1c2bc530
product:NDW1836,hingesInstalled,known,True,,text,unreviewed,35,18424d5f3fc49f84d7a5095bc6d2a169a8d417a16e5d9ca1ee8fd7db1c2bc530
product:NDW1836,interiorFinish,known,Matches frame color,,text,unreviewed,35,18424d5f3fc49f84d7a5095bc6d2a169a8d417a16e5d9ca1ee8fd7db1c2bc530
product:NDW1836,shelfMaterial,known,tempered glass,,text,unreviewed,35,18424d5f3fc49f84d7a5095bc6d2a169a8d417a16e5d9ca1ee8fd7db1c2bc530
product:NDW1836,shelfThicknessIn,known,0.25,,text,unreviewed,35,18424d5f3fc49f84d7a5095bc6d2a169a8d417a16e5d9ca1ee8fd7db1c2bc530
product:NDW1836,depthChangeShelfMaterial,known,matching interior wood,,text,unreviewed,35,18424d5f3fc49f84d7a5095bc6d2a169a8d417a16e5d9ca1ee8fd7db1c2bc530
product:NDW1836,shelfCount,known,3,,text,unreviewed,35,18424d5f3fc49f84d7a5095bc6d2a169a8d417a16e5d9ca1ee8fd7db1c2bc530
product:NDW1839,sku,known,NDW1839,,text,unreviewed,35,18424d5f3fc49f84d7a5095bc6d2a169a8d417a16e5d9ca1ee8fd7db1c2bc530
product:NDW1839,manufacturerCategory,known,NO DOOR,,text,unreviewed,35,18424d5f3fc49f84d7a5095bc6d2a169a8d417a16e5d9ca1ee8fd7db1c2bc530
product:NDW1839,normalizedCategory,known,wall_cabinet,,derived,unreviewed,35,18424d5f3fc49f84d7a5095bc6d2a169a8d417a16e5d9ca1ee8fd7db1c2bc530
product:NDW1839,depthIn,known,12,,vision,unreviewed,35,18424d5f3fc49f84d7a5095bc6d2a169a8d417a16e5d9ca1ee8fd7db1c2bc530
product:NDW1839,widthIn,unknown,,No explicit per-SKU width; numeric SKU decoding is unverified.,text,unreviewed,35,18424d5f3fc49f84d7a5095bc6d2a169a8d417a16e5d9ca1ee8fd7db1c2bc530
product:NDW1839,heightIn,unknown,,Shared diagram lists height options; assignment by SKU suffix remains unverified.,text,unreviewed,35,18424d5f3fc49f84d7a5095bc6d2a169a8d417a16e5d9ca1ee8fd7db1c2bc530
product:NDW1839,doorIncluded,known,False,,text,unreviewed,35,18424d5f3fc49f84d7a5095bc6d2a169a8d417a16e5d9ca1ee8fd7db1c2bc530
product:NDW1839,hingesInstalled,known,True,,text,unreviewed,35,18424d5f3fc49f84d7a5095bc6d2a169a8d417a16e5d9ca1ee8fd7db1c2bc530
product:NDW1839,interiorFinish,known,Matches frame color,,text,unreviewed,35,18424d5f3fc49f84d7a5095bc6d2a169a8d417a16e5d9ca1ee8fd7db1c2bc530
product:NDW1839,shelfMaterial,known,tempered glass,,text,unreviewed,35,18424d5f3fc49f84d7a5095bc6d2a169a8d417a16e5d9ca1ee8fd7db1c2bc530
product:NDW1839,shelfThicknessIn,known,0.25,,text,unreviewed,35,18424d5f3fc49f84d7a5095bc6d2a169a8d417a16e5d9ca1ee8fd7db1c2bc530
product:NDW1839,depthChangeShelfMaterial,known,matching interior wood,,text,unreviewed,35,18424d5f3fc49f84d7a5095bc6d2a169a8d417a16e5d9ca1ee8fd7db1c2bc530
product:NDW1839,shelfCount,known,3,,text,unreviewed,35,18424d5f3fc49f84d7a5095bc6d2a169a8d417a16e5d9ca1ee8fd7db1c2bc530
product:NDW1842,sku,known,NDW1842,,text,unreviewed,35,18424d5f3fc49f84d7a5095bc6d2a169a8d417a16e5d9ca1ee8fd7db1c2bc530
product:NDW1842,manufacturerCategory,known,NO DOOR,,text,unreviewed,35,18424d5f3fc49f84d7a5095bc6d2a169a8d417a16e5d9ca1ee8fd7db1c2bc530
product:NDW1842,normalizedCategory,known,wall_cabinet,,derived,unreviewed,35,18424d5f3fc49f84d7a5095bc6d2a169a8d417a16e5d9ca1ee8fd7db1c2bc530
product:NDW1842,depthIn,known,12,,vision,unreviewed,35,18424d5f3fc49f84d7a5095bc6d2a169a8d417a16e5d9ca1ee8fd7db1c2bc530
product:NDW1842,widthIn,unknown,,No explicit per-SKU width; numeric SKU decoding is unverified.,text,unreviewed,35,18424d5f3fc49f84d7a5095bc6d2a169a8d417a16e5d9ca1ee8fd7db1c2bc530
product:NDW1842,heightIn,unknown,,Shared diagram lists height options; assignment by SKU suffix remains unverified.,text,unreviewed,35,18424d5f3fc49f84d7a5095bc6d2a169a8d417a16e5d9ca1ee8fd7db1c2bc530
product:NDW1842,doorIncluded,known,False,,text,unreviewed,35,18424d5f3fc49f84d7a5095bc6d2a169a8d417a16e5d9ca1ee8fd7db1c2bc530
product:NDW1842,hingesInstalled,known,True,,text,unreviewed,35,18424d5f3fc49f84d7a5095bc6d2a169a8d417a16e5d9ca1ee8fd7db1c2bc530
product:NDW1842,interiorFinish,known,Matches frame color,,text,unreviewed,35,18424d5f3fc49f84d7a5095bc6d2a169a8d417a16e5d9ca1ee8fd7db1c2bc530
product:NDW1842,shelfMaterial,known,tempered glass,,text,unreviewed,35,18424d5f3fc49f84d7a5095bc6d2a169a8d417a16e5d9ca1ee8fd7db1c2bc530
product:NDW1842,shelfThicknessIn,known,0.25,,text,unreviewed,35,18424d5f3fc49f84d7a5095bc6d2a169a8d417a16e5d9ca1ee8fd7db1c2bc530
product:NDW1842,depthChangeShelfMaterial,known,matching interior wood,,text,unreviewed,35,18424d5f3fc49f84d7a5095bc6d2a169a8d417a16e5d9ca1ee8fd7db1c2bc530
product:NDW1842,shelfCount,known,3,,text,unreviewed,35,18424d5f3fc49f84d7a5095bc6d2a169a8d417a16e5d9ca1ee8fd7db1c2bc530
product:NDW2430,sku,known,NDW2430,,text,unreviewed,35,18424d5f3fc49f84d7a5095bc6d2a169a8d417a16e5d9ca1ee8fd7db1c2bc530
product:NDW2430,manufacturerCategory,known,NO DOOR,,text,unreviewed,35,18424d5f3fc49f84d7a5095bc6d2a169a8d417a16e5d9ca1ee8fd7db1c2bc530
product:NDW2430,normalizedCategory,known,wall_cabinet,,derived,unreviewed,35,18424d5f3fc49f84d7a5095bc6d2a169a8d417a16e5d9ca1ee8fd7db1c2bc530
product:NDW2430,depthIn,known,12,,vision,unreviewed,35,18424d5f3fc49f84d7a5095bc6d2a169a8d417a16e5d9ca1ee8fd7db1c2bc530
product:NDW2430,widthIn,unknown,,No explicit per-SKU width; numeric SKU decoding is unverified.,text,unreviewed,35,18424d5f3fc49f84d7a5095bc6d2a169a8d417a16e5d9ca1ee8fd7db1c2bc530
product:NDW2430,heightIn,unknown,,Shared diagram lists height options; assignment by SKU suffix remains unverified.,text,unreviewed,35,18424d5f3fc49f84d7a5095bc6d2a169a8d417a16e5d9ca1ee8fd7db1c2bc530
product:NDW2430,doorIncluded,known,False,,text,unreviewed,35,18424d5f3fc49f84d7a5095bc6d2a169a8d417a16e5d9ca1ee8fd7db1c2bc530
product:NDW2430,hingesInstalled,known,True,,text,unreviewed,35,18424d5f3fc49f84d7a5095bc6d2a169a8d417a16e5d9ca1ee8fd7db1c2bc530
product:NDW2430,interiorFinish,known,Matches frame color,,text,unreviewed,35,18424d5f3fc49f84d7a5095bc6d2a169a8d417a16e5d9ca1ee8fd7db1c2bc530
product:NDW2430,shelfMaterial,known,tempered glass,,text,unreviewed,35,18424d5f3fc49f84d7a5095bc6d2a169a8d417a16e5d9ca1ee8fd7db1c2bc530
product:NDW2430,shelfThicknessIn,known,0.25,,text,unreviewed,35,18424d5f3fc49f84d7a5095bc6d2a169a8d417a16e5d9ca1ee8fd7db1c2bc530
product:NDW2430,depthChangeShelfMaterial,known,matching interior wood,,text,unreviewed,35,18424d5f3fc49f84d7a5095bc6d2a169a8d417a16e5d9ca1ee8fd7db1c2bc530
product:NDW2436,sku,known,NDW2436,,text,unreviewed,35,18424d5f3fc49f84d7a5095bc6d2a169a8d417a16e5d9ca1ee8fd7db1c2bc530
product:NDW2436,manufacturerCategory,known,NO DOOR,,text,unreviewed,35,18424d5f3fc49f84d7a5095bc6d2a169a8d417a16e5d9ca1ee8fd7db1c2bc530
product:NDW2436,normalizedCategory,known,wall_cabinet,,derived,unreviewed,35,18424d5f3fc49f84d7a5095bc6d2a169a8d417a16e5d9ca1ee8fd7db1c2bc530
product:NDW2436,depthIn,known,12,,vision,unreviewed,35,18424d5f3fc49f84d7a5095bc6d2a169a8d417a16e5d9ca1ee8fd7db1c2bc530
product:NDW2436,widthIn,unknown,,No explicit per-SKU width; numeric SKU decoding is unverified.,text,unreviewed,35,18424d5f3fc49f84d7a5095bc6d2a169a8d417a16e5d9ca1ee8fd7db1c2bc530
product:NDW2436,heightIn,unknown,,Shared diagram lists height options; assignment by SKU suffix remains unverified.,text,unreviewed,35,18424d5f3fc49f84d7a5095bc6d2a169a8d417a16e5d9ca1ee8fd7db1c2bc530
product:NDW2436,doorIncluded,known,False,,text,unreviewed,35,18424d5f3fc49f84d7a5095bc6d2a169a8d417a16e5d9ca1ee8fd7db1c2bc530
product:NDW2436,hingesInstalled,known,True,,text,unreviewed,35,18424d5f3fc49f84d7a5095bc6d2a169a8d417a16e5d9ca1ee8fd7db1c2bc530
product:NDW2436,interiorFinish,known,Matches frame color,,text,unreviewed,35,18424d5f3fc49f84d7a5095bc6d2a169a8d417a16e5d9ca1ee8fd7db1c2bc530
product:NDW2436,shelfMaterial,known,tempered glass,,text,unreviewed,35,18424d5f3fc49f84d7a5095bc6d2a169a8d417a16e5d9ca1ee8fd7db1c2bc530
product:NDW2436,shelfThicknessIn,known,0.25,,text,unreviewed,35,18424d5f3fc49f84d7a5095bc6d2a169a8d417a16e5d9ca1ee8fd7db1c2bc530
product:NDW2436,depthChangeShelfMaterial,known,matching interior wood,,text,unreviewed,35,18424d5f3fc49f84d7a5095bc6d2a169a8d417a16e5d9ca1ee8fd7db1c2bc530
product:NDW2436,shelfCount,known,3,,text,unreviewed,35,18424d5f3fc49f84d7a5095bc6d2a169a8d417a16e5d9ca1ee8fd7db1c2bc530
product:NDW2439,sku,known,NDW2439,,text,unreviewed,35,18424d5f3fc49f84d7a5095bc6d2a169a8d417a16e5d9ca1ee8fd7db1c2bc530
product:NDW2439,manufacturerCategory,known,NO DOOR,,text,unreviewed,35,18424d5f3fc49f84d7a5095bc6d2a169a8d417a16e5d9ca1ee8fd7db1c2bc530
product:NDW2439,normalizedCategory,known,wall_cabinet,,derived,unreviewed,35,18424d5f3fc49f84d7a5095bc6d2a169a8d417a16e5d9ca1ee8fd7db1c2bc530
product:NDW2439,depthIn,known,12,,vision,unreviewed,35,18424d5f3fc49f84d7a5095bc6d2a169a8d417a16e5d9ca1ee8fd7db1c2bc530
product:NDW2439,widthIn,unknown,,No explicit per-SKU width; numeric SKU decoding is unverified.,text,unreviewed,35,18424d5f3fc49f84d7a5095bc6d2a169a8d417a16e5d9ca1ee8fd7db1c2bc530
product:NDW2439,heightIn,unknown,,Shared diagram lists height options; assignment by SKU suffix remains unverified.,text,unreviewed,35,18424d5f3fc49f84d7a5095bc6d2a169a8d417a16e5d9ca1ee8fd7db1c2bc530
product:NDW2439,doorIncluded,known,False,,text,unreviewed,35,18424d5f3fc49f84d7a5095bc6d2a169a8d417a16e5d9ca1ee8fd7db1c2bc530
product:NDW2439,hingesInstalled,known,True,,text,unreviewed,35,18424d5f3fc49f84d7a5095bc6d2a169a8d417a16e5d9ca1ee8fd7db1c2bc530
product:NDW2439,interiorFinish,known,Matches frame color,,text,unreviewed,35,18424d5f3fc49f84d7a5095bc6d2a169a8d417a16e5d9ca1ee8fd7db1c2bc530
product:NDW2439,shelfMaterial,known,tempered glass,,text,unreviewed,35,18424d5f3fc49f84d7a5095bc6d2a169a8d417a16e5d9ca1ee8fd7db1c2bc530
product:NDW2439,shelfThicknessIn,known,0.25,,text,unreviewed,35,18424d5f3fc49f84d7a5095bc6d2a169a8d417a16e5d9ca1ee8fd7db1c2bc530
product:NDW2439,depthChangeShelfMaterial,known,matching interior wood,,text,unreviewed,35,18424d5f3fc49f84d7a5095bc6d2a169a8d417a16e5d9ca1ee8fd7db1c2bc530
product:NDW2439,shelfCount,known,3,,text,unreviewed,35,18424d5f3fc49f84d7a5095bc6d2a169a8d417a16e5d9ca1ee8fd7db1c2bc530
product:NDW2442,sku,known,NDW2442,,text,unreviewed,35,18424d5f3fc49f84d7a5095bc6d2a169a8d417a16e5d9ca1ee8fd7db1c2bc530
product:NDW2442,manufacturerCategory,known,NO DOOR,,text,unreviewed,35,18424d5f3fc49f84d7a5095bc6d2a169a8d417a16e5d9ca1ee8fd7db1c2bc530
product:NDW2442,normalizedCategory,known,wall_cabinet,,derived,unreviewed,35,18424d5f3fc49f84d7a5095bc6d2a169a8d417a16e5d9ca1ee8fd7db1c2bc530
product:NDW2442,depthIn,known,12,,vision,unreviewed,35,18424d5f3fc49f84d7a5095bc6d2a169a8d417a16e5d9ca1ee8fd7db1c2bc530
product:NDW2442,widthIn,unknown,,No explicit per-SKU width; numeric SKU decoding is unverified.,text,unreviewed,35,18424d5f3fc49f84d7a5095bc6d2a169a8d417a16e5d9ca1ee8fd7db1c2bc530
product:NDW2442,heightIn,unknown,,Shared diagram lists height options; assignment by SKU suffix remains unverified.,text,unreviewed,35,18424d5f3fc49f84d7a5095bc6d2a169a8d417a16e5d9ca1ee8fd7db1c2bc530
product:NDW2442,doorIncluded,known,False,,text,unreviewed,35,18424d5f3fc49f84d7a5095bc6d2a169a8d417a16e5d9ca1ee8fd7db1c2bc530
product:NDW2442,hingesInstalled,known,True,,text,unreviewed,35,18424d5f3fc49f84d7a5095bc6d2a169a8d417a16e5d9ca1ee8fd7db1c2bc530
product:NDW2442,interiorFinish,known,Matches frame color,,text,unreviewed,35,18424d5f3fc49f84d7a5095bc6d2a169a8d417a16e5d9ca1ee8fd7db1c2bc530
product:NDW2442,shelfMaterial,known,tempered glass,,text,unreviewed,35,18424d5f3fc49f84d7a5095bc6d2a169a8d417a16e5d9ca1ee8fd7db1c2bc530
product:NDW2442,shelfThicknessIn,known,0.25,,text,unreviewed,35,18424d5f3fc49f84d7a5095bc6d2a169a8d417a16e5d9ca1ee8fd7db1c2bc530
product:NDW2442,depthChangeShelfMaterial,known,matching interior wood,,text,unreviewed,35,18424d5f3fc49f84d7a5095bc6d2a169a8d417a16e5d9ca1ee8fd7db1c2bc530
product:NDW2442,shelfCount,known,3,,text,unreviewed,35,18424d5f3fc49f84d7a5095bc6d2a169a8d417a16e5d9ca1ee8fd7db1c2bc530
product:NDW3030,sku,known,NDW3030,,text,unreviewed,35,18424d5f3fc49f84d7a5095bc6d2a169a8d417a16e5d9ca1ee8fd7db1c2bc530
product:NDW3030,manufacturerCategory,known,NO DOOR,,text,unreviewed,35,18424d5f3fc49f84d7a5095bc6d2a169a8d417a16e5d9ca1ee8fd7db1c2bc530
product:NDW3030,normalizedCategory,known,wall_cabinet,,derived,unreviewed,35,18424d5f3fc49f84d7a5095bc6d2a169a8d417a16e5d9ca1ee8fd7db1c2bc530
product:NDW3030,depthIn,known,12,,vision,unreviewed,35,18424d5f3fc49f84d7a5095bc6d2a169a8d417a16e5d9ca1ee8fd7db1c2bc530
product:NDW3030,widthIn,unknown,,No explicit per-SKU width; numeric SKU decoding is unverified.,text,unreviewed,35,18424d5f3fc49f84d7a5095bc6d2a169a8d417a16e5d9ca1ee8fd7db1c2bc530
product:NDW3030,heightIn,unknown,,Shared diagram lists height options; assignment by SKU suffix remains unverified.,text,unreviewed,35,18424d5f3fc49f84d7a5095bc6d2a169a8d417a16e5d9ca1ee8fd7db1c2bc530
product:NDW3030,doorIncluded,known,False,,text,unreviewed,35,18424d5f3fc49f84d7a5095bc6d2a169a8d417a16e5d9ca1ee8fd7db1c2bc530
product:NDW3030,hingesInstalled,known,True,,text,unreviewed,35,18424d5f3fc49f84d7a5095bc6d2a169a8d417a16e5d9ca1ee8fd7db1c2bc530
product:NDW3030,interiorFinish,known,Matches frame color,,text,unreviewed,35,18424d5f3fc49f84d7a5095bc6d2a169a8d417a16e5d9ca1ee8fd7db1c2bc530
product:NDW3030,shelfMaterial,known,tempered glass,,text,unreviewed,35,18424d5f3fc49f84d7a5095bc6d2a169a8d417a16e5d9ca1ee8fd7db1c2bc530
product:NDW3030,shelfThicknessIn,known,0.25,,text,unreviewed,35,18424d5f3fc49f84d7a5095bc6d2a169a8d417a16e5d9ca1ee8fd7db1c2bc530
product:NDW3030,depthChangeShelfMaterial,known,matching interior wood,,text,unreviewed,35,18424d5f3fc49f84d7a5095bc6d2a169a8d417a16e5d9ca1ee8fd7db1c2bc530
product:NDW3036,sku,known,NDW3036,,text,unreviewed,35,18424d5f3fc49f84d7a5095bc6d2a169a8d417a16e5d9ca1ee8fd7db1c2bc530
product:NDW3036,manufacturerCategory,known,NO DOOR,,text,unreviewed,35,18424d5f3fc49f84d7a5095bc6d2a169a8d417a16e5d9ca1ee8fd7db1c2bc530
product:NDW3036,normalizedCategory,known,wall_cabinet,,derived,unreviewed,35,18424d5f3fc49f84d7a5095bc6d2a169a8d417a16e5d9ca1ee8fd7db1c2bc530
product:NDW3036,depthIn,known,12,,vision,unreviewed,35,18424d5f3fc49f84d7a5095bc6d2a169a8d417a16e5d9ca1ee8fd7db1c2bc530
product:NDW3036,widthIn,unknown,,No explicit per-SKU width; numeric SKU decoding is unverified.,text,unreviewed,35,18424d5f3fc49f84d7a5095bc6d2a169a8d417a16e5d9ca1ee8fd7db1c2bc530
product:NDW3036,heightIn,unknown,,Shared diagram lists height options; assignment by SKU suffix remains unverified.,text,unreviewed,35,18424d5f3fc49f84d7a5095bc6d2a169a8d417a16e5d9ca1ee8fd7db1c2bc530
product:NDW3036,doorIncluded,known,False,,text,unreviewed,35,18424d5f3fc49f84d7a5095bc6d2a169a8d417a16e5d9ca1ee8fd7db1c2bc530
product:NDW3036,hingesInstalled,known,True,,text,unreviewed,35,18424d5f3fc49f84d7a5095bc6d2a169a8d417a16e5d9ca1ee8fd7db1c2bc530
product:NDW3036,interiorFinish,known,Matches frame color,,text,unreviewed,35,18424d5f3fc49f84d7a5095bc6d2a169a8d417a16e5d9ca1ee8fd7db1c2bc530
product:NDW3036,shelfMaterial,known,tempered glass,,text,unreviewed,35,18424d5f3fc49f84d7a5095bc6d2a169a8d417a16e5d9ca1ee8fd7db1c2bc530
product:NDW3036,shelfThicknessIn,known,0.25,,text,unreviewed,35,18424d5f3fc49f84d7a5095bc6d2a169a8d417a16e5d9ca1ee8fd7db1c2bc530
product:NDW3036,depthChangeShelfMaterial,known,matching interior wood,,text,unreviewed,35,18424d5f3fc49f84d7a5095bc6d2a169a8d417a16e5d9ca1ee8fd7db1c2bc530
product:NDW3036,shelfCount,known,3,,text,unreviewed,35,18424d5f3fc49f84d7a5095bc6d2a169a8d417a16e5d9ca1ee8fd7db1c2bc530
product:NDW3039,sku,known,NDW3039,,text,unreviewed,35,18424d5f3fc49f84d7a5095bc6d2a169a8d417a16e5d9ca1ee8fd7db1c2bc530
product:NDW3039,manufacturerCategory,known,NO DOOR,,text,unreviewed,35,18424d5f3fc49f84d7a5095bc6d2a169a8d417a16e5d9ca1ee8fd7db1c2bc530
product:NDW3039,normalizedCategory,known,wall_cabinet,,derived,unreviewed,35,18424d5f3fc49f84d7a5095bc6d2a169a8d417a16e5d9ca1ee8fd7db1c2bc530
product:NDW3039,depthIn,known,12,,vision,unreviewed,35,18424d5f3fc49f84d7a5095bc6d2a169a8d417a16e5d9ca1ee8fd7db1c2bc530
product:NDW3039,widthIn,unknown,,No explicit per-SKU width; numeric SKU decoding is unverified.,text,unreviewed,35,18424d5f3fc49f84d7a5095bc6d2a169a8d417a16e5d9ca1ee8fd7db1c2bc530
product:NDW3039,heightIn,unknown,,Shared diagram lists height options; assignment by SKU suffix remains unverified.,text,unreviewed,35,18424d5f3fc49f84d7a5095bc6d2a169a8d417a16e5d9ca1ee8fd7db1c2bc530
product:NDW3039,doorIncluded,known,False,,text,unreviewed,35,18424d5f3fc49f84d7a5095bc6d2a169a8d417a16e5d9ca1ee8fd7db1c2bc530
product:NDW3039,hingesInstalled,known,True,,text,unreviewed,35,18424d5f3fc49f84d7a5095bc6d2a169a8d417a16e5d9ca1ee8fd7db1c2bc530
product:NDW3039,interiorFinish,known,Matches frame color,,text,unreviewed,35,18424d5f3fc49f84d7a5095bc6d2a169a8d417a16e5d9ca1ee8fd7db1c2bc530
product:NDW3039,shelfMaterial,known,tempered glass,,text,unreviewed,35,18424d5f3fc49f84d7a5095bc6d2a169a8d417a16e5d9ca1ee8fd7db1c2bc530
product:NDW3039,shelfThicknessIn,known,0.25,,text,unreviewed,35,18424d5f3fc49f84d7a5095bc6d2a169a8d417a16e5d9ca1ee8fd7db1c2bc530
product:NDW3039,depthChangeShelfMaterial,known,matching interior wood,,text,unreviewed,35,18424d5f3fc49f84d7a5095bc6d2a169a8d417a16e5d9ca1ee8fd7db1c2bc530
product:NDW3039,shelfCount,known,3,,text,unreviewed,35,18424d5f3fc49f84d7a5095bc6d2a169a8d417a16e5d9ca1ee8fd7db1c2bc530
product:NDW3042,sku,known,NDW3042,,text,unreviewed,35,18424d5f3fc49f84d7a5095bc6d2a169a8d417a16e5d9ca1ee8fd7db1c2bc530
product:NDW3042,manufacturerCategory,known,NO DOOR,,text,unreviewed,35,18424d5f3fc49f84d7a5095bc6d2a169a8d417a16e5d9ca1ee8fd7db1c2bc530
product:NDW3042,normalizedCategory,known,wall_cabinet,,derived,unreviewed,35,18424d5f3fc49f84d7a5095bc6d2a169a8d417a16e5d9ca1ee8fd7db1c2bc530
product:NDW3042,depthIn,known,12,,vision,unreviewed,35,18424d5f3fc49f84d7a5095bc6d2a169a8d417a16e5d9ca1ee8fd7db1c2bc530
product:NDW3042,widthIn,unknown,,No explicit per-SKU width; numeric SKU decoding is unverified.,text,unreviewed,35,18424d5f3fc49f84d7a5095bc6d2a169a8d417a16e5d9ca1ee8fd7db1c2bc530
product:NDW3042,heightIn,unknown,,Shared diagram lists height options; assignment by SKU suffix remains unverified.,text,unreviewed,35,18424d5f3fc49f84d7a5095bc6d2a169a8d417a16e5d9ca1ee8fd7db1c2bc530
product:NDW3042,doorIncluded,known,False,,text,unreviewed,35,18424d5f3fc49f84d7a5095bc6d2a169a8d417a16e5d9ca1ee8fd7db1c2bc530
product:NDW3042,hingesInstalled,known,True,,text,unreviewed,35,18424d5f3fc49f84d7a5095bc6d2a169a8d417a16e5d9ca1ee8fd7db1c2bc530
product:NDW3042,interiorFinish,known,Matches frame color,,text,unreviewed,35,18424d5f3fc49f84d7a5095bc6d2a169a8d417a16e5d9ca1ee8fd7db1c2bc530
product:NDW3042,shelfMaterial,known,tempered glass,,text,unreviewed,35,18424d5f3fc49f84d7a5095bc6d2a169a8d417a16e5d9ca1ee8fd7db1c2bc530
product:NDW3042,shelfThicknessIn,known,0.25,,text,unreviewed,35,18424d5f3fc49f84d7a5095bc6d2a169a8d417a16e5d9ca1ee8fd7db1c2bc530
product:NDW3042,depthChangeShelfMaterial,known,matching interior wood,,text,unreviewed,35,18424d5f3fc49f84d7a5095bc6d2a169a8d417a16e5d9ca1ee8fd7db1c2bc530
product:NDW3042,shelfCount,known,3,,text,unreviewed,35,18424d5f3fc49f84d7a5095bc6d2a169a8d417a16e5d9ca1ee8fd7db1c2bc530
product:NDW3630,sku,known,NDW3630,,text,unreviewed,35,18424d5f3fc49f84d7a5095bc6d2a169a8d417a16e5d9ca1ee8fd7db1c2bc530
product:NDW3630,manufacturerCategory,known,NO DOOR,,text,unreviewed,35,18424d5f3fc49f84d7a5095bc6d2a169a8d417a16e5d9ca1ee8fd7db1c2bc530
product:NDW3630,normalizedCategory,known,wall_cabinet,,derived,unreviewed,35,18424d5f3fc49f84d7a5095bc6d2a169a8d417a16e5d9ca1ee8fd7db1c2bc530
product:NDW3630,depthIn,known,12,,vision,unreviewed,35,18424d5f3fc49f84d7a5095bc6d2a169a8d417a16e5d9ca1ee8fd7db1c2bc530
product:NDW3630,widthIn,unknown,,No explicit per-SKU width; numeric SKU decoding is unverified.,text,unreviewed,35,18424d5f3fc49f84d7a5095bc6d2a169a8d417a16e5d9ca1ee8fd7db1c2bc530
product:NDW3630,heightIn,unknown,,Shared diagram lists height options; assignment by SKU suffix remains unverified.,text,unreviewed,35,18424d5f3fc49f84d7a5095bc6d2a169a8d417a16e5d9ca1ee8fd7db1c2bc530
product:NDW3630,doorIncluded,known,False,,text,unreviewed,35,18424d5f3fc49f84d7a5095bc6d2a169a8d417a16e5d9ca1ee8fd7db1c2bc530
product:NDW3630,hingesInstalled,known,True,,text,unreviewed,35,18424d5f3fc49f84d7a5095bc6d2a169a8d417a16e5d9ca1ee8fd7db1c2bc530
product:NDW3630,interiorFinish,known,Matches frame color,,text,unreviewed,35,18424d5f3fc49f84d7a5095bc6d2a169a8d417a16e5d9ca1ee8fd7db1c2bc530
product:NDW3630,shelfMaterial,known,tempered glass,,text,unreviewed,35,18424d5f3fc49f84d7a5095bc6d2a169a8d417a16e5d9ca1ee8fd7db1c2bc530
product:NDW3630,shelfThicknessIn,known,0.25,,text,unreviewed,35,18424d5f3fc49f84d7a5095bc6d2a169a8d417a16e5d9ca1ee8fd7db1c2bc530
product:NDW3630,depthChangeShelfMaterial,known,matching interior wood,,text,unreviewed,35,18424d5f3fc49f84d7a5095bc6d2a169a8d417a16e5d9ca1ee8fd7db1c2bc530
product:NDW3636,sku,known,NDW3636,,text,unreviewed,35,18424d5f3fc49f84d7a5095bc6d2a169a8d417a16e5d9ca1ee8fd7db1c2bc530
product:NDW3636,manufacturerCategory,known,NO DOOR,,text,unreviewed,35,18424d5f3fc49f84d7a5095bc6d2a169a8d417a16e5d9ca1ee8fd7db1c2bc530
product:NDW3636,normalizedCategory,known,wall_cabinet,,derived,unreviewed,35,18424d5f3fc49f84d7a5095bc6d2a169a8d417a16e5d9ca1ee8fd7db1c2bc530
product:NDW3636,depthIn,known,12,,vision,unreviewed,35,18424d5f3fc49f84d7a5095bc6d2a169a8d417a16e5d9ca1ee8fd7db1c2bc530
product:NDW3636,widthIn,unknown,,No explicit per-SKU width; numeric SKU decoding is unverified.,text,unreviewed,35,18424d5f3fc49f84d7a5095bc6d2a169a8d417a16e5d9ca1ee8fd7db1c2bc530
product:NDW3636,heightIn,unknown,,Shared diagram lists height options; assignment by SKU suffix remains unverified.,text,unreviewed,35,18424d5f3fc49f84d7a5095bc6d2a169a8d417a16e5d9ca1ee8fd7db1c2bc530
product:NDW3636,doorIncluded,known,False,,text,unreviewed,35,18424d5f3fc49f84d7a5095bc6d2a169a8d417a16e5d9ca1ee8fd7db1c2bc530
product:NDW3636,hingesInstalled,known,True,,text,unreviewed,35,18424d5f3fc49f84d7a5095bc6d2a169a8d417a16e5d9ca1ee8fd7db1c2bc530
product:NDW3636,interiorFinish,known,Matches frame color,,text,unreviewed,35,18424d5f3fc49f84d7a5095bc6d2a169a8d417a16e5d9ca1ee8fd7db1c2bc530
product:NDW3636,shelfMaterial,known,tempered glass,,text,unreviewed,35,18424d5f3fc49f84d7a5095bc6d2a169a8d417a16e5d9ca1ee8fd7db1c2bc530
product:NDW3636,shelfThicknessIn,known,0.25,,text,unreviewed,35,18424d5f3fc49f84d7a5095bc6d2a169a8d417a16e5d9ca1ee8fd7db1c2bc530
product:NDW3636,depthChangeShelfMaterial,known,matching interior wood,,text,unreviewed,35,18424d5f3fc49f84d7a5095bc6d2a169a8d417a16e5d9ca1ee8fd7db1c2bc530
product:NDW3636,shelfCount,known,3,,text,unreviewed,35,18424d5f3fc49f84d7a5095bc6d2a169a8d417a16e5d9ca1ee8fd7db1c2bc530
product:NDW3639,sku,known,NDW3639,,text,unreviewed,35,18424d5f3fc49f84d7a5095bc6d2a169a8d417a16e5d9ca1ee8fd7db1c2bc530
product:NDW3639,manufacturerCategory,known,NO DOOR,,text,unreviewed,35,18424d5f3fc49f84d7a5095bc6d2a169a8d417a16e5d9ca1ee8fd7db1c2bc530
product:NDW3639,normalizedCategory,known,wall_cabinet,,derived,unreviewed,35,18424d5f3fc49f84d7a5095bc6d2a169a8d417a16e5d9ca1ee8fd7db1c2bc530
product:NDW3639,depthIn,known,12,,vision,unreviewed,35,18424d5f3fc49f84d7a5095bc6d2a169a8d417a16e5d9ca1ee8fd7db1c2bc530
product:NDW3639,widthIn,unknown,,No explicit per-SKU width; numeric SKU decoding is unverified.,text,unreviewed,35,18424d5f3fc49f84d7a5095bc6d2a169a8d417a16e5d9ca1ee8fd7db1c2bc530
product:NDW3639,heightIn,unknown,,Shared diagram lists height options; assignment by SKU suffix remains unverified.,text,unreviewed,35,18424d5f3fc49f84d7a5095bc6d2a169a8d417a16e5d9ca1ee8fd7db1c2bc530
product:NDW3639,doorIncluded,known,False,,text,unreviewed,35,18424d5f3fc49f84d7a5095bc6d2a169a8d417a16e5d9ca1ee8fd7db1c2bc530
product:NDW3639,hingesInstalled,known,True,,text,unreviewed,35,18424d5f3fc49f84d7a5095bc6d2a169a8d417a16e5d9ca1ee8fd7db1c2bc530
product:NDW3639,interiorFinish,known,Matches frame color,,text,unreviewed,35,18424d5f3fc49f84d7a5095bc6d2a169a8d417a16e5d9ca1ee8fd7db1c2bc530
product:NDW3639,shelfMaterial,known,tempered glass,,text,unreviewed,35,18424d5f3fc49f84d7a5095bc6d2a169a8d417a16e5d9ca1ee8fd7db1c2bc530
product:NDW3639,shelfThicknessIn,known,0.25,,text,unreviewed,35,18424d5f3fc49f84d7a5095bc6d2a169a8d417a16e5d9ca1ee8fd7db1c2bc530
product:NDW3639,depthChangeShelfMaterial,known,matching interior wood,,text,unreviewed,35,18424d5f3fc49f84d7a5095bc6d2a169a8d417a16e5d9ca1ee8fd7db1c2bc530
product:NDW3639,shelfCount,known,3,,text,unreviewed,35,18424d5f3fc49f84d7a5095bc6d2a169a8d417a16e5d9ca1ee8fd7db1c2bc530
product:NDW3642,sku,known,NDW3642,,text,unreviewed,35,18424d5f3fc49f84d7a5095bc6d2a169a8d417a16e5d9ca1ee8fd7db1c2bc530
product:NDW3642,manufacturerCategory,known,NO DOOR,,text,unreviewed,35,18424d5f3fc49f84d7a5095bc6d2a169a8d417a16e5d9ca1ee8fd7db1c2bc530
product:NDW3642,normalizedCategory,known,wall_cabinet,,derived,unreviewed,35,18424d5f3fc49f84d7a5095bc6d2a169a8d417a16e5d9ca1ee8fd7db1c2bc530
product:NDW3642,depthIn,known,12,,vision,unreviewed,35,18424d5f3fc49f84d7a5095bc6d2a169a8d417a16e5d9ca1ee8fd7db1c2bc530
product:NDW3642,widthIn,unknown,,No explicit per-SKU width; numeric SKU decoding is unverified.,text,unreviewed,35,18424d5f3fc49f84d7a5095bc6d2a169a8d417a16e5d9ca1ee8fd7db1c2bc530
product:NDW3642,heightIn,unknown,,Shared diagram lists height options; assignment by SKU suffix remains unverified.,text,unreviewed,35,18424d5f3fc49f84d7a5095bc6d2a169a8d417a16e5d9ca1ee8fd7db1c2bc530
product:NDW3642,doorIncluded,known,False,,text,unreviewed,35,18424d5f3fc49f84d7a5095bc6d2a169a8d417a16e5d9ca1ee8fd7db1c2bc530
product:NDW3642,hingesInstalled,known,True,,text,unreviewed,35,18424d5f3fc49f84d7a5095bc6d2a169a8d417a16e5d9ca1ee8fd7db1c2bc530
product:NDW3642,interiorFinish,known,Matches frame color,,text,unreviewed,35,18424d5f3fc49f84d7a5095bc6d2a169a8d417a16e5d9ca1ee8fd7db1c2bc530
product:NDW3642,shelfMaterial,known,tempered glass,,text,unreviewed,35,18424d5f3fc49f84d7a5095bc6d2a169a8d417a16e5d9ca1ee8fd7db1c2bc530
product:NDW3642,shelfThicknessIn,known,0.25,,text,unreviewed,35,18424d5f3fc49f84d7a5095bc6d2a169a8d417a16e5d9ca1ee8fd7db1c2bc530
product:NDW3642,depthChangeShelfMaterial,known,matching interior wood,,text,unreviewed,35,18424d5f3fc49f84d7a5095bc6d2a169a8d417a16e5d9ca1ee8fd7db1c2bc530
product:NDW3642,shelfCount,known,3,,text,unreviewed,35,18424d5f3fc49f84d7a5095bc6d2a169a8d417a16e5d9ca1ee8fd7db1c2bc530
product:OC3384S,depthIn,known,24,,text,unreviewed,60,18424d5f3fc49f84d7a5095bc6d2a169a8d417a16e5d9ca1ee8fd7db1c2bc530
product:OC3384S,heightIn,known,84,,derived,unreviewed,60,18424d5f3fc49f84d7a5095bc6d2a169a8d417a16e5d9ca1ee8fd7db1c2bc530
product:OC3384S,manufacturerCategory,known,OVEN CABINET SINGLE WITH 3 DRAWERS,,text,unreviewed,60,18424d5f3fc49f84d7a5095bc6d2a169a8d417a16e5d9ca1ee8fd7db1c2bc530
product:OC3384S,normalizedCategory,known,oven_cabinet,,derived,unreviewed,60,18424d5f3fc49f84d7a5095bc6d2a169a8d417a16e5d9ca1ee8fd7db1c2bc530
product:OC3384S,sku,known,OC3384S,,text,unreviewed,60,18424d5f3fc49f84d7a5095bc6d2a169a8d417a16e5d9ca1ee8fd7db1c2bc530
product:OC3384S,widthIn,known,33,,derived,unreviewed,60,18424d5f3fc49f84d7a5095bc6d2a169a8d417a16e5d9ca1ee8fd7db1c2bc530
product:OC3390S,depthIn,known,24,,text,unreviewed,60,18424d5f3fc49f84d7a5095bc6d2a169a8d417a16e5d9ca1ee8fd7db1c2bc530
product:OC3390S,heightIn,known,90,,derived,unreviewed,60,18424d5f3fc49f84d7a5095bc6d2a169a8d417a16e5d9ca1ee8fd7db1c2bc530
product:OC3390S,manufacturerCategory,known,OVEN CABINET SINGLE WITH 3 DRAWERS,,text,unreviewed,60,18424d5f3fc49f84d7a5095bc6d2a169a8d417a16e5d9ca1ee8fd7db1c2bc530
product:OC3390S,normalizedCategory,known,oven_cabinet,,derived,unreviewed,60,18424d5f3fc49f84d7a5095bc6d2a169a8d417a16e5d9ca1ee8fd7db1c2bc530
product:OC3390S,sku,known,OC3390S,,text,unreviewed,60,18424d5f3fc49f84d7a5095bc6d2a169a8d417a16e5d9ca1ee8fd7db1c2bc530
product:OC3390S,widthIn,known,33,,derived,unreviewed,60,18424d5f3fc49f84d7a5095bc6d2a169a8d417a16e5d9ca1ee8fd7db1c2bc530
product:OC3393S,depthIn,known,24,,text,unreviewed,60,18424d5f3fc49f84d7a5095bc6d2a169a8d417a16e5d9ca1ee8fd7db1c2bc530
product:OC3393S,heightIn,known,93,,derived,unreviewed,60,18424d5f3fc49f84d7a5095bc6d2a169a8d417a16e5d9ca1ee8fd7db1c2bc530
product:OC3393S,manufacturerCategory,known,OVEN CABINET SINGLE WITH 3 DRAWERS,,text,unreviewed,60,18424d5f3fc49f84d7a5095bc6d2a169a8d417a16e5d9ca1ee8fd7db1c2bc530
product:OC3393S,normalizedCategory,known,oven_cabinet,,derived,unreviewed,60,18424d5f3fc49f84d7a5095bc6d2a169a8d417a16e5d9ca1ee8fd7db1c2bc530
product:OC3393S,sku,known,OC3393S,,text,unreviewed,60,18424d5f3fc49f84d7a5095bc6d2a169a8d417a16e5d9ca1ee8fd7db1c2bc530
product:OC3393S,widthIn,known,33,,derived,unreviewed,60,18424d5f3fc49f84d7a5095bc6d2a169a8d417a16e5d9ca1ee8fd7db1c2bc530
product:OC3396S,depthIn,known,24,,text,unreviewed,60,18424d5f3fc49f84d7a5095bc6d2a169a8d417a16e5d9ca1ee8fd7db1c2bc530
product:OC3396S,heightIn,known,96,,derived,unreviewed,60,18424d5f3fc49f84d7a5095bc6d2a169a8d417a16e5d9ca1ee8fd7db1c2bc530
product:OC3396S,manufacturerCategory,known,OVEN CABINET SINGLE WITH 3 DRAWERS,,text,unreviewed,60,18424d5f3fc49f84d7a5095bc6d2a169a8d417a16e5d9ca1ee8fd7db1c2bc530
product:OC3396S,normalizedCategory,known,oven_cabinet,,derived,unreviewed,60,18424d5f3fc49f84d7a5095bc6d2a169a8d417a16e5d9ca1ee8fd7db1c2bc530
product:OC3396S,sku,known,OC3396S,,text,unreviewed,60,18424d5f3fc49f84d7a5095bc6d2a169a8d417a16e5d9ca1ee8fd7db1c2bc530
product:OC3396S,widthIn,known,33,,derived,unreviewed,60,18424d5f3fc49f84d7a5095bc6d2a169a8d417a16e5d9ca1ee8fd7db1c2bc530
product:OLF330,heightIn,known,29.5,,text,unreviewed,92,18424d5f3fc49f84d7a5095bc6d2a169a8d417a16e5d9ca1ee8fd7db1c2bc530
product:OLF330,manufacturerCategory,known,OVERLAY,,text,unreviewed,92,18424d5f3fc49f84d7a5095bc6d2a169a8d417a16e5d9ca1ee8fd7db1c2bc530
product:OLF330,normalizedCategory,known,filler,,derived,unreviewed,92,18424d5f3fc49f84d7a5095bc6d2a169a8d417a16e5d9ca1ee8fd7db1c2bc530
product:OLF330,sku,known,OLF330,,text,unreviewed,92,18424d5f3fc49f84d7a5095bc6d2a169a8d417a16e5d9ca1ee8fd7db1c2bc530
product:OLF330,widthIn,known,2.5,,text,unreviewed,92,18424d5f3fc49f84d7a5095bc6d2a169a8d417a16e5d9ca1ee8fd7db1c2bc530
product:OLF336,heightIn,known,35.5,,text,unreviewed,92,18424d5f3fc49f84d7a5095bc6d2a169a8d417a16e5d9ca1ee8fd7db1c2bc530
product:OLF336,manufacturerCategory,known,OVERLAY,,text,unreviewed,92,18424d5f3fc49f84d7a5095bc6d2a169a8d417a16e5d9ca1ee8fd7db1c2bc530
product:OLF336,normalizedCategory,known,filler,,derived,unreviewed,92,18424d5f3fc49f84d7a5095bc6d2a169a8d417a16e5d9ca1ee8fd7db1c2bc530
product:OLF336,sku,known,OLF336,,text,unreviewed,92,18424d5f3fc49f84d7a5095bc6d2a169a8d417a16e5d9ca1ee8fd7db1c2bc530
product:OLF336,widthIn,known,2.5,,text,unreviewed,92,18424d5f3fc49f84d7a5095bc6d2a169a8d417a16e5d9ca1ee8fd7db1c2bc530
product:OLF339,heightIn,known,38.5,,text,unreviewed,92,18424d5f3fc49f84d7a5095bc6d2a169a8d417a16e5d9ca1ee8fd7db1c2bc530
product:OLF339,manufacturerCategory,known,OVERLAY,,text,unreviewed,92,18424d5f3fc49f84d7a5095bc6d2a169a8d417a16e5d9ca1ee8fd7db1c2bc530
product:OLF339,normalizedCategory,known,filler,,derived,unreviewed,92,18424d5f3fc49f84d7a5095bc6d2a169a8d417a16e5d9ca1ee8fd7db1c2bc530
product:OLF339,sku,known,OLF339,,text,unreviewed,92,18424d5f3fc49f84d7a5095bc6d2a169a8d417a16e5d9ca1ee8fd7db1c2bc530
product:OLF339,widthIn,known,2.5,,text,unreviewed,92,18424d5f3fc49f84d7a5095bc6d2a169a8d417a16e5d9ca1ee8fd7db1c2bc530
product:OLF342,heightIn,known,41.5,,text,unreviewed,92,18424d5f3fc49f84d7a5095bc6d2a169a8d417a16e5d9ca1ee8fd7db1c2bc530
product:OLF342,manufacturerCategory,known,OVERLAY,,text,unreviewed,92,18424d5f3fc49f84d7a5095bc6d2a169a8d417a16e5d9ca1ee8fd7db1c2bc530
product:OLF342,normalizedCategory,known,filler,,derived,unreviewed,92,18424d5f3fc49f84d7a5095bc6d2a169a8d417a16e5d9ca1ee8fd7db1c2bc530
product:OLF342,sku,known,OLF342,,text,unreviewed,92,18424d5f3fc49f84d7a5095bc6d2a169a8d417a16e5d9ca1ee8fd7db1c2bc530
product:OLF342,widthIn,known,2.5,,text,unreviewed,92,18424d5f3fc49f84d7a5095bc6d2a169a8d417a16e5d9ca1ee8fd7db1c2bc530
product:OLF384,heightIn,known,79,,derived,unreviewed,92,18424d5f3fc49f84d7a5095bc6d2a169a8d417a16e5d9ca1ee8fd7db1c2bc530
product:OLF384,manufacturerCategory,known,OVERLAY,,text,unreviewed,92,18424d5f3fc49f84d7a5095bc6d2a169a8d417a16e5d9ca1ee8fd7db1c2bc530
product:OLF384,normalizedCategory,known,filler,,derived,unreviewed,92,18424d5f3fc49f84d7a5095bc6d2a169a8d417a16e5d9ca1ee8fd7db1c2bc530
product:OLF384,sku,known,OLF384,,text,unreviewed,92,18424d5f3fc49f84d7a5095bc6d2a169a8d417a16e5d9ca1ee8fd7db1c2bc530
product:OLF384,widthIn,known,2.5,,text,unreviewed,92,18424d5f3fc49f84d7a5095bc6d2a169a8d417a16e5d9ca1ee8fd7db1c2bc530
product:OLF390,heightIn,known,85,,derived,unreviewed,92,18424d5f3fc49f84d7a5095bc6d2a169a8d417a16e5d9ca1ee8fd7db1c2bc530
product:OLF390,manufacturerCategory,known,OVERLAY,,text,unreviewed,92,18424d5f3fc49f84d7a5095bc6d2a169a8d417a16e5d9ca1ee8fd7db1c2bc530
product:OLF390,normalizedCategory,known,filler,,derived,unreviewed,92,18424d5f3fc49f84d7a5095bc6d2a169a8d417a16e5d9ca1ee8fd7db1c2bc530
product:OLF390,sku,known,OLF390,,text,unreviewed,92,18424d5f3fc49f84d7a5095bc6d2a169a8d417a16e5d9ca1ee8fd7db1c2bc530
product:OLF390,widthIn,known,2.5,,text,unreviewed,92,18424d5f3fc49f84d7a5095bc6d2a169a8d417a16e5d9ca1ee8fd7db1c2bc530
product:OLF393,heightIn,known,88,,derived,unreviewed,92,18424d5f3fc49f84d7a5095bc6d2a169a8d417a16e5d9ca1ee8fd7db1c2bc530
product:OLF393,manufacturerCategory,known,OVERLAY,,text,unreviewed,92,18424d5f3fc49f84d7a5095bc6d2a169a8d417a16e5d9ca1ee8fd7db1c2bc530
product:OLF393,normalizedCategory,known,filler,,derived,unreviewed,92,18424d5f3fc49f84d7a5095bc6d2a169a8d417a16e5d9ca1ee8fd7db1c2bc530
product:OLF393,sku,known,OLF393,,text,unreviewed,92,18424d5f3fc49f84d7a5095bc6d2a169a8d417a16e5d9ca1ee8fd7db1c2bc530
product:OLF393,widthIn,known,2.5,,text,unreviewed,92,18424d5f3fc49f84d7a5095bc6d2a169a8d417a16e5d9ca1ee8fd7db1c2bc530
product:OLF396,heightIn,known,91,,derived,unreviewed,92,18424d5f3fc49f84d7a5095bc6d2a169a8d417a16e5d9ca1ee8fd7db1c2bc530
product:OLF396,manufacturerCategory,known,OVERLAY,,text,unreviewed,92,18424d5f3fc49f84d7a5095bc6d2a169a8d417a16e5d9ca1ee8fd7db1c2bc530
product:OLF396,normalizedCategory,known,filler,,derived,unreviewed,92,18424d5f3fc49f84d7a5095bc6d2a169a8d417a16e5d9ca1ee8fd7db1c2bc530
product:OLF396,sku,known,OLF396,,text,unreviewed,92,18424d5f3fc49f84d7a5095bc6d2a169a8d417a16e5d9ca1ee8fd7db1c2bc530
product:OLF396,widthIn,known,2.5,,text,unreviewed,92,18424d5f3fc49f84d7a5095bc6d2a169a8d417a16e5d9ca1ee8fd7db1c2bc530
product:OLF630,heightIn,known,29.5,,text,unreviewed,92,18424d5f3fc49f84d7a5095bc6d2a169a8d417a16e5d9ca1ee8fd7db1c2bc530
product:OLF630,manufacturerCategory,known,OVERLAY,,text,unreviewed,92,18424d5f3fc49f84d7a5095bc6d2a169a8d417a16e5d9ca1ee8fd7db1c2bc530
product:OLF630,normalizedCategory,known,filler,,derived,unreviewed,92,18424d5f3fc49f84d7a5095bc6d2a169a8d417a16e5d9ca1ee8fd7db1c2bc530
product:OLF630,sku,known,OLF630,,text,unreviewed,92,18424d5f3fc49f84d7a5095bc6d2a169a8d417a16e5d9ca1ee8fd7db1c2bc530
product:OLF630,widthIn,known,5.5,,text,unreviewed,92,18424d5f3fc49f84d7a5095bc6d2a169a8d417a16e5d9ca1ee8fd7db1c2bc530
product:OLF636,heightIn,known,35.5,,text,unreviewed,92,18424d5f3fc49f84d7a5095bc6d2a169a8d417a16e5d9ca1ee8fd7db1c2bc530
product:OLF636,manufacturerCategory,known,OVERLAY,,text,unreviewed,92,18424d5f3fc49f84d7a5095bc6d2a169a8d417a16e5d9ca1ee8fd7db1c2bc530
product:OLF636,normalizedCategory,known,filler,,derived,unreviewed,92,18424d5f3fc49f84d7a5095bc6d2a169a8d417a16e5d9ca1ee8fd7db1c2bc530
product:OLF636,sku,known,OLF636,,text,unreviewed,92,18424d5f3fc49f84d7a5095bc6d2a169a8d417a16e5d9ca1ee8fd7db1c2bc530
product:OLF636,widthIn,known,5.5,,text,unreviewed,92,18424d5f3fc49f84d7a5095bc6d2a169a8d417a16e5d9ca1ee8fd7db1c2bc530
product:OLF639,heightIn,known,38.5,,text,unreviewed,92,18424d5f3fc49f84d7a5095bc6d2a169a8d417a16e5d9ca1ee8fd7db1c2bc530
product:OLF639,manufacturerCategory,known,OVERLAY,,text,unreviewed,92,18424d5f3fc49f84d7a5095bc6d2a169a8d417a16e5d9ca1ee8fd7db1c2bc530
product:OLF639,normalizedCategory,known,filler,,derived,unreviewed,92,18424d5f3fc49f84d7a5095bc6d2a169a8d417a16e5d9ca1ee8fd7db1c2bc530
product:OLF639,sku,known,OLF639,,text,unreviewed,92,18424d5f3fc49f84d7a5095bc6d2a169a8d417a16e5d9ca1ee8fd7db1c2bc530
product:OLF639,widthIn,known,5.5,,text,unreviewed,92,18424d5f3fc49f84d7a5095bc6d2a169a8d417a16e5d9ca1ee8fd7db1c2bc530
product:OLF642,heightIn,known,41.5,,text,unreviewed,92,18424d5f3fc49f84d7a5095bc6d2a169a8d417a16e5d9ca1ee8fd7db1c2bc530
product:OLF642,manufacturerCategory,known,OVERLAY,,text,unreviewed,92,18424d5f3fc49f84d7a5095bc6d2a169a8d417a16e5d9ca1ee8fd7db1c2bc530
product:OLF642,normalizedCategory,known,filler,,derived,unreviewed,92,18424d5f3fc49f84d7a5095bc6d2a169a8d417a16e5d9ca1ee8fd7db1c2bc530
product:OLF642,sku,known,OLF642,,text,unreviewed,92,18424d5f3fc49f84d7a5095bc6d2a169a8d417a16e5d9ca1ee8fd7db1c2bc530
product:OLF642,widthIn,known,5.5,,text,unreviewed,92,18424d5f3fc49f84d7a5095bc6d2a169a8d417a16e5d9ca1ee8fd7db1c2bc530
product:PAN-1/4,sku,known,PAN-1/4,,text,unreviewed,103,18424d5f3fc49f84d7a5095bc6d2a169a8d417a16e5d9ca1ee8fd7db1c2bc530
product:PAN-1/4,manufacturerCategory,known,Panels,,text,unreviewed,103,18424d5f3fc49f84d7a5095bc6d2a169a8d417a16e5d9ca1ee8fd7db1c2bc530
product:PAN-1/4,normalizedCategory,known,panel,,derived,unreviewed,103,18424d5f3fc49f84d7a5095bc6d2a169a8d417a16e5d9ca1ee8fd7db1c2bc530
product:PAN-1/4,widthIn,known,48,,vision,unreviewed,103,18424d5f3fc49f84d7a5095bc6d2a169a8d417a16e5d9ca1ee8fd7db1c2bc530
product:PAN-1/4,heightIn,unknown,,No unambiguous product-specific measurement established in this review; returned-panel face width is not sheet thickness.,text,unreviewed,103,18424d5f3fc49f84d7a5095bc6d2a169a8d417a16e5d9ca1ee8fd7db1c2bc530
product:PAN-1/4,thicknessIn,known,0.25,,text,unreviewed,103,18424d5f3fc49f84d7a5095bc6d2a169a8d417a16e5d9ca1ee8fd7db1c2bc530
product:PAN-1/4,finishedSideCount,known,1,,text,unreviewed,103,18424d5f3fc49f84d7a5095bc6d2a169a8d417a16e5d9ca1ee8fd7db1c2bc530
product:PAN-1/4,thicknessBasis,known,Nominal material thickness in the item designation; actual manufacturing tolerance is not specified.,,text,unreviewed,103,18424d5f3fc49f84d7a5095bc6d2a169a8d417a16e5d9ca1ee8fd7db1c2bc530
product:PLY-1/2,sku,known,PLY-1/2,,text,unreviewed,103,18424d5f3fc49f84d7a5095bc6d2a169a8d417a16e5d9ca1ee8fd7db1c2bc530
product:PLY-1/2,manufacturerCategory,known,Panels,,text,unreviewed,103,18424d5f3fc49f84d7a5095bc6d2a169a8d417a16e5d9ca1ee8fd7db1c2bc530
product:PLY-1/2,normalizedCategory,known,panel,,derived,unreviewed,103,18424d5f3fc49f84d7a5095bc6d2a169a8d417a16e5d9ca1ee8fd7db1c2bc530
product:PLY-1/2,widthIn,known,48,,vision,unreviewed,103,18424d5f3fc49f84d7a5095bc6d2a169a8d417a16e5d9ca1ee8fd7db1c2bc530
product:PLY-1/2,heightIn,unknown,,No unambiguous product-specific measurement established in this review; returned-panel face width is not sheet thickness.,text,unreviewed,103,18424d5f3fc49f84d7a5095bc6d2a169a8d417a16e5d9ca1ee8fd7db1c2bc530
product:PLY-1/2,thicknessIn,known,0.5,,text,unreviewed,103,18424d5f3fc49f84d7a5095bc6d2a169a8d417a16e5d9ca1ee8fd7db1c2bc530
product:PLY-1/2,finishedSideCount,known,2,,text,unreviewed,103,18424d5f3fc49f84d7a5095bc6d2a169a8d417a16e5d9ca1ee8fd7db1c2bc530
product:PLY-1/2,thicknessBasis,known,Nominal material thickness in the item designation; actual manufacturing tolerance is not specified.,,text,unreviewed,103,18424d5f3fc49f84d7a5095bc6d2a169a8d417a16e5d9ca1ee8fd7db1c2bc530
product:PLY-1/2 48X120,sku,known,PLY-1/2 48X120,,text,unreviewed,103,18424d5f3fc49f84d7a5095bc6d2a169a8d417a16e5d9ca1ee8fd7db1c2bc530
product:PLY-1/2 48X120,manufacturerCategory,known,Panels,,text,unreviewed,103,18424d5f3fc49f84d7a5095bc6d2a169a8d417a16e5d9ca1ee8fd7db1c2bc530
product:PLY-1/2 48X120,normalizedCategory,known,panel,,derived,unreviewed,103,18424d5f3fc49f84d7a5095bc6d2a169a8d417a16e5d9ca1ee8fd7db1c2bc530
product:PLY-1/2 48X120,widthIn,known,48,,vision,unreviewed,103,18424d5f3fc49f84d7a5095bc6d2a169a8d417a16e5d9ca1ee8fd7db1c2bc530
product:PLY-1/2 48X120,heightIn,known,120,,text,unreviewed,103,18424d5f3fc49f84d7a5095bc6d2a169a8d417a16e5d9ca1ee8fd7db1c2bc530
product:PLY-1/2 48X120,thicknessIn,known,0.5,,text,unreviewed,103,18424d5f3fc49f84d7a5095bc6d2a169a8d417a16e5d9ca1ee8fd7db1c2bc530
product:PLY-1/2 48X120,finishedSideCount,known,2,,text,unreviewed,103,18424d5f3fc49f84d7a5095bc6d2a169a8d417a16e5d9ca1ee8fd7db1c2bc530
product:PLY-1/2 48X120,thicknessBasis,known,Nominal material thickness in the item designation; actual manufacturing tolerance is not specified.,,text,unreviewed,103,18424d5f3fc49f84d7a5095bc6d2a169a8d417a16e5d9ca1ee8fd7db1c2bc530
product:PLY-3/4,sku,known,PLY-3/4,,text,unreviewed,103,18424d5f3fc49f84d7a5095bc6d2a169a8d417a16e5d9ca1ee8fd7db1c2bc530
product:PLY-3/4,manufacturerCategory,known,Panels,,text,unreviewed,103,18424d5f3fc49f84d7a5095bc6d2a169a8d417a16e5d9ca1ee8fd7db1c2bc530
product:PLY-3/4,normalizedCategory,known,panel,,derived,unreviewed,103,18424d5f3fc49f84d7a5095bc6d2a169a8d417a16e5d9ca1ee8fd7db1c2bc530
product:PLY-3/4,widthIn,known,48,,vision,unreviewed,103,18424d5f3fc49f84d7a5095bc6d2a169a8d417a16e5d9ca1ee8fd7db1c2bc530
product:PLY-3/4,heightIn,unknown,,No unambiguous product-specific measurement established in this review; returned-panel face width is not sheet thickness.,text,unreviewed,103,18424d5f3fc49f84d7a5095bc6d2a169a8d417a16e5d9ca1ee8fd7db1c2bc530
product:PLY-3/4,thicknessIn,known,0.75,,text,unreviewed,103,18424d5f3fc49f84d7a5095bc6d2a169a8d417a16e5d9ca1ee8fd7db1c2bc530
product:PLY-3/4,finishedSideCount,known,2,,text,unreviewed,103,18424d5f3fc49f84d7a5095bc6d2a169a8d417a16e5d9ca1ee8fd7db1c2bc530
product:PLY-3/4,thicknessBasis,known,Nominal material thickness in the item designation; actual manufacturing tolerance is not specified.,,text,unreviewed,103,18424d5f3fc49f84d7a5095bc6d2a169a8d417a16e5d9ca1ee8fd7db1c2bc530
product:PLY-3/4 48X120,sku,known,PLY-3/4 48X120,,text,unreviewed,103,18424d5f3fc49f84d7a5095bc6d2a169a8d417a16e5d9ca1ee8fd7db1c2bc530
product:PLY-3/4 48X120,manufacturerCategory,known,Panels,,text,unreviewed,103,18424d5f3fc49f84d7a5095bc6d2a169a8d417a16e5d9ca1ee8fd7db1c2bc530
product:PLY-3/4 48X120,normalizedCategory,known,panel,,derived,unreviewed,103,18424d5f3fc49f84d7a5095bc6d2a169a8d417a16e5d9ca1ee8fd7db1c2bc530
product:PLY-3/4 48X120,widthIn,known,48,,vision,unreviewed,103,18424d5f3fc49f84d7a5095bc6d2a169a8d417a16e5d9ca1ee8fd7db1c2bc530
product:PLY-3/4 48X120,heightIn,known,120,,text,unreviewed,103,18424d5f3fc49f84d7a5095bc6d2a169a8d417a16e5d9ca1ee8fd7db1c2bc530
product:PLY-3/4 48X120,thicknessIn,known,0.75,,text,unreviewed,103,18424d5f3fc49f84d7a5095bc6d2a169a8d417a16e5d9ca1ee8fd7db1c2bc530
product:PLY-3/4 48X120,finishedSideCount,known,2,,text,unreviewed,103,18424d5f3fc49f84d7a5095bc6d2a169a8d417a16e5d9ca1ee8fd7db1c2bc530
product:PLY-3/4 48X120,thicknessBasis,known,Nominal material thickness in the item designation; actual manufacturing tolerance is not specified.,,text,unreviewed,103,18424d5f3fc49f84d7a5095bc6d2a169a8d417a16e5d9ca1ee8fd7db1c2bc530
product:REP1-1/2,sku,known,REP1-1/2,,text,unreviewed,103,18424d5f3fc49f84d7a5095bc6d2a169a8d417a16e5d9ca1ee8fd7db1c2bc530
product:REP1-1/2,manufacturerCategory,known,Panels,,text,unreviewed,103,18424d5f3fc49f84d7a5095bc6d2a169a8d417a16e5d9ca1ee8fd7db1c2bc530
product:REP1-1/2,normalizedCategory,known,panel,,derived,unreviewed,103,18424d5f3fc49f84d7a5095bc6d2a169a8d417a16e5d9ca1ee8fd7db1c2bc530
product:REP1-1/2,widthIn,known,30,,vision,unreviewed,103,18424d5f3fc49f84d7a5095bc6d2a169a8d417a16e5d9ca1ee8fd7db1c2bc530
product:REP1-1/2,heightIn,known,96,,vision,unreviewed,103,18424d5f3fc49f84d7a5095bc6d2a169a8d417a16e5d9ca1ee8fd7db1c2bc530
product:REP1-1/2,thicknessIn,unknown,,No unambiguous product-specific measurement established in this review; returned-panel face width is not sheet thickness.,text,unreviewed,103,18424d5f3fc49f84d7a5095bc6d2a169a8d417a16e5d9ca1ee8fd7db1c2bc530
product:REP1-1/2,sidesFlushFinished,known,True,,text,unreviewed,103,18424d5f3fc49f84d7a5095bc6d2a169a8d417a16e5d9ca1ee8fd7db1c2bc530
product:REP1-1/2,returnFaceWidthIn,known,1.5,,vision,unreviewed,103,18424d5f3fc49f84d7a5095bc6d2a169a8d417a16e5d9ca1ee8fd7db1c2bc530
product:REP1296,sku,known,REP1296,,text,unreviewed,103,18424d5f3fc49f84d7a5095bc6d2a169a8d417a16e5d9ca1ee8fd7db1c2bc530
product:REP1296,manufacturerCategory,known,Panels,,text,unreviewed,103,18424d5f3fc49f84d7a5095bc6d2a169a8d417a16e5d9ca1ee8fd7db1c2bc530
product:REP1296,normalizedCategory,known,panel,,derived,unreviewed,103,18424d5f3fc49f84d7a5095bc6d2a169a8d417a16e5d9ca1ee8fd7db1c2bc530
product:REP1296,widthIn,known,12,,vision,unreviewed,103,18424d5f3fc49f84d7a5095bc6d2a169a8d417a16e5d9ca1ee8fd7db1c2bc530
product:REP1296,heightIn,known,96,,vision,unreviewed,103,18424d5f3fc49f84d7a5095bc6d2a169a8d417a16e5d9ca1ee8fd7db1c2bc530
product:REP1296,thicknessIn,known,0.75,,vision,unreviewed,103,18424d5f3fc49f84d7a5095bc6d2a169a8d417a16e5d9ca1ee8fd7db1c2bc530
product:REP1296,longEdgesBanded,known,True,,text,unreviewed,103,18424d5f3fc49f84d7a5095bc6d2a169a8d417a16e5d9ca1ee8fd7db1c2bc530
product:REP2496,sku,known,REP2496,,text,unreviewed,103,18424d5f3fc49f84d7a5095bc6d2a169a8d417a16e5d9ca1ee8fd7db1c2bc530
product:REP2496,manufacturerCategory,known,Panels,,text,unreviewed,103,18424d5f3fc49f84d7a5095bc6d2a169a8d417a16e5d9ca1ee8fd7db1c2bc530
product:REP2496,normalizedCategory,known,panel,,derived,unreviewed,103,18424d5f3fc49f84d7a5095bc6d2a169a8d417a16e5d9ca1ee8fd7db1c2bc530
product:REP2496,widthIn,known,24,,vision,unreviewed,103,18424d5f3fc49f84d7a5095bc6d2a169a8d417a16e5d9ca1ee8fd7db1c2bc530
product:REP2496,heightIn,known,96,,vision,unreviewed,103,18424d5f3fc49f84d7a5095bc6d2a169a8d417a16e5d9ca1ee8fd7db1c2bc530
product:REP2496,thicknessIn,known,0.75,,vision,unreviewed,103,18424d5f3fc49f84d7a5095bc6d2a169a8d417a16e5d9ca1ee8fd7db1c2bc530
product:REP2496,longEdgesBanded,known,True,,text,unreviewed,103,18424d5f3fc49f84d7a5095bc6d2a169a8d417a16e5d9ca1ee8fd7db1c2bc530
product:REP3,sku,known,REP3,,text,unreviewed,103,18424d5f3fc49f84d7a5095bc6d2a169a8d417a16e5d9ca1ee8fd7db1c2bc530
product:REP3,manufacturerCategory,known,Panels,,text,unreviewed,103,18424d5f3fc49f84d7a5095bc6d2a169a8d417a16e5d9ca1ee8fd7db1c2bc530
product:REP3,normalizedCategory,known,panel,,derived,unreviewed,103,18424d5f3fc49f84d7a5095bc6d2a169a8d417a16e5d9ca1ee8fd7db1c2bc530
product:REP3,widthIn,known,30,,vision,unreviewed,103,18424d5f3fc49f84d7a5095bc6d2a169a8d417a16e5d9ca1ee8fd7db1c2bc530
product:REP3,heightIn,known,96,,vision,unreviewed,103,18424d5f3fc49f84d7a5095bc6d2a169a8d417a16e5d9ca1ee8fd7db1c2bc530
product:REP3,thicknessIn,unknown,,No unambiguous product-specific measurement established in this review; returned-panel face width is not sheet thickness.,text,unreviewed,103,18424d5f3fc49f84d7a5095bc6d2a169a8d417a16e5d9ca1ee8fd7db1c2bc530
product:REP3,sidesFlushFinished,known,True,,text,unreviewed,103,18424d5f3fc49f84d7a5095bc6d2a169a8d417a16e5d9ca1ee8fd7db1c2bc530
product:REP3,returnFaceWidthIn,known,3,,vision,unreviewed,103,18424d5f3fc49f84d7a5095bc6d2a169a8d417a16e5d9ca1ee8fd7db1c2bc530
product:REP30120,sku,known,REP30120,,text,unreviewed,103,18424d5f3fc49f84d7a5095bc6d2a169a8d417a16e5d9ca1ee8fd7db1c2bc530
product:REP30120,manufacturerCategory,known,Panels,,text,unreviewed,103,18424d5f3fc49f84d7a5095bc6d2a169a8d417a16e5d9ca1ee8fd7db1c2bc530
product:REP30120,normalizedCategory,known,panel,,derived,unreviewed,103,18424d5f3fc49f84d7a5095bc6d2a169a8d417a16e5d9ca1ee8fd7db1c2bc530
product:REP30120,widthIn,known,30,,vision,unreviewed,103,18424d5f3fc49f84d7a5095bc6d2a169a8d417a16e5d9ca1ee8fd7db1c2bc530
product:REP30120,heightIn,known,120,,vision,unreviewed,103,18424d5f3fc49f84d7a5095bc6d2a169a8d417a16e5d9ca1ee8fd7db1c2bc530
product:REP30120,thicknessIn,known,0.75,,vision,unreviewed,103,18424d5f3fc49f84d7a5095bc6d2a169a8d417a16e5d9ca1ee8fd7db1c2bc530
product:REP30120 x 1-1/2,sku,known,REP30120 x 1-1/2,,text,unreviewed,103,18424d5f3fc49f84d7a5095bc6d2a169a8d417a16e5d9ca1ee8fd7db1c2bc530
product:REP30120 x 1-1/2,manufacturerCategory,known,Panels,,text,unreviewed,103,18424d5f3fc49f84d7a5095bc6d2a169a8d417a16e5d9ca1ee8fd7db1c2bc530
product:REP30120 x 1-1/2,normalizedCategory,known,panel,,derived,unreviewed,103,18424d5f3fc49f84d7a5095bc6d2a169a8d417a16e5d9ca1ee8fd7db1c2bc530
product:REP30120 x 1-1/2,widthIn,known,30,,vision,unreviewed,103,18424d5f3fc49f84d7a5095bc6d2a169a8d417a16e5d9ca1ee8fd7db1c2bc530
product:REP30120 x 1-1/2,heightIn,known,120,,vision,unreviewed,103,18424d5f3fc49f84d7a5095bc6d2a169a8d417a16e5d9ca1ee8fd7db1c2bc530
product:REP30120 x 1-1/2,thicknessIn,unknown,,No unambiguous product-specific measurement established in this review; returned-panel face width is not sheet thickness.,text,unreviewed,103,18424d5f3fc49f84d7a5095bc6d2a169a8d417a16e5d9ca1ee8fd7db1c2bc530
product:REP30120 x 1-1/2,returnFaceWidthIn,known,1.5,,vision,unreviewed,103,18424d5f3fc49f84d7a5095bc6d2a169a8d417a16e5d9ca1ee8fd7db1c2bc530
product:REP30120 x 3,sku,known,REP30120 x 3,,text,unreviewed,103,18424d5f3fc49f84d7a5095bc6d2a169a8d417a16e5d9ca1ee8fd7db1c2bc530
product:REP30120 x 3,manufacturerCategory,known,Panels,,text,unreviewed,103,18424d5f3fc49f84d7a5095bc6d2a169a8d417a16e5d9ca1ee8fd7db1c2bc530
product:REP30120 x 3,normalizedCategory,known,panel,,derived,unreviewed,103,18424d5f3fc49f84d7a5095bc6d2a169a8d417a16e5d9ca1ee8fd7db1c2bc530
product:REP30120 x 3,widthIn,known,30,,vision,unreviewed,103,18424d5f3fc49f84d7a5095bc6d2a169a8d417a16e5d9ca1ee8fd7db1c2bc530
product:REP30120 x 3,heightIn,known,120,,vision,unreviewed,103,18424d5f3fc49f84d7a5095bc6d2a169a8d417a16e5d9ca1ee8fd7db1c2bc530
product:REP30120 x 3,thicknessIn,unknown,,No unambiguous product-specific measurement established in this review; returned-panel face width is not sheet thickness.,text,unreviewed,103,18424d5f3fc49f84d7a5095bc6d2a169a8d417a16e5d9ca1ee8fd7db1c2bc530
product:REP30120 x 3,returnFaceWidthIn,known,3,,vision,unreviewed,103,18424d5f3fc49f84d7a5095bc6d2a169a8d417a16e5d9ca1ee8fd7db1c2bc530
product:REP3096,sku,known,REP3096,,text,unreviewed,103,18424d5f3fc49f84d7a5095bc6d2a169a8d417a16e5d9ca1ee8fd7db1c2bc530
product:REP3096,manufacturerCategory,known,Panels,,text,unreviewed,103,18424d5f3fc49f84d7a5095bc6d2a169a8d417a16e5d9ca1ee8fd7db1c2bc530
product:REP3096,normalizedCategory,known,panel,,derived,unreviewed,103,18424d5f3fc49f84d7a5095bc6d2a169a8d417a16e5d9ca1ee8fd7db1c2bc530
product:REP3096,widthIn,known,30,,vision,unreviewed,103,18424d5f3fc49f84d7a5095bc6d2a169a8d417a16e5d9ca1ee8fd7db1c2bc530
product:REP3096,heightIn,known,96,,vision,unreviewed,103,18424d5f3fc49f84d7a5095bc6d2a169a8d417a16e5d9ca1ee8fd7db1c2bc530
product:REP3096,thicknessIn,known,0.75,,vision,unreviewed,103,18424d5f3fc49f84d7a5095bc6d2a169a8d417a16e5d9ca1ee8fd7db1c2bc530
product:REP3096,longEdgesBanded,known,True,,text,unreviewed,103,18424d5f3fc49f84d7a5095bc6d2a169a8d417a16e5d9ca1ee8fd7db1c2bc530
product:REP3096 x 1 1/2,sku,known,REP3096 x 1 1/2,,text,unreviewed,103,18424d5f3fc49f84d7a5095bc6d2a169a8d417a16e5d9ca1ee8fd7db1c2bc530
product:REP3096 x 1 1/2,manufacturerCategory,known,Panels,,text,unreviewed,103,18424d5f3fc49f84d7a5095bc6d2a169a8d417a16e5d9ca1ee8fd7db1c2bc530
product:REP3096 x 1 1/2,normalizedCategory,known,panel,,derived,unreviewed,103,18424d5f3fc49f84d7a5095bc6d2a169a8d417a16e5d9ca1ee8fd7db1c2bc530
product:REP3096 x 1 1/2,widthIn,known,30,,vision,unreviewed,103,18424d5f3fc49f84d7a5095bc6d2a169a8d417a16e5d9ca1ee8fd7db1c2bc530
product:REP3096 x 1 1/2,heightIn,known,96,,vision,unreviewed,103,18424d5f3fc49f84d7a5095bc6d2a169a8d417a16e5d9ca1ee8fd7db1c2bc530
product:REP3096 x 1 1/2,thicknessIn,unknown,,No unambiguous product-specific measurement established in this review; returned-panel face width is not sheet thickness.,text,unreviewed,103,18424d5f3fc49f84d7a5095bc6d2a169a8d417a16e5d9ca1ee8fd7db1c2bc530
product:REP3096 x 1 1/2,sidesFlushFinished,known,True,,text,unreviewed,103,18424d5f3fc49f84d7a5095bc6d2a169a8d417a16e5d9ca1ee8fd7db1c2bc530
product:REP3096 x 1 1/2,returnFaceWidthIn,known,1.5,,vision,unreviewed,103,18424d5f3fc49f84d7a5095bc6d2a169a8d417a16e5d9ca1ee8fd7db1c2bc530
product:REP3096 x 3,sku,known,REP3096 x 3,,text,unreviewed,103,18424d5f3fc49f84d7a5095bc6d2a169a8d417a16e5d9ca1ee8fd7db1c2bc530
product:REP3096 x 3,manufacturerCategory,known,Panels,,text,unreviewed,103,18424d5f3fc49f84d7a5095bc6d2a169a8d417a16e5d9ca1ee8fd7db1c2bc530
product:REP3096 x 3,normalizedCategory,known,panel,,derived,unreviewed,103,18424d5f3fc49f84d7a5095bc6d2a169a8d417a16e5d9ca1ee8fd7db1c2bc530
product:REP3096 x 3,widthIn,known,30,,vision,unreviewed,103,18424d5f3fc49f84d7a5095bc6d2a169a8d417a16e5d9ca1ee8fd7db1c2bc530
product:REP3096 x 3,heightIn,known,96,,vision,unreviewed,103,18424d5f3fc49f84d7a5095bc6d2a169a8d417a16e5d9ca1ee8fd7db1c2bc530
product:REP3096 x 3,thicknessIn,unknown,,No unambiguous product-specific measurement established in this review; returned-panel face width is not sheet thickness.,text,unreviewed,103,18424d5f3fc49f84d7a5095bc6d2a169a8d417a16e5d9ca1ee8fd7db1c2bc530
product:REP3096 x 3,sidesFlushFinished,known,True,,text,unreviewed,103,18424d5f3fc49f84d7a5095bc6d2a169a8d417a16e5d9ca1ee8fd7db1c2bc530
product:REP3096 x 3,returnFaceWidthIn,known,3,,vision,unreviewed,103,18424d5f3fc49f84d7a5095bc6d2a169a8d417a16e5d9ca1ee8fd7db1c2bc530
product:ROD-B15 BLUM E,manufacturerCategory,known,Base Accessories,,text,unreviewed,76,18424d5f3fc49f84d7a5095bc6d2a169a8d417a16e5d9ca1ee8fd7db1c2bc530
product:ROD-B15 BLUM E,normalizedCategory,known,accessory,,derived,unreviewed,76,18424d5f3fc49f84d7a5095bc6d2a169a8d417a16e5d9ca1ee8fd7db1c2bc530
product:ROD-B15 BLUM E,sku,known,ROD-B15 BLUM E,,text,unreviewed,76,18424d5f3fc49f84d7a5095bc6d2a169a8d417a16e5d9ca1ee8fd7db1c2bc530
product:ROD-B15 BLUM E,widthIn,unknown,,"Required by the installation geometry policy. Overall product dimension is not established by reviewed evidence; host size, tray diameter or mixer shelf dimensions are not overall dimensions.",text,unreviewed,76,18424d5f3fc49f84d7a5095bc6d2a169a8d417a16e5d9ca1ee8fd7db1c2bc530
product:ROD-B15 BLUM E,heightIn,unknown,,"Required by the installation geometry policy. Overall product dimension is not established by reviewed evidence; host size, tray diameter or mixer shelf dimensions are not overall dimensions.",text,unreviewed,76,18424d5f3fc49f84d7a5095bc6d2a169a8d417a16e5d9ca1ee8fd7db1c2bc530
product:ROD-B15 BLUM E,depthIn,unknown,,"Required by the installation geometry policy. Overall product dimension is not established by reviewed evidence; host size, tray diameter or mixer shelf dimensions are not overall dimensions.",text,unreviewed,76,18424d5f3fc49f84d7a5095bc6d2a169a8d417a16e5d9ca1ee8fd7db1c2bc530
product:ROD-B15 BLUM H,manufacturerCategory,known,Base Accessories,,text,unreviewed,76,18424d5f3fc49f84d7a5095bc6d2a169a8d417a16e5d9ca1ee8fd7db1c2bc530
product:ROD-B15 BLUM H,normalizedCategory,known,accessory,,derived,unreviewed,76,18424d5f3fc49f84d7a5095bc6d2a169a8d417a16e5d9ca1ee8fd7db1c2bc530
product:ROD-B15 BLUM H,sku,known,ROD-B15 BLUM H,,text,unreviewed,76,18424d5f3fc49f84d7a5095bc6d2a169a8d417a16e5d9ca1ee8fd7db1c2bc530
product:ROD-B15 BLUM H,widthIn,unknown,,"Required by the installation geometry policy. Overall product dimension is not established by reviewed evidence; host size, tray diameter or mixer shelf dimensions are not overall dimensions.",text,unreviewed,76,18424d5f3fc49f84d7a5095bc6d2a169a8d417a16e5d9ca1ee8fd7db1c2bc530
product:ROD-B15 BLUM H,heightIn,unknown,,"Required by the installation geometry policy. Overall product dimension is not established by reviewed evidence; host size, tray diameter or mixer shelf dimensions are not overall dimensions.",text,unreviewed,76,18424d5f3fc49f84d7a5095bc6d2a169a8d417a16e5d9ca1ee8fd7db1c2bc530
product:ROD-B15 BLUM H,depthIn,unknown,,"Required by the installation geometry policy. Overall product dimension is not established by reviewed evidence; host size, tray diameter or mixer shelf dimensions are not overall dimensions.",text,unreviewed,76,18424d5f3fc49f84d7a5095bc6d2a169a8d417a16e5d9ca1ee8fd7db1c2bc530
product:ROD-B18 BLUM E,manufacturerCategory,known,Base Accessories,,text,unreviewed,76,18424d5f3fc49f84d7a5095bc6d2a169a8d417a16e5d9ca1ee8fd7db1c2bc530
product:ROD-B18 BLUM E,normalizedCategory,known,accessory,,derived,unreviewed,76,18424d5f3fc49f84d7a5095bc6d2a169a8d417a16e5d9ca1ee8fd7db1c2bc530
product:ROD-B18 BLUM E,sku,known,ROD-B18 BLUM E,,text,unreviewed,76,18424d5f3fc49f84d7a5095bc6d2a169a8d417a16e5d9ca1ee8fd7db1c2bc530
product:ROD-B18 BLUM E,widthIn,unknown,,"Required by the installation geometry policy. Overall product dimension is not established by reviewed evidence; host size, tray diameter or mixer shelf dimensions are not overall dimensions.",text,unreviewed,76,18424d5f3fc49f84d7a5095bc6d2a169a8d417a16e5d9ca1ee8fd7db1c2bc530
product:ROD-B18 BLUM E,heightIn,unknown,,"Required by the installation geometry policy. Overall product dimension is not established by reviewed evidence; host size, tray diameter or mixer shelf dimensions are not overall dimensions.",text,unreviewed,76,18424d5f3fc49f84d7a5095bc6d2a169a8d417a16e5d9ca1ee8fd7db1c2bc530
product:ROD-B18 BLUM E,depthIn,unknown,,"Required by the installation geometry policy. Overall product dimension is not established by reviewed evidence; host size, tray diameter or mixer shelf dimensions are not overall dimensions.",text,unreviewed,76,18424d5f3fc49f84d7a5095bc6d2a169a8d417a16e5d9ca1ee8fd7db1c2bc530
product:ROD-B18 BLUM H,manufacturerCategory,known,Base Accessories,,text,unreviewed,76,18424d5f3fc49f84d7a5095bc6d2a169a8d417a16e5d9ca1ee8fd7db1c2bc530
product:ROD-B18 BLUM H,normalizedCategory,known,accessory,,derived,unreviewed,76,18424d5f3fc49f84d7a5095bc6d2a169a8d417a16e5d9ca1ee8fd7db1c2bc530
product:ROD-B18 BLUM H,sku,known,ROD-B18 BLUM H,,text,unreviewed,76,18424d5f3fc49f84d7a5095bc6d2a169a8d417a16e5d9ca1ee8fd7db1c2bc530
product:ROD-B18 BLUM H,widthIn,unknown,,"Required by the installation geometry policy. Overall product dimension is not established by reviewed evidence; host size, tray diameter or mixer shelf dimensions are not overall dimensions.",text,unreviewed,76,18424d5f3fc49f84d7a5095bc6d2a169a8d417a16e5d9ca1ee8fd7db1c2bc530
product:ROD-B18 BLUM H,heightIn,unknown,,"Required by the installation geometry policy. Overall product dimension is not established by reviewed evidence; host size, tray diameter or mixer shelf dimensions are not overall dimensions.",text,unreviewed,76,18424d5f3fc49f84d7a5095bc6d2a169a8d417a16e5d9ca1ee8fd7db1c2bc530
product:ROD-B18 BLUM H,depthIn,unknown,,"Required by the installation geometry policy. Overall product dimension is not established by reviewed evidence; host size, tray diameter or mixer shelf dimensions are not overall dimensions.",text,unreviewed,76,18424d5f3fc49f84d7a5095bc6d2a169a8d417a16e5d9ca1ee8fd7db1c2bc530
product:ROD-B21 BLUM E,manufacturerCategory,known,Base Accessories,,text,unreviewed,76,18424d5f3fc49f84d7a5095bc6d2a169a8d417a16e5d9ca1ee8fd7db1c2bc530
product:ROD-B21 BLUM E,normalizedCategory,known,accessory,,derived,unreviewed,76,18424d5f3fc49f84d7a5095bc6d2a169a8d417a16e5d9ca1ee8fd7db1c2bc530
product:ROD-B21 BLUM E,sku,known,ROD-B21 BLUM E,,text,unreviewed,76,18424d5f3fc49f84d7a5095bc6d2a169a8d417a16e5d9ca1ee8fd7db1c2bc530
product:ROD-B21 BLUM E,widthIn,unknown,,"Required by the installation geometry policy. Overall product dimension is not established by reviewed evidence; host size, tray diameter or mixer shelf dimensions are not overall dimensions.",text,unreviewed,76,18424d5f3fc49f84d7a5095bc6d2a169a8d417a16e5d9ca1ee8fd7db1c2bc530
product:ROD-B21 BLUM E,heightIn,unknown,,"Required by the installation geometry policy. Overall product dimension is not established by reviewed evidence; host size, tray diameter or mixer shelf dimensions are not overall dimensions.",text,unreviewed,76,18424d5f3fc49f84d7a5095bc6d2a169a8d417a16e5d9ca1ee8fd7db1c2bc530
product:ROD-B21 BLUM E,depthIn,unknown,,"Required by the installation geometry policy. Overall product dimension is not established by reviewed evidence; host size, tray diameter or mixer shelf dimensions are not overall dimensions.",text,unreviewed,76,18424d5f3fc49f84d7a5095bc6d2a169a8d417a16e5d9ca1ee8fd7db1c2bc530
product:ROD-B21 BLUM H,manufacturerCategory,known,Base Accessories,,text,unreviewed,76,18424d5f3fc49f84d7a5095bc6d2a169a8d417a16e5d9ca1ee8fd7db1c2bc530
product:ROD-B21 BLUM H,normalizedCategory,known,accessory,,derived,unreviewed,76,18424d5f3fc49f84d7a5095bc6d2a169a8d417a16e5d9ca1ee8fd7db1c2bc530
product:ROD-B21 BLUM H,sku,known,ROD-B21 BLUM H,,text,unreviewed,76,18424d5f3fc49f84d7a5095bc6d2a169a8d417a16e5d9ca1ee8fd7db1c2bc530
product:ROD-B21 BLUM H,widthIn,unknown,,"Required by the installation geometry policy. Overall product dimension is not established by reviewed evidence; host size, tray diameter or mixer shelf dimensions are not overall dimensions.",text,unreviewed,76,18424d5f3fc49f84d7a5095bc6d2a169a8d417a16e5d9ca1ee8fd7db1c2bc530
product:ROD-B21 BLUM H,heightIn,unknown,,"Required by the installation geometry policy. Overall product dimension is not established by reviewed evidence; host size, tray diameter or mixer shelf dimensions are not overall dimensions.",text,unreviewed,76,18424d5f3fc49f84d7a5095bc6d2a169a8d417a16e5d9ca1ee8fd7db1c2bc530
product:ROD-B21 BLUM H,depthIn,unknown,,"Required by the installation geometry policy. Overall product dimension is not established by reviewed evidence; host size, tray diameter or mixer shelf dimensions are not overall dimensions.",text,unreviewed,76,18424d5f3fc49f84d7a5095bc6d2a169a8d417a16e5d9ca1ee8fd7db1c2bc530
product:ROD-B24 BLUM E,manufacturerCategory,known,Base Accessories,,text,unreviewed,76,18424d5f3fc49f84d7a5095bc6d2a169a8d417a16e5d9ca1ee8fd7db1c2bc530
product:ROD-B24 BLUM E,normalizedCategory,known,accessory,,derived,unreviewed,76,18424d5f3fc49f84d7a5095bc6d2a169a8d417a16e5d9ca1ee8fd7db1c2bc530
product:ROD-B24 BLUM E,sku,known,ROD-B24 BLUM E,,text,unreviewed,76,18424d5f3fc49f84d7a5095bc6d2a169a8d417a16e5d9ca1ee8fd7db1c2bc530
product:ROD-B24 BLUM E,widthIn,unknown,,"Required by the installation geometry policy. Overall product dimension is not established by reviewed evidence; host size, tray diameter or mixer shelf dimensions are not overall dimensions.",text,unreviewed,76,18424d5f3fc49f84d7a5095bc6d2a169a8d417a16e5d9ca1ee8fd7db1c2bc530
product:ROD-B24 BLUM E,heightIn,unknown,,"Required by the installation geometry policy. Overall product dimension is not established by reviewed evidence; host size, tray diameter or mixer shelf dimensions are not overall dimensions.",text,unreviewed,76,18424d5f3fc49f84d7a5095bc6d2a169a8d417a16e5d9ca1ee8fd7db1c2bc530
product:ROD-B24 BLUM E,depthIn,unknown,,"Required by the installation geometry policy. Overall product dimension is not established by reviewed evidence; host size, tray diameter or mixer shelf dimensions are not overall dimensions.",text,unreviewed,76,18424d5f3fc49f84d7a5095bc6d2a169a8d417a16e5d9ca1ee8fd7db1c2bc530
product:ROD-B24 BLUM H,manufacturerCategory,known,Base Accessories,,text,unreviewed,76,18424d5f3fc49f84d7a5095bc6d2a169a8d417a16e5d9ca1ee8fd7db1c2bc530
product:ROD-B24 BLUM H,normalizedCategory,known,accessory,,derived,unreviewed,76,18424d5f3fc49f84d7a5095bc6d2a169a8d417a16e5d9ca1ee8fd7db1c2bc530
product:ROD-B24 BLUM H,sku,known,ROD-B24 BLUM H,,text,unreviewed,76,18424d5f3fc49f84d7a5095bc6d2a169a8d417a16e5d9ca1ee8fd7db1c2bc530
product:ROD-B24 BLUM H,widthIn,unknown,,"Required by the installation geometry policy. Overall product dimension is not established by reviewed evidence; host size, tray diameter or mixer shelf dimensions are not overall dimensions.",text,unreviewed,76,18424d5f3fc49f84d7a5095bc6d2a169a8d417a16e5d9ca1ee8fd7db1c2bc530
product:ROD-B24 BLUM H,heightIn,unknown,,"Required by the installation geometry policy. Overall product dimension is not established by reviewed evidence; host size, tray diameter or mixer shelf dimensions are not overall dimensions.",text,unreviewed,76,18424d5f3fc49f84d7a5095bc6d2a169a8d417a16e5d9ca1ee8fd7db1c2bc530
product:ROD-B24 BLUM H,depthIn,unknown,,"Required by the installation geometry policy. Overall product dimension is not established by reviewed evidence; host size, tray diameter or mixer shelf dimensions are not overall dimensions.",text,unreviewed,76,18424d5f3fc49f84d7a5095bc6d2a169a8d417a16e5d9ca1ee8fd7db1c2bc530
product:ROD-B27 BLUM E,manufacturerCategory,known,Base Accessories,,text,unreviewed,76,18424d5f3fc49f84d7a5095bc6d2a169a8d417a16e5d9ca1ee8fd7db1c2bc530
product:ROD-B27 BLUM E,normalizedCategory,known,accessory,,derived,unreviewed,76,18424d5f3fc49f84d7a5095bc6d2a169a8d417a16e5d9ca1ee8fd7db1c2bc530
product:ROD-B27 BLUM E,sku,known,ROD-B27 BLUM E,,text,unreviewed,76,18424d5f3fc49f84d7a5095bc6d2a169a8d417a16e5d9ca1ee8fd7db1c2bc530
product:ROD-B27 BLUM E,widthIn,unknown,,"Required by the installation geometry policy. Overall product dimension is not established by reviewed evidence; host size, tray diameter or mixer shelf dimensions are not overall dimensions.",text,unreviewed,76,18424d5f3fc49f84d7a5095bc6d2a169a8d417a16e5d9ca1ee8fd7db1c2bc530
product:ROD-B27 BLUM E,heightIn,unknown,,"Required by the installation geometry policy. Overall product dimension is not established by reviewed evidence; host size, tray diameter or mixer shelf dimensions are not overall dimensions.",text,unreviewed,76,18424d5f3fc49f84d7a5095bc6d2a169a8d417a16e5d9ca1ee8fd7db1c2bc530
product:ROD-B27 BLUM E,depthIn,unknown,,"Required by the installation geometry policy. Overall product dimension is not established by reviewed evidence; host size, tray diameter or mixer shelf dimensions are not overall dimensions.",text,unreviewed,76,18424d5f3fc49f84d7a5095bc6d2a169a8d417a16e5d9ca1ee8fd7db1c2bc530
product:ROD-B27 BLUM H,manufacturerCategory,known,Base Accessories,,text,unreviewed,76,18424d5f3fc49f84d7a5095bc6d2a169a8d417a16e5d9ca1ee8fd7db1c2bc530
product:ROD-B27 BLUM H,normalizedCategory,known,accessory,,derived,unreviewed,76,18424d5f3fc49f84d7a5095bc6d2a169a8d417a16e5d9ca1ee8fd7db1c2bc530
product:ROD-B27 BLUM H,sku,known,ROD-B27 BLUM H,,text,unreviewed,76,18424d5f3fc49f84d7a5095bc6d2a169a8d417a16e5d9ca1ee8fd7db1c2bc530
product:ROD-B27 BLUM H,widthIn,unknown,,"Required by the installation geometry policy. Overall product dimension is not established by reviewed evidence; host size, tray diameter or mixer shelf dimensions are not overall dimensions.",text,unreviewed,76,18424d5f3fc49f84d7a5095bc6d2a169a8d417a16e5d9ca1ee8fd7db1c2bc530
product:ROD-B27 BLUM H,heightIn,unknown,,"Required by the installation geometry policy. Overall product dimension is not established by reviewed evidence; host size, tray diameter or mixer shelf dimensions are not overall dimensions.",text,unreviewed,76,18424d5f3fc49f84d7a5095bc6d2a169a8d417a16e5d9ca1ee8fd7db1c2bc530
product:ROD-B27 BLUM H,depthIn,unknown,,"Required by the installation geometry policy. Overall product dimension is not established by reviewed evidence; host size, tray diameter or mixer shelf dimensions are not overall dimensions.",text,unreviewed,76,18424d5f3fc49f84d7a5095bc6d2a169a8d417a16e5d9ca1ee8fd7db1c2bc530
product:ROD-B30 BLUM E,manufacturerCategory,known,Base Accessories,,text,unreviewed,76,18424d5f3fc49f84d7a5095bc6d2a169a8d417a16e5d9ca1ee8fd7db1c2bc530
product:ROD-B30 BLUM E,normalizedCategory,known,accessory,,derived,unreviewed,76,18424d5f3fc49f84d7a5095bc6d2a169a8d417a16e5d9ca1ee8fd7db1c2bc530
product:ROD-B30 BLUM E,sku,known,ROD-B30 BLUM E,,text,unreviewed,76,18424d5f3fc49f84d7a5095bc6d2a169a8d417a16e5d9ca1ee8fd7db1c2bc530
product:ROD-B30 BLUM E,widthIn,unknown,,"Required by the installation geometry policy. Overall product dimension is not established by reviewed evidence; host size, tray diameter or mixer shelf dimensions are not overall dimensions.",text,unreviewed,76,18424d5f3fc49f84d7a5095bc6d2a169a8d417a16e5d9ca1ee8fd7db1c2bc530
product:ROD-B30 BLUM E,heightIn,unknown,,"Required by the installation geometry policy. Overall product dimension is not established by reviewed evidence; host size, tray diameter or mixer shelf dimensions are not overall dimensions.",text,unreviewed,76,18424d5f3fc49f84d7a5095bc6d2a169a8d417a16e5d9ca1ee8fd7db1c2bc530
product:ROD-B30 BLUM E,depthIn,unknown,,"Required by the installation geometry policy. Overall product dimension is not established by reviewed evidence; host size, tray diameter or mixer shelf dimensions are not overall dimensions.",text,unreviewed,76,18424d5f3fc49f84d7a5095bc6d2a169a8d417a16e5d9ca1ee8fd7db1c2bc530
product:ROD-B30 BLUM H,manufacturerCategory,known,Base Accessories,,text,unreviewed,76,18424d5f3fc49f84d7a5095bc6d2a169a8d417a16e5d9ca1ee8fd7db1c2bc530
product:ROD-B30 BLUM H,normalizedCategory,known,accessory,,derived,unreviewed,76,18424d5f3fc49f84d7a5095bc6d2a169a8d417a16e5d9ca1ee8fd7db1c2bc530
product:ROD-B30 BLUM H,sku,known,ROD-B30 BLUM H,,text,unreviewed,76,18424d5f3fc49f84d7a5095bc6d2a169a8d417a16e5d9ca1ee8fd7db1c2bc530
product:ROD-B30 BLUM H,widthIn,unknown,,"Required by the installation geometry policy. Overall product dimension is not established by reviewed evidence; host size, tray diameter or mixer shelf dimensions are not overall dimensions.",text,unreviewed,76,18424d5f3fc49f84d7a5095bc6d2a169a8d417a16e5d9ca1ee8fd7db1c2bc530
product:ROD-B30 BLUM H,heightIn,unknown,,"Required by the installation geometry policy. Overall product dimension is not established by reviewed evidence; host size, tray diameter or mixer shelf dimensions are not overall dimensions.",text,unreviewed,76,18424d5f3fc49f84d7a5095bc6d2a169a8d417a16e5d9ca1ee8fd7db1c2bc530
product:ROD-B30 BLUM H,depthIn,unknown,,"Required by the installation geometry policy. Overall product dimension is not established by reviewed evidence; host size, tray diameter or mixer shelf dimensions are not overall dimensions.",text,unreviewed,76,18424d5f3fc49f84d7a5095bc6d2a169a8d417a16e5d9ca1ee8fd7db1c2bc530
product:ROD-B33 BLUM E,manufacturerCategory,known,Base Accessories,,text,unreviewed,76,18424d5f3fc49f84d7a5095bc6d2a169a8d417a16e5d9ca1ee8fd7db1c2bc530
product:ROD-B33 BLUM E,normalizedCategory,known,accessory,,derived,unreviewed,76,18424d5f3fc49f84d7a5095bc6d2a169a8d417a16e5d9ca1ee8fd7db1c2bc530
product:ROD-B33 BLUM E,sku,known,ROD-B33 BLUM E,,text,unreviewed,76,18424d5f3fc49f84d7a5095bc6d2a169a8d417a16e5d9ca1ee8fd7db1c2bc530
product:ROD-B33 BLUM E,widthIn,unknown,,"Required by the installation geometry policy. Overall product dimension is not established by reviewed evidence; host size, tray diameter or mixer shelf dimensions are not overall dimensions.",text,unreviewed,76,18424d5f3fc49f84d7a5095bc6d2a169a8d417a16e5d9ca1ee8fd7db1c2bc530
product:ROD-B33 BLUM E,heightIn,unknown,,"Required by the installation geometry policy. Overall product dimension is not established by reviewed evidence; host size, tray diameter or mixer shelf dimensions are not overall dimensions.",text,unreviewed,76,18424d5f3fc49f84d7a5095bc6d2a169a8d417a16e5d9ca1ee8fd7db1c2bc530
product:ROD-B33 BLUM E,depthIn,unknown,,"Required by the installation geometry policy. Overall product dimension is not established by reviewed evidence; host size, tray diameter or mixer shelf dimensions are not overall dimensions.",text,unreviewed,76,18424d5f3fc49f84d7a5095bc6d2a169a8d417a16e5d9ca1ee8fd7db1c2bc530
product:ROD-B33 BLUM H,manufacturerCategory,known,Base Accessories,,text,unreviewed,76,18424d5f3fc49f84d7a5095bc6d2a169a8d417a16e5d9ca1ee8fd7db1c2bc530
product:ROD-B33 BLUM H,normalizedCategory,known,accessory,,derived,unreviewed,76,18424d5f3fc49f84d7a5095bc6d2a169a8d417a16e5d9ca1ee8fd7db1c2bc530
product:ROD-B33 BLUM H,sku,known,ROD-B33 BLUM H,,text,unreviewed,76,18424d5f3fc49f84d7a5095bc6d2a169a8d417a16e5d9ca1ee8fd7db1c2bc530
product:ROD-B33 BLUM H,widthIn,unknown,,"Required by the installation geometry policy. Overall product dimension is not established by reviewed evidence; host size, tray diameter or mixer shelf dimensions are not overall dimensions.",text,unreviewed,76,18424d5f3fc49f84d7a5095bc6d2a169a8d417a16e5d9ca1ee8fd7db1c2bc530
product:ROD-B33 BLUM H,heightIn,unknown,,"Required by the installation geometry policy. Overall product dimension is not established by reviewed evidence; host size, tray diameter or mixer shelf dimensions are not overall dimensions.",text,unreviewed,76,18424d5f3fc49f84d7a5095bc6d2a169a8d417a16e5d9ca1ee8fd7db1c2bc530
product:ROD-B33 BLUM H,depthIn,unknown,,"Required by the installation geometry policy. Overall product dimension is not established by reviewed evidence; host size, tray diameter or mixer shelf dimensions are not overall dimensions.",text,unreviewed,76,18424d5f3fc49f84d7a5095bc6d2a169a8d417a16e5d9ca1ee8fd7db1c2bc530
product:ROD-B36 BLUM E,manufacturerCategory,known,Base Accessories,,text,unreviewed,76,18424d5f3fc49f84d7a5095bc6d2a169a8d417a16e5d9ca1ee8fd7db1c2bc530
product:ROD-B36 BLUM E,normalizedCategory,known,accessory,,derived,unreviewed,76,18424d5f3fc49f84d7a5095bc6d2a169a8d417a16e5d9ca1ee8fd7db1c2bc530
product:ROD-B36 BLUM E,sku,known,ROD-B36 BLUM E,,text,unreviewed,76,18424d5f3fc49f84d7a5095bc6d2a169a8d417a16e5d9ca1ee8fd7db1c2bc530
product:ROD-B36 BLUM E,widthIn,unknown,,"Required by the installation geometry policy. Overall product dimension is not established by reviewed evidence; host size, tray diameter or mixer shelf dimensions are not overall dimensions.",text,unreviewed,76,18424d5f3fc49f84d7a5095bc6d2a169a8d417a16e5d9ca1ee8fd7db1c2bc530
product:ROD-B36 BLUM E,heightIn,unknown,,"Required by the installation geometry policy. Overall product dimension is not established by reviewed evidence; host size, tray diameter or mixer shelf dimensions are not overall dimensions.",text,unreviewed,76,18424d5f3fc49f84d7a5095bc6d2a169a8d417a16e5d9ca1ee8fd7db1c2bc530
product:ROD-B36 BLUM E,depthIn,unknown,,"Required by the installation geometry policy. Overall product dimension is not established by reviewed evidence; host size, tray diameter or mixer shelf dimensions are not overall dimensions.",text,unreviewed,76,18424d5f3fc49f84d7a5095bc6d2a169a8d417a16e5d9ca1ee8fd7db1c2bc530
product:ROD-B36 BLUM H,manufacturerCategory,known,Base Accessories,,text,unreviewed,76,18424d5f3fc49f84d7a5095bc6d2a169a8d417a16e5d9ca1ee8fd7db1c2bc530
product:ROD-B36 BLUM H,normalizedCategory,known,accessory,,derived,unreviewed,76,18424d5f3fc49f84d7a5095bc6d2a169a8d417a16e5d9ca1ee8fd7db1c2bc530
product:ROD-B36 BLUM H,sku,known,ROD-B36 BLUM H,,text,unreviewed,76,18424d5f3fc49f84d7a5095bc6d2a169a8d417a16e5d9ca1ee8fd7db1c2bc530
product:ROD-B36 BLUM H,widthIn,unknown,,"Required by the installation geometry policy. Overall product dimension is not established by reviewed evidence; host size, tray diameter or mixer shelf dimensions are not overall dimensions.",text,unreviewed,76,18424d5f3fc49f84d7a5095bc6d2a169a8d417a16e5d9ca1ee8fd7db1c2bc530
product:ROD-B36 BLUM H,heightIn,unknown,,"Required by the installation geometry policy. Overall product dimension is not established by reviewed evidence; host size, tray diameter or mixer shelf dimensions are not overall dimensions.",text,unreviewed,76,18424d5f3fc49f84d7a5095bc6d2a169a8d417a16e5d9ca1ee8fd7db1c2bc530
product:ROD-B36 BLUM H,depthIn,unknown,,"Required by the installation geometry policy. Overall product dimension is not established by reviewed evidence; host size, tray diameter or mixer shelf dimensions are not overall dimensions.",text,unreviewed,76,18424d5f3fc49f84d7a5095bc6d2a169a8d417a16e5d9ca1ee8fd7db1c2bc530
product:SB21,depthIn,known,24,,text,unreviewed,55,18424d5f3fc49f84d7a5095bc6d2a169a8d417a16e5d9ca1ee8fd7db1c2bc530
product:SB21,heightIn,known,34.5,,text,unreviewed,55,18424d5f3fc49f84d7a5095bc6d2a169a8d417a16e5d9ca1ee8fd7db1c2bc530
product:SB21,manufacturerCategory,known,Sink Base Cabinets,,text,unreviewed,55,18424d5f3fc49f84d7a5095bc6d2a169a8d417a16e5d9ca1ee8fd7db1c2bc530
product:SB21,normalizedCategory,known,base_cabinet,,derived,unreviewed,55,18424d5f3fc49f84d7a5095bc6d2a169a8d417a16e5d9ca1ee8fd7db1c2bc530
product:SB21,sku,known,SB21,,text,unreviewed,55,18424d5f3fc49f84d7a5095bc6d2a169a8d417a16e5d9ca1ee8fd7db1c2bc530
product:SB21,widthIn,known,21,,derived,unreviewed,55,18424d5f3fc49f84d7a5095bc6d2a169a8d417a16e5d9ca1ee8fd7db1c2bc530
product:SB24,depthIn,known,24,,text,unreviewed,55,18424d5f3fc49f84d7a5095bc6d2a169a8d417a16e5d9ca1ee8fd7db1c2bc530
product:SB24,heightIn,known,34.5,,text,unreviewed,55,18424d5f3fc49f84d7a5095bc6d2a169a8d417a16e5d9ca1ee8fd7db1c2bc530
product:SB24,manufacturerCategory,known,Sink Base Cabinets,,text,unreviewed,55,18424d5f3fc49f84d7a5095bc6d2a169a8d417a16e5d9ca1ee8fd7db1c2bc530
product:SB24,normalizedCategory,known,base_cabinet,,derived,unreviewed,55,18424d5f3fc49f84d7a5095bc6d2a169a8d417a16e5d9ca1ee8fd7db1c2bc530
product:SB24,sku,known,SB24,,text,unreviewed,55,18424d5f3fc49f84d7a5095bc6d2a169a8d417a16e5d9ca1ee8fd7db1c2bc530
product:SB24,widthIn,known,24,,derived,unreviewed,55,18424d5f3fc49f84d7a5095bc6d2a169a8d417a16e5d9ca1ee8fd7db1c2bc530
product:SB27,depthIn,known,24,,text,unreviewed,55,18424d5f3fc49f84d7a5095bc6d2a169a8d417a16e5d9ca1ee8fd7db1c2bc530
product:SB27,heightIn,known,34.5,,text,unreviewed,55,18424d5f3fc49f84d7a5095bc6d2a169a8d417a16e5d9ca1ee8fd7db1c2bc530
product:SB27,manufacturerCategory,known,Sink Base Cabinets,,text,unreviewed,55,18424d5f3fc49f84d7a5095bc6d2a169a8d417a16e5d9ca1ee8fd7db1c2bc530
product:SB27,normalizedCategory,known,base_cabinet,,derived,unreviewed,55,18424d5f3fc49f84d7a5095bc6d2a169a8d417a16e5d9ca1ee8fd7db1c2bc530
product:SB27,sku,known,SB27,,text,unreviewed,55,18424d5f3fc49f84d7a5095bc6d2a169a8d417a16e5d9ca1ee8fd7db1c2bc530
product:SB27,widthIn,known,27,,derived,unreviewed,55,18424d5f3fc49f84d7a5095bc6d2a169a8d417a16e5d9ca1ee8fd7db1c2bc530
product:SB30,depthIn,known,24,,text,unreviewed,55,18424d5f3fc49f84d7a5095bc6d2a169a8d417a16e5d9ca1ee8fd7db1c2bc530
product:SB30,heightIn,known,34.5,,text,unreviewed,55,18424d5f3fc49f84d7a5095bc6d2a169a8d417a16e5d9ca1ee8fd7db1c2bc530
product:SB30,manufacturerCategory,known,Sink Base Cabinets,,text,unreviewed,55,18424d5f3fc49f84d7a5095bc6d2a169a8d417a16e5d9ca1ee8fd7db1c2bc530
product:SB30,normalizedCategory,known,base_cabinet,,derived,unreviewed,55,18424d5f3fc49f84d7a5095bc6d2a169a8d417a16e5d9ca1ee8fd7db1c2bc530
product:SB30,sku,known,SB30,,text,unreviewed,55,18424d5f3fc49f84d7a5095bc6d2a169a8d417a16e5d9ca1ee8fd7db1c2bc530
product:SB30,widthIn,known,30,,derived,unreviewed,55,18424d5f3fc49f84d7a5095bc6d2a169a8d417a16e5d9ca1ee8fd7db1c2bc530
product:SB33,depthIn,known,24,,text,unreviewed,55,18424d5f3fc49f84d7a5095bc6d2a169a8d417a16e5d9ca1ee8fd7db1c2bc530
product:SB33,heightIn,known,34.5,,text,unreviewed,55,18424d5f3fc49f84d7a5095bc6d2a169a8d417a16e5d9ca1ee8fd7db1c2bc530
product:SB33,manufacturerCategory,known,Sink Base Cabinets,,text,unreviewed,55,18424d5f3fc49f84d7a5095bc6d2a169a8d417a16e5d9ca1ee8fd7db1c2bc530
product:SB33,normalizedCategory,known,base_cabinet,,derived,unreviewed,55,18424d5f3fc49f84d7a5095bc6d2a169a8d417a16e5d9ca1ee8fd7db1c2bc530
product:SB33,sku,known,SB33,,text,unreviewed,55,18424d5f3fc49f84d7a5095bc6d2a169a8d417a16e5d9ca1ee8fd7db1c2bc530
product:SB33,widthIn,known,33,,derived,unreviewed,55,18424d5f3fc49f84d7a5095bc6d2a169a8d417a16e5d9ca1ee8fd7db1c2bc530
product:SB33SDF,depthIn,known,24,,text,unreviewed,55,18424d5f3fc49f84d7a5095bc6d2a169a8d417a16e5d9ca1ee8fd7db1c2bc530
product:SB33SDF,heightIn,known,34.5,,text,unreviewed,55,18424d5f3fc49f84d7a5095bc6d2a169a8d417a16e5d9ca1ee8fd7db1c2bc530
product:SB33SDF,manufacturerCategory,known,Sink Base Cabinets,,text,unreviewed,55,18424d5f3fc49f84d7a5095bc6d2a169a8d417a16e5d9ca1ee8fd7db1c2bc530
product:SB33SDF,normalizedCategory,known,base_cabinet,,derived,unreviewed,55,18424d5f3fc49f84d7a5095bc6d2a169a8d417a16e5d9ca1ee8fd7db1c2bc530
product:SB33SDF,sku,known,SB33SDF,,text,unreviewed,55,18424d5f3fc49f84d7a5095bc6d2a169a8d417a16e5d9ca1ee8fd7db1c2bc530
product:SB33SDF,widthIn,known,33,,derived,unreviewed,55,18424d5f3fc49f84d7a5095bc6d2a169a8d417a16e5d9ca1ee8fd7db1c2bc530
product:SB36,depthIn,known,24,,text,unreviewed,55,18424d5f3fc49f84d7a5095bc6d2a169a8d417a16e5d9ca1ee8fd7db1c2bc530
product:SB36,heightIn,known,34.5,,text,unreviewed,55,18424d5f3fc49f84d7a5095bc6d2a169a8d417a16e5d9ca1ee8fd7db1c2bc530
product:SB36,manufacturerCategory,known,Sink Base Cabinets,,text,unreviewed,55,18424d5f3fc49f84d7a5095bc6d2a169a8d417a16e5d9ca1ee8fd7db1c2bc530
product:SB36,normalizedCategory,known,base_cabinet,,derived,unreviewed,55,18424d5f3fc49f84d7a5095bc6d2a169a8d417a16e5d9ca1ee8fd7db1c2bc530
product:SB36,sku,known,SB36,,text,unreviewed,55,18424d5f3fc49f84d7a5095bc6d2a169a8d417a16e5d9ca1ee8fd7db1c2bc530
product:SB36,widthIn,known,36,,derived,unreviewed,55,18424d5f3fc49f84d7a5095bc6d2a169a8d417a16e5d9ca1ee8fd7db1c2bc530
product:SB36SDF,depthIn,known,24,,text,unreviewed,55,18424d5f3fc49f84d7a5095bc6d2a169a8d417a16e5d9ca1ee8fd7db1c2bc530
product:SB36SDF,heightIn,known,34.5,,text,unreviewed,55,18424d5f3fc49f84d7a5095bc6d2a169a8d417a16e5d9ca1ee8fd7db1c2bc530
product:SB36SDF,manufacturerCategory,known,Sink Base Cabinets,,text,unreviewed,55,18424d5f3fc49f84d7a5095bc6d2a169a8d417a16e5d9ca1ee8fd7db1c2bc530
product:SB36SDF,normalizedCategory,known,base_cabinet,,derived,unreviewed,55,18424d5f3fc49f84d7a5095bc6d2a169a8d417a16e5d9ca1ee8fd7db1c2bc530
product:SB36SDF,sku,known,SB36SDF,,text,unreviewed,55,18424d5f3fc49f84d7a5095bc6d2a169a8d417a16e5d9ca1ee8fd7db1c2bc530
product:SB36SDF,widthIn,known,36,,derived,unreviewed,55,18424d5f3fc49f84d7a5095bc6d2a169a8d417a16e5d9ca1ee8fd7db1c2bc530
product:SB39,depthIn,known,24,,text,unreviewed,55,18424d5f3fc49f84d7a5095bc6d2a169a8d417a16e5d9ca1ee8fd7db1c2bc530
product:SB39,heightIn,known,34.5,,text,unreviewed,55,18424d5f3fc49f84d7a5095bc6d2a169a8d417a16e5d9ca1ee8fd7db1c2bc530
product:SB39,manufacturerCategory,known,Sink Base Cabinets,,text,unreviewed,55,18424d5f3fc49f84d7a5095bc6d2a169a8d417a16e5d9ca1ee8fd7db1c2bc530
product:SB39,normalizedCategory,known,base_cabinet,,derived,unreviewed,55,18424d5f3fc49f84d7a5095bc6d2a169a8d417a16e5d9ca1ee8fd7db1c2bc530
product:SB39,sku,known,SB39,,text,unreviewed,55,18424d5f3fc49f84d7a5095bc6d2a169a8d417a16e5d9ca1ee8fd7db1c2bc530
product:SB39,widthIn,known,39,,derived,unreviewed,55,18424d5f3fc49f84d7a5095bc6d2a169a8d417a16e5d9ca1ee8fd7db1c2bc530
product:SB42,depthIn,known,24,,text,unreviewed,55,18424d5f3fc49f84d7a5095bc6d2a169a8d417a16e5d9ca1ee8fd7db1c2bc530
product:SB42,heightIn,known,34.5,,text,unreviewed,55,18424d5f3fc49f84d7a5095bc6d2a169a8d417a16e5d9ca1ee8fd7db1c2bc530
product:SB42,manufacturerCategory,known,Sink Base Cabinets,,text,unreviewed,55,18424d5f3fc49f84d7a5095bc6d2a169a8d417a16e5d9ca1ee8fd7db1c2bc530
product:SB42,normalizedCategory,known,base_cabinet,,derived,unreviewed,55,18424d5f3fc49f84d7a5095bc6d2a169a8d417a16e5d9ca1ee8fd7db1c2bc530
product:SB42,sku,known,SB42,,text,unreviewed,55,18424d5f3fc49f84d7a5095bc6d2a169a8d417a16e5d9ca1ee8fd7db1c2bc530
product:SB42,widthIn,known,42,,derived,unreviewed,55,18424d5f3fc49f84d7a5095bc6d2a169a8d417a16e5d9ca1ee8fd7db1c2bc530
product:SK BASE,heightIn,known,30.125,,text,unreviewed,104,18424d5f3fc49f84d7a5095bc6d2a169a8d417a16e5d9ca1ee8fd7db1c2bc530
product:SK BASE,manufacturerCategory,known,FINISHED END SKINS,,text,unreviewed,104,18424d5f3fc49f84d7a5095bc6d2a169a8d417a16e5d9ca1ee8fd7db1c2bc530
product:SK BASE,normalizedCategory,known,panel,,derived,unreviewed,104,18424d5f3fc49f84d7a5095bc6d2a169a8d417a16e5d9ca1ee8fd7db1c2bc530
product:SK BASE,sku,known,SK BASE,,text,unreviewed,104,18424d5f3fc49f84d7a5095bc6d2a169a8d417a16e5d9ca1ee8fd7db1c2bc530
product:SK BASE,thicknessIn,known,0.25,,text,unreviewed,104,18424d5f3fc49f84d7a5095bc6d2a169a8d417a16e5d9ca1ee8fd7db1c2bc530
product:SK BASE,widthIn,known,23.25,,text,unreviewed,104,18424d5f3fc49f84d7a5095bc6d2a169a8d417a16e5d9ca1ee8fd7db1c2bc530
product:SK MC,heightIn,known,42.125,,text,unreviewed,104,18424d5f3fc49f84d7a5095bc6d2a169a8d417a16e5d9ca1ee8fd7db1c2bc530
product:SK MC,manufacturerCategory,known,FINISHED END SKINS,,text,unreviewed,104,18424d5f3fc49f84d7a5095bc6d2a169a8d417a16e5d9ca1ee8fd7db1c2bc530
product:SK MC,normalizedCategory,known,panel,,derived,unreviewed,104,18424d5f3fc49f84d7a5095bc6d2a169a8d417a16e5d9ca1ee8fd7db1c2bc530
product:SK MC,sku,known,SK MC,,text,unreviewed,104,18424d5f3fc49f84d7a5095bc6d2a169a8d417a16e5d9ca1ee8fd7db1c2bc530
product:SK MC,thicknessIn,known,0.25,,text,unreviewed,104,18424d5f3fc49f84d7a5095bc6d2a169a8d417a16e5d9ca1ee8fd7db1c2bc530
product:SK MC,widthIn,known,20.25,,text,unreviewed,104,18424d5f3fc49f84d7a5095bc6d2a169a8d417a16e5d9ca1ee8fd7db1c2bc530
product:SK T12D,heightIn,known,96.125,,text,unreviewed,104,18424d5f3fc49f84d7a5095bc6d2a169a8d417a16e5d9ca1ee8fd7db1c2bc530
product:SK T12D,manufacturerCategory,known,FINISHED END SKINS,,text,unreviewed,104,18424d5f3fc49f84d7a5095bc6d2a169a8d417a16e5d9ca1ee8fd7db1c2bc530
product:SK T12D,normalizedCategory,known,panel,,derived,unreviewed,104,18424d5f3fc49f84d7a5095bc6d2a169a8d417a16e5d9ca1ee8fd7db1c2bc530
product:SK T12D,sku,known,SK T12D,,text,unreviewed,104,18424d5f3fc49f84d7a5095bc6d2a169a8d417a16e5d9ca1ee8fd7db1c2bc530
product:SK T12D,thicknessIn,known,0.25,,text,unreviewed,104,18424d5f3fc49f84d7a5095bc6d2a169a8d417a16e5d9ca1ee8fd7db1c2bc530
product:SK T12D,widthIn,known,11.25,,text,unreviewed,104,18424d5f3fc49f84d7a5095bc6d2a169a8d417a16e5d9ca1ee8fd7db1c2bc530
product:SK TALL,heightIn,known,96.125,,text,unreviewed,104,18424d5f3fc49f84d7a5095bc6d2a169a8d417a16e5d9ca1ee8fd7db1c2bc530
product:SK TALL,manufacturerCategory,known,FINISHED END SKINS,,text,unreviewed,104,18424d5f3fc49f84d7a5095bc6d2a169a8d417a16e5d9ca1ee8fd7db1c2bc530
product:SK TALL,normalizedCategory,known,panel,,derived,unreviewed,104,18424d5f3fc49f84d7a5095bc6d2a169a8d417a16e5d9ca1ee8fd7db1c2bc530
product:SK TALL,sku,known,SK TALL,,text,unreviewed,104,18424d5f3fc49f84d7a5095bc6d2a169a8d417a16e5d9ca1ee8fd7db1c2bc530
product:SK TALL,thicknessIn,known,0.25,,text,unreviewed,104,18424d5f3fc49f84d7a5095bc6d2a169a8d417a16e5d9ca1ee8fd7db1c2bc530
product:SK TALL,widthIn,known,23.25,,text,unreviewed,104,18424d5f3fc49f84d7a5095bc6d2a169a8d417a16e5d9ca1ee8fd7db1c2bc530
product:SK W30,heightIn,known,30.125,,text,unreviewed,104,18424d5f3fc49f84d7a5095bc6d2a169a8d417a16e5d9ca1ee8fd7db1c2bc530
product:SK W30,manufacturerCategory,known,FINISHED END SKINS,,text,unreviewed,104,18424d5f3fc49f84d7a5095bc6d2a169a8d417a16e5d9ca1ee8fd7db1c2bc530
product:SK W30,normalizedCategory,known,panel,,derived,unreviewed,104,18424d5f3fc49f84d7a5095bc6d2a169a8d417a16e5d9ca1ee8fd7db1c2bc530
product:SK W30,sku,known,SK W30,,text,unreviewed,104,18424d5f3fc49f84d7a5095bc6d2a169a8d417a16e5d9ca1ee8fd7db1c2bc530
product:SK W30,thicknessIn,known,0.25,,text,unreviewed,104,18424d5f3fc49f84d7a5095bc6d2a169a8d417a16e5d9ca1ee8fd7db1c2bc530
product:SK W30,widthIn,known,11.25,,text,unreviewed,104,18424d5f3fc49f84d7a5095bc6d2a169a8d417a16e5d9ca1ee8fd7db1c2bc530
product:SK W36,heightIn,known,36.125,,text,unreviewed,104,18424d5f3fc49f84d7a5095bc6d2a169a8d417a16e5d9ca1ee8fd7db1c2bc530
product:SK W36,manufacturerCategory,known,FINISHED END SKINS,,text,unreviewed,104,18424d5f3fc49f84d7a5095bc6d2a169a8d417a16e5d9ca1ee8fd7db1c2bc530
product:SK W36,normalizedCategory,known,panel,,derived,unreviewed,104,18424d5f3fc49f84d7a5095bc6d2a169a8d417a16e5d9ca1ee8fd7db1c2bc530
product:SK W36,sku,known,SK W36,,text,unreviewed,104,18424d5f3fc49f84d7a5095bc6d2a169a8d417a16e5d9ca1ee8fd7db1c2bc530
product:SK W36,thicknessIn,known,0.25,,text,unreviewed,104,18424d5f3fc49f84d7a5095bc6d2a169a8d417a16e5d9ca1ee8fd7db1c2bc530
product:SK W36,widthIn,known,11.25,,text,unreviewed,104,18424d5f3fc49f84d7a5095bc6d2a169a8d417a16e5d9ca1ee8fd7db1c2bc530
product:SK W39,manufacturerCategory,known,FINISHED END SKINS,,text,unreviewed,104,18424d5f3fc49f84d7a5095bc6d2a169a8d417a16e5d9ca1ee8fd7db1c2bc530
product:SK W39,normalizedCategory,known,panel,,derived,unreviewed,104,18424d5f3fc49f84d7a5095bc6d2a169a8d417a16e5d9ca1ee8fd7db1c2bc530
product:SK W39,sku,known,SK W39,,text,unreviewed,104,18424d5f3fc49f84d7a5095bc6d2a169a8d417a16e5d9ca1ee8fd7db1c2bc530
product:SK W39,thicknessIn,known,0.25,,text,unreviewed,104,18424d5f3fc49f84d7a5095bc6d2a169a8d417a16e5d9ca1ee8fd7db1c2bc530
product:SK W42,heightIn,known,42.125,,text,unreviewed,104,18424d5f3fc49f84d7a5095bc6d2a169a8d417a16e5d9ca1ee8fd7db1c2bc530
product:SK W42,manufacturerCategory,known,FINISHED END SKINS,,text,unreviewed,104,18424d5f3fc49f84d7a5095bc6d2a169a8d417a16e5d9ca1ee8fd7db1c2bc530
product:SK W42,normalizedCategory,known,panel,,derived,unreviewed,104,18424d5f3fc49f84d7a5095bc6d2a169a8d417a16e5d9ca1ee8fd7db1c2bc530
product:SK W42,sku,known,SK W42,,text,unreviewed,104,18424d5f3fc49f84d7a5095bc6d2a169a8d417a16e5d9ca1ee8fd7db1c2bc530
product:SK W42,thicknessIn,known,0.25,,text,unreviewed,104,18424d5f3fc49f84d7a5095bc6d2a169a8d417a16e5d9ca1ee8fd7db1c2bc530
product:SK W42,widthIn,known,11.25,,text,unreviewed,104,18424d5f3fc49f84d7a5095bc6d2a169a8d417a16e5d9ca1ee8fd7db1c2bc530
product:SK WD,heightIn,known,60.125,,text,unreviewed,104,18424d5f3fc49f84d7a5095bc6d2a169a8d417a16e5d9ca1ee8fd7db1c2bc530
product:SK WD,manufacturerCategory,known,FINISHED END SKINS,,text,unreviewed,104,18424d5f3fc49f84d7a5095bc6d2a169a8d417a16e5d9ca1ee8fd7db1c2bc530
product:SK WD,normalizedCategory,known,panel,,derived,unreviewed,104,18424d5f3fc49f84d7a5095bc6d2a169a8d417a16e5d9ca1ee8fd7db1c2bc530
product:SK WD,sku,known,SK WD,,text,unreviewed,104,18424d5f3fc49f84d7a5095bc6d2a169a8d417a16e5d9ca1ee8fd7db1c2bc530
product:SK WD,thicknessIn,known,0.25,,text,unreviewed,104,18424d5f3fc49f84d7a5095bc6d2a169a8d417a16e5d9ca1ee8fd7db1c2bc530
product:SK WD,widthIn,known,14.25,,text,unreviewed,104,18424d5f3fc49f84d7a5095bc6d2a169a8d417a16e5d9ca1ee8fd7db1c2bc530
product:SPO-BF3,manufacturerCategory,known,Base Accessories,,text,unreviewed,79,18424d5f3fc49f84d7a5095bc6d2a169a8d417a16e5d9ca1ee8fd7db1c2bc530
product:SPO-BF3,normalizedCategory,known,accessory,,derived,unreviewed,79,18424d5f3fc49f84d7a5095bc6d2a169a8d417a16e5d9ca1ee8fd7db1c2bc530
product:SPO-BF3,sku,known,SPO-BF3,,text,unreviewed,79,18424d5f3fc49f84d7a5095bc6d2a169a8d417a16e5d9ca1ee8fd7db1c2bc530
product:SPO-BF3,widthIn,unknown,,"Required by the installation geometry policy. Overall product dimension is not established by reviewed evidence; host size, tray diameter or mixer shelf dimensions are not overall dimensions.",text,unreviewed,79,18424d5f3fc49f84d7a5095bc6d2a169a8d417a16e5d9ca1ee8fd7db1c2bc530
product:SPO-BF3,heightIn,unknown,,"Required by the installation geometry policy. Overall product dimension is not established by reviewed evidence; host size, tray diameter or mixer shelf dimensions are not overall dimensions.",text,unreviewed,79,18424d5f3fc49f84d7a5095bc6d2a169a8d417a16e5d9ca1ee8fd7db1c2bc530
product:SPO-BF3,depthIn,unknown,,"Required by the installation geometry policy. Overall product dimension is not established by reviewed evidence; host size, tray diameter or mixer shelf dimensions are not overall dimensions.",text,unreviewed,79,18424d5f3fc49f84d7a5095bc6d2a169a8d417a16e5d9ca1ee8fd7db1c2bc530
product:SPO-BF3 BLUM,manufacturerCategory,known,Base Accessories,,text,unreviewed,79,18424d5f3fc49f84d7a5095bc6d2a169a8d417a16e5d9ca1ee8fd7db1c2bc530
product:SPO-BF3 BLUM,normalizedCategory,known,accessory,,derived,unreviewed,79,18424d5f3fc49f84d7a5095bc6d2a169a8d417a16e5d9ca1ee8fd7db1c2bc530
product:SPO-BF3 BLUM,sku,known,SPO-BF3 BLUM,,text,unreviewed,79,18424d5f3fc49f84d7a5095bc6d2a169a8d417a16e5d9ca1ee8fd7db1c2bc530
product:SPO-BF3 BLUM,widthIn,unknown,,"Required by the installation geometry policy. Overall product dimension is not established by reviewed evidence; host size, tray diameter or mixer shelf dimensions are not overall dimensions.",text,unreviewed,79,18424d5f3fc49f84d7a5095bc6d2a169a8d417a16e5d9ca1ee8fd7db1c2bc530
product:SPO-BF3 BLUM,heightIn,unknown,,"Required by the installation geometry policy. Overall product dimension is not established by reviewed evidence; host size, tray diameter or mixer shelf dimensions are not overall dimensions.",text,unreviewed,79,18424d5f3fc49f84d7a5095bc6d2a169a8d417a16e5d9ca1ee8fd7db1c2bc530
product:SPO-BF3 BLUM,depthIn,unknown,,"Required by the installation geometry policy. Overall product dimension is not established by reviewed evidence; host size, tray diameter or mixer shelf dimensions are not overall dimensions.",text,unreviewed,79,18424d5f3fc49f84d7a5095bc6d2a169a8d417a16e5d9ca1ee8fd7db1c2bc530
product:SPO-BF6,manufacturerCategory,known,Base Accessories,,text,unreviewed,79,18424d5f3fc49f84d7a5095bc6d2a169a8d417a16e5d9ca1ee8fd7db1c2bc530
product:SPO-BF6,normalizedCategory,known,accessory,,derived,unreviewed,79,18424d5f3fc49f84d7a5095bc6d2a169a8d417a16e5d9ca1ee8fd7db1c2bc530
product:SPO-BF6,sku,known,SPO-BF6,,text,unreviewed,79,18424d5f3fc49f84d7a5095bc6d2a169a8d417a16e5d9ca1ee8fd7db1c2bc530
product:SPO-BF6,widthIn,unknown,,"Required by the installation geometry policy. Overall product dimension is not established by reviewed evidence; host size, tray diameter or mixer shelf dimensions are not overall dimensions.",text,unreviewed,79,18424d5f3fc49f84d7a5095bc6d2a169a8d417a16e5d9ca1ee8fd7db1c2bc530
product:SPO-BF6,heightIn,unknown,,"Required by the installation geometry policy. Overall product dimension is not established by reviewed evidence; host size, tray diameter or mixer shelf dimensions are not overall dimensions.",text,unreviewed,79,18424d5f3fc49f84d7a5095bc6d2a169a8d417a16e5d9ca1ee8fd7db1c2bc530
product:SPO-BF6,depthIn,unknown,,"Required by the installation geometry policy. Overall product dimension is not established by reviewed evidence; host size, tray diameter or mixer shelf dimensions are not overall dimensions.",text,unreviewed,79,18424d5f3fc49f84d7a5095bc6d2a169a8d417a16e5d9ca1ee8fd7db1c2bc530
product:SPO-BF6 BLUM,manufacturerCategory,known,Base Accessories,,text,unreviewed,79,18424d5f3fc49f84d7a5095bc6d2a169a8d417a16e5d9ca1ee8fd7db1c2bc530
product:SPO-BF6 BLUM,normalizedCategory,known,accessory,,derived,unreviewed,79,18424d5f3fc49f84d7a5095bc6d2a169a8d417a16e5d9ca1ee8fd7db1c2bc530
product:SPO-BF6 BLUM,sku,known,SPO-BF6 BLUM,,text,unreviewed,79,18424d5f3fc49f84d7a5095bc6d2a169a8d417a16e5d9ca1ee8fd7db1c2bc530
product:SPO-BF6 BLUM,widthIn,unknown,,"Required by the installation geometry policy. Overall product dimension is not established by reviewed evidence; host size, tray diameter or mixer shelf dimensions are not overall dimensions.",text,unreviewed,79,18424d5f3fc49f84d7a5095bc6d2a169a8d417a16e5d9ca1ee8fd7db1c2bc530
product:SPO-BF6 BLUM,heightIn,unknown,,"Required by the installation geometry policy. Overall product dimension is not established by reviewed evidence; host size, tray diameter or mixer shelf dimensions are not overall dimensions.",text,unreviewed,79,18424d5f3fc49f84d7a5095bc6d2a169a8d417a16e5d9ca1ee8fd7db1c2bc530
product:SPO-BF6 BLUM,depthIn,unknown,,"Required by the installation geometry policy. Overall product dimension is not established by reviewed evidence; host size, tray diameter or mixer shelf dimensions are not overall dimensions.",text,unreviewed,79,18424d5f3fc49f84d7a5095bc6d2a169a8d417a16e5d9ca1ee8fd7db1c2bc530
product:SPO-WF330,sku,known,SPO-WF330,,text,unreviewed,81,18424d5f3fc49f84d7a5095bc6d2a169a8d417a16e5d9ca1ee8fd7db1c2bc530
product:SPO-WF330,manufacturerCategory,known,Base & Wall Accessories,,text,unreviewed,81,18424d5f3fc49f84d7a5095bc6d2a169a8d417a16e5d9ca1ee8fd7db1c2bc530
product:SPO-WF330,normalizedCategory,known,accessory,,derived,unreviewed,81,18424d5f3fc49f84d7a5095bc6d2a169a8d417a16e5d9ca1ee8fd7db1c2bc530
product:SPO-WF330,slideType,known,full extension ball-bearing,,text,unreviewed,81,18424d5f3fc49f84d7a5095bc6d2a169a8d417a16e5d9ca1ee8fd7db1c2bc530
product:SPO-WF330,blumSoftCloseAvailable,known,False,,text,unreviewed,81,18424d5f3fc49f84d7a5095bc6d2a169a8d417a16e5d9ca1ee8fd7db1c2bc530
product:SPO-WF330,installation,known,On site between two cabinets,,text,unreviewed,81,18424d5f3fc49f84d7a5095bc6d2a169a8d417a16e5d9ca1ee8fd7db1c2bc530
product:SPO-WF330,shelvesAdjustable,known,True,,text,unreviewed,81,18424d5f3fc49f84d7a5095bc6d2a169a8d417a16e5d9ca1ee8fd7db1c2bc530
product:SPO-WF330,material,known,UV coated maple wood,,text,unreviewed,81,18424d5f3fc49f84d7a5095bc6d2a169a8d417a16e5d9ca1ee8fd7db1c2bc530
product:SPO-WF330,widthIn,unknown,,Overall accessory dimensions are not given by a per-SKU dimension table; nominal host digits are not actual accessory measurements.,text,unreviewed,81,18424d5f3fc49f84d7a5095bc6d2a169a8d417a16e5d9ca1ee8fd7db1c2bc530
product:SPO-WF330,heightIn,unknown,,Overall accessory dimensions are not given by a per-SKU dimension table; nominal host digits are not actual accessory measurements.,text,unreviewed,81,18424d5f3fc49f84d7a5095bc6d2a169a8d417a16e5d9ca1ee8fd7db1c2bc530
product:SPO-WF330,depthIn,unknown,,Overall accessory dimensions are not given by a per-SKU dimension table; nominal host digits are not actual accessory measurements.,text,unreviewed,81,18424d5f3fc49f84d7a5095bc6d2a169a8d417a16e5d9ca1ee8fd7db1c2bc530
product:SPO-WF336,sku,known,SPO-WF336,,text,unreviewed,81,18424d5f3fc49f84d7a5095bc6d2a169a8d417a16e5d9ca1ee8fd7db1c2bc530
product:SPO-WF336,manufacturerCategory,known,Base & Wall Accessories,,text,unreviewed,81,18424d5f3fc49f84d7a5095bc6d2a169a8d417a16e5d9ca1ee8fd7db1c2bc530
product:SPO-WF336,normalizedCategory,known,accessory,,derived,unreviewed,81,18424d5f3fc49f84d7a5095bc6d2a169a8d417a16e5d9ca1ee8fd7db1c2bc530
product:SPO-WF336,slideType,known,full extension ball-bearing,,text,unreviewed,81,18424d5f3fc49f84d7a5095bc6d2a169a8d417a16e5d9ca1ee8fd7db1c2bc530
product:SPO-WF336,blumSoftCloseAvailable,known,False,,text,unreviewed,81,18424d5f3fc49f84d7a5095bc6d2a169a8d417a16e5d9ca1ee8fd7db1c2bc530
product:SPO-WF336,installation,known,On site between two cabinets,,text,unreviewed,81,18424d5f3fc49f84d7a5095bc6d2a169a8d417a16e5d9ca1ee8fd7db1c2bc530
product:SPO-WF336,shelvesAdjustable,known,True,,text,unreviewed,81,18424d5f3fc49f84d7a5095bc6d2a169a8d417a16e5d9ca1ee8fd7db1c2bc530
product:SPO-WF336,material,known,UV coated maple wood,,text,unreviewed,81,18424d5f3fc49f84d7a5095bc6d2a169a8d417a16e5d9ca1ee8fd7db1c2bc530
product:SPO-WF336,widthIn,unknown,,Overall accessory dimensions are not given by a per-SKU dimension table; nominal host digits are not actual accessory measurements.,text,unreviewed,81,18424d5f3fc49f84d7a5095bc6d2a169a8d417a16e5d9ca1ee8fd7db1c2bc530
product:SPO-WF336,heightIn,unknown,,Overall accessory dimensions are not given by a per-SKU dimension table; nominal host digits are not actual accessory measurements.,text,unreviewed,81,18424d5f3fc49f84d7a5095bc6d2a169a8d417a16e5d9ca1ee8fd7db1c2bc530
product:SPO-WF336,depthIn,unknown,,Overall accessory dimensions are not given by a per-SKU dimension table; nominal host digits are not actual accessory measurements.,text,unreviewed,81,18424d5f3fc49f84d7a5095bc6d2a169a8d417a16e5d9ca1ee8fd7db1c2bc530
product:SPO-WF339,sku,known,SPO-WF339,,text,unreviewed,81,18424d5f3fc49f84d7a5095bc6d2a169a8d417a16e5d9ca1ee8fd7db1c2bc530
product:SPO-WF339,manufacturerCategory,known,Base & Wall Accessories,,text,unreviewed,81,18424d5f3fc49f84d7a5095bc6d2a169a8d417a16e5d9ca1ee8fd7db1c2bc530
product:SPO-WF339,normalizedCategory,known,accessory,,derived,unreviewed,81,18424d5f3fc49f84d7a5095bc6d2a169a8d417a16e5d9ca1ee8fd7db1c2bc530
product:SPO-WF339,slideType,known,full extension ball-bearing,,text,unreviewed,81,18424d5f3fc49f84d7a5095bc6d2a169a8d417a16e5d9ca1ee8fd7db1c2bc530
product:SPO-WF339,blumSoftCloseAvailable,known,False,,text,unreviewed,81,18424d5f3fc49f84d7a5095bc6d2a169a8d417a16e5d9ca1ee8fd7db1c2bc530
product:SPO-WF339,installation,known,On site between two cabinets,,text,unreviewed,81,18424d5f3fc49f84d7a5095bc6d2a169a8d417a16e5d9ca1ee8fd7db1c2bc530
product:SPO-WF339,shelvesAdjustable,known,True,,text,unreviewed,81,18424d5f3fc49f84d7a5095bc6d2a169a8d417a16e5d9ca1ee8fd7db1c2bc530
product:SPO-WF339,material,known,UV coated maple wood,,text,unreviewed,81,18424d5f3fc49f84d7a5095bc6d2a169a8d417a16e5d9ca1ee8fd7db1c2bc530
product:SPO-WF339,widthIn,unknown,,Overall accessory dimensions are not given by a per-SKU dimension table; nominal host digits are not actual accessory measurements.,text,unreviewed,81,18424d5f3fc49f84d7a5095bc6d2a169a8d417a16e5d9ca1ee8fd7db1c2bc530
product:SPO-WF339,heightIn,unknown,,Overall accessory dimensions are not given by a per-SKU dimension table; nominal host digits are not actual accessory measurements.,text,unreviewed,81,18424d5f3fc49f84d7a5095bc6d2a169a8d417a16e5d9ca1ee8fd7db1c2bc530
product:SPO-WF339,depthIn,unknown,,Overall accessory dimensions are not given by a per-SKU dimension table; nominal host digits are not actual accessory measurements.,text,unreviewed,81,18424d5f3fc49f84d7a5095bc6d2a169a8d417a16e5d9ca1ee8fd7db1c2bc530
product:SPO-WF342,sku,known,SPO-WF342,,text,unreviewed,81,18424d5f3fc49f84d7a5095bc6d2a169a8d417a16e5d9ca1ee8fd7db1c2bc530
product:SPO-WF342,manufacturerCategory,known,Base & Wall Accessories,,text,unreviewed,81,18424d5f3fc49f84d7a5095bc6d2a169a8d417a16e5d9ca1ee8fd7db1c2bc530
product:SPO-WF342,normalizedCategory,known,accessory,,derived,unreviewed,81,18424d5f3fc49f84d7a5095bc6d2a169a8d417a16e5d9ca1ee8fd7db1c2bc530
product:SPO-WF342,slideType,known,full extension ball-bearing,,text,unreviewed,81,18424d5f3fc49f84d7a5095bc6d2a169a8d417a16e5d9ca1ee8fd7db1c2bc530
product:SPO-WF342,blumSoftCloseAvailable,known,False,,text,unreviewed,81,18424d5f3fc49f84d7a5095bc6d2a169a8d417a16e5d9ca1ee8fd7db1c2bc530
product:SPO-WF342,installation,known,On site between two cabinets,,text,unreviewed,81,18424d5f3fc49f84d7a5095bc6d2a169a8d417a16e5d9ca1ee8fd7db1c2bc530
product:SPO-WF342,shelvesAdjustable,known,True,,text,unreviewed,81,18424d5f3fc49f84d7a5095bc6d2a169a8d417a16e5d9ca1ee8fd7db1c2bc530
product:SPO-WF342,material,known,UV coated maple wood,,text,unreviewed,81,18424d5f3fc49f84d7a5095bc6d2a169a8d417a16e5d9ca1ee8fd7db1c2bc530
product:SPO-WF342,widthIn,unknown,,Overall accessory dimensions are not given by a per-SKU dimension table; nominal host digits are not actual accessory measurements.,text,unreviewed,81,18424d5f3fc49f84d7a5095bc6d2a169a8d417a16e5d9ca1ee8fd7db1c2bc530
product:SPO-WF342,heightIn,unknown,,Overall accessory dimensions are not given by a per-SKU dimension table; nominal host digits are not actual accessory measurements.,text,unreviewed,81,18424d5f3fc49f84d7a5095bc6d2a169a8d417a16e5d9ca1ee8fd7db1c2bc530
product:SPO-WF342,depthIn,unknown,,Overall accessory dimensions are not given by a per-SKU dimension table; nominal host digits are not actual accessory measurements.,text,unreviewed,81,18424d5f3fc49f84d7a5095bc6d2a169a8d417a16e5d9ca1ee8fd7db1c2bc530
product:SPO-WF630,sku,known,SPO-WF630,,text,unreviewed,81,18424d5f3fc49f84d7a5095bc6d2a169a8d417a16e5d9ca1ee8fd7db1c2bc530
product:SPO-WF630,manufacturerCategory,known,Base & Wall Accessories,,text,unreviewed,81,18424d5f3fc49f84d7a5095bc6d2a169a8d417a16e5d9ca1ee8fd7db1c2bc530
product:SPO-WF630,normalizedCategory,known,accessory,,derived,unreviewed,81,18424d5f3fc49f84d7a5095bc6d2a169a8d417a16e5d9ca1ee8fd7db1c2bc530
product:SPO-WF630,slideType,known,full extension ball-bearing,,text,unreviewed,81,18424d5f3fc49f84d7a5095bc6d2a169a8d417a16e5d9ca1ee8fd7db1c2bc530
product:SPO-WF630,blumSoftCloseAvailable,known,False,,text,unreviewed,81,18424d5f3fc49f84d7a5095bc6d2a169a8d417a16e5d9ca1ee8fd7db1c2bc530
product:SPO-WF630,installation,known,On site between two cabinets,,text,unreviewed,81,18424d5f3fc49f84d7a5095bc6d2a169a8d417a16e5d9ca1ee8fd7db1c2bc530
product:SPO-WF630,shelvesAdjustable,known,True,,text,unreviewed,81,18424d5f3fc49f84d7a5095bc6d2a169a8d417a16e5d9ca1ee8fd7db1c2bc530
product:SPO-WF630,material,known,UV coated maple wood,,text,unreviewed,81,18424d5f3fc49f84d7a5095bc6d2a169a8d417a16e5d9ca1ee8fd7db1c2bc530
product:SPO-WF630,widthIn,unknown,,Overall accessory dimensions are not given by a per-SKU dimension table; nominal host digits are not actual accessory measurements.,text,unreviewed,81,18424d5f3fc49f84d7a5095bc6d2a169a8d417a16e5d9ca1ee8fd7db1c2bc530
product:SPO-WF630,heightIn,unknown,,Overall accessory dimensions are not given by a per-SKU dimension table; nominal host digits are not actual accessory measurements.,text,unreviewed,81,18424d5f3fc49f84d7a5095bc6d2a169a8d417a16e5d9ca1ee8fd7db1c2bc530
product:SPO-WF630,depthIn,unknown,,Overall accessory dimensions are not given by a per-SKU dimension table; nominal host digits are not actual accessory measurements.,text,unreviewed,81,18424d5f3fc49f84d7a5095bc6d2a169a8d417a16e5d9ca1ee8fd7db1c2bc530
product:SPO-WF636,sku,known,SPO-WF636,,text,unreviewed,81,18424d5f3fc49f84d7a5095bc6d2a169a8d417a16e5d9ca1ee8fd7db1c2bc530
product:SPO-WF636,manufacturerCategory,known,Base & Wall Accessories,,text,unreviewed,81,18424d5f3fc49f84d7a5095bc6d2a169a8d417a16e5d9ca1ee8fd7db1c2bc530
product:SPO-WF636,normalizedCategory,known,accessory,,derived,unreviewed,81,18424d5f3fc49f84d7a5095bc6d2a169a8d417a16e5d9ca1ee8fd7db1c2bc530
product:SPO-WF636,slideType,known,full extension ball-bearing,,text,unreviewed,81,18424d5f3fc49f84d7a5095bc6d2a169a8d417a16e5d9ca1ee8fd7db1c2bc530
product:SPO-WF636,blumSoftCloseAvailable,known,False,,text,unreviewed,81,18424d5f3fc49f84d7a5095bc6d2a169a8d417a16e5d9ca1ee8fd7db1c2bc530
product:SPO-WF636,installation,known,On site between two cabinets,,text,unreviewed,81,18424d5f3fc49f84d7a5095bc6d2a169a8d417a16e5d9ca1ee8fd7db1c2bc530
product:SPO-WF636,shelvesAdjustable,known,True,,text,unreviewed,81,18424d5f3fc49f84d7a5095bc6d2a169a8d417a16e5d9ca1ee8fd7db1c2bc530
product:SPO-WF636,material,known,UV coated maple wood,,text,unreviewed,81,18424d5f3fc49f84d7a5095bc6d2a169a8d417a16e5d9ca1ee8fd7db1c2bc530
product:SPO-WF636,widthIn,unknown,,Overall accessory dimensions are not given by a per-SKU dimension table; nominal host digits are not actual accessory measurements.,text,unreviewed,81,18424d5f3fc49f84d7a5095bc6d2a169a8d417a16e5d9ca1ee8fd7db1c2bc530
product:SPO-WF636,heightIn,unknown,,Overall accessory dimensions are not given by a per-SKU dimension table; nominal host digits are not actual accessory measurements.,text,unreviewed,81,18424d5f3fc49f84d7a5095bc6d2a169a8d417a16e5d9ca1ee8fd7db1c2bc530
product:SPO-WF636,depthIn,unknown,,Overall accessory dimensions are not given by a per-SKU dimension table; nominal host digits are not actual accessory measurements.,text,unreviewed,81,18424d5f3fc49f84d7a5095bc6d2a169a8d417a16e5d9ca1ee8fd7db1c2bc530
product:SPO-WF639,sku,known,SPO-WF639,,text,unreviewed,81,18424d5f3fc49f84d7a5095bc6d2a169a8d417a16e5d9ca1ee8fd7db1c2bc530
product:SPO-WF639,manufacturerCategory,known,Base & Wall Accessories,,text,unreviewed,81,18424d5f3fc49f84d7a5095bc6d2a169a8d417a16e5d9ca1ee8fd7db1c2bc530
product:SPO-WF639,normalizedCategory,known,accessory,,derived,unreviewed,81,18424d5f3fc49f84d7a5095bc6d2a169a8d417a16e5d9ca1ee8fd7db1c2bc530
product:SPO-WF639,slideType,known,full extension ball-bearing,,text,unreviewed,81,18424d5f3fc49f84d7a5095bc6d2a169a8d417a16e5d9ca1ee8fd7db1c2bc530
product:SPO-WF639,blumSoftCloseAvailable,known,False,,text,unreviewed,81,18424d5f3fc49f84d7a5095bc6d2a169a8d417a16e5d9ca1ee8fd7db1c2bc530
product:SPO-WF639,installation,known,On site between two cabinets,,text,unreviewed,81,18424d5f3fc49f84d7a5095bc6d2a169a8d417a16e5d9ca1ee8fd7db1c2bc530
product:SPO-WF639,shelvesAdjustable,known,True,,text,unreviewed,81,18424d5f3fc49f84d7a5095bc6d2a169a8d417a16e5d9ca1ee8fd7db1c2bc530
product:SPO-WF639,material,known,UV coated maple wood,,text,unreviewed,81,18424d5f3fc49f84d7a5095bc6d2a169a8d417a16e5d9ca1ee8fd7db1c2bc530
product:SPO-WF639,widthIn,unknown,,Overall accessory dimensions are not given by a per-SKU dimension table; nominal host digits are not actual accessory measurements.,text,unreviewed,81,18424d5f3fc49f84d7a5095bc6d2a169a8d417a16e5d9ca1ee8fd7db1c2bc530
product:SPO-WF639,heightIn,unknown,,Overall accessory dimensions are not given by a per-SKU dimension table; nominal host digits are not actual accessory measurements.,text,unreviewed,81,18424d5f3fc49f84d7a5095bc6d2a169a8d417a16e5d9ca1ee8fd7db1c2bc530
product:SPO-WF639,depthIn,unknown,,Overall accessory dimensions are not given by a per-SKU dimension table; nominal host digits are not actual accessory measurements.,text,unreviewed,81,18424d5f3fc49f84d7a5095bc6d2a169a8d417a16e5d9ca1ee8fd7db1c2bc530
product:SPO-WF642,sku,known,SPO-WF642,,text,unreviewed,81,18424d5f3fc49f84d7a5095bc6d2a169a8d417a16e5d9ca1ee8fd7db1c2bc530
product:SPO-WF642,manufacturerCategory,known,Base & Wall Accessories,,text,unreviewed,81,18424d5f3fc49f84d7a5095bc6d2a169a8d417a16e5d9ca1ee8fd7db1c2bc530
product:SPO-WF642,normalizedCategory,known,accessory,,derived,unreviewed,81,18424d5f3fc49f84d7a5095bc6d2a169a8d417a16e5d9ca1ee8fd7db1c2bc530
product:SPO-WF642,slideType,known,full extension ball-bearing,,text,unreviewed,81,18424d5f3fc49f84d7a5095bc6d2a169a8d417a16e5d9ca1ee8fd7db1c2bc530
product:SPO-WF642,blumSoftCloseAvailable,known,False,,text,unreviewed,81,18424d5f3fc49f84d7a5095bc6d2a169a8d417a16e5d9ca1ee8fd7db1c2bc530
product:SPO-WF642,installation,known,On site between two cabinets,,text,unreviewed,81,18424d5f3fc49f84d7a5095bc6d2a169a8d417a16e5d9ca1ee8fd7db1c2bc530
product:SPO-WF642,shelvesAdjustable,known,True,,text,unreviewed,81,18424d5f3fc49f84d7a5095bc6d2a169a8d417a16e5d9ca1ee8fd7db1c2bc530
product:SPO-WF642,material,known,UV coated maple wood,,text,unreviewed,81,18424d5f3fc49f84d7a5095bc6d2a169a8d417a16e5d9ca1ee8fd7db1c2bc530
product:SPO-WF642,widthIn,unknown,,Overall accessory dimensions are not given by a per-SKU dimension table; nominal host digits are not actual accessory measurements.,text,unreviewed,81,18424d5f3fc49f84d7a5095bc6d2a169a8d417a16e5d9ca1ee8fd7db1c2bc530
product:SPO-WF642,heightIn,unknown,,Overall accessory dimensions are not given by a per-SKU dimension table; nominal host digits are not actual accessory measurements.,text,unreviewed,81,18424d5f3fc49f84d7a5095bc6d2a169a8d417a16e5d9ca1ee8fd7db1c2bc530
product:SPO-WF642,depthIn,unknown,,Overall accessory dimensions are not given by a per-SKU dimension table; nominal host digits are not actual accessory measurements.,text,unreviewed,81,18424d5f3fc49f84d7a5095bc6d2a169a8d417a16e5d9ca1ee8fd7db1c2bc530
product:TBPO-BF3,manufacturerCategory,known,Base Accessories,,text,unreviewed,79,18424d5f3fc49f84d7a5095bc6d2a169a8d417a16e5d9ca1ee8fd7db1c2bc530
product:TBPO-BF3,normalizedCategory,known,accessory,,derived,unreviewed,79,18424d5f3fc49f84d7a5095bc6d2a169a8d417a16e5d9ca1ee8fd7db1c2bc530
product:TBPO-BF3,sku,known,TBPO-BF3,,text,unreviewed,79,18424d5f3fc49f84d7a5095bc6d2a169a8d417a16e5d9ca1ee8fd7db1c2bc530
product:TBPO-BF3,widthIn,unknown,,"Required by the installation geometry policy. Overall product dimension is not established by reviewed evidence; host size, tray diameter or mixer shelf dimensions are not overall dimensions.",text,unreviewed,79,18424d5f3fc49f84d7a5095bc6d2a169a8d417a16e5d9ca1ee8fd7db1c2bc530
product:TBPO-BF3,heightIn,unknown,,"Required by the installation geometry policy. Overall product dimension is not established by reviewed evidence; host size, tray diameter or mixer shelf dimensions are not overall dimensions.",text,unreviewed,79,18424d5f3fc49f84d7a5095bc6d2a169a8d417a16e5d9ca1ee8fd7db1c2bc530
product:TBPO-BF3,depthIn,unknown,,"Required by the installation geometry policy. Overall product dimension is not established by reviewed evidence; host size, tray diameter or mixer shelf dimensions are not overall dimensions.",text,unreviewed,79,18424d5f3fc49f84d7a5095bc6d2a169a8d417a16e5d9ca1ee8fd7db1c2bc530
product:TF3120,sku,known,TF3120,,text,unreviewed,91,18424d5f3fc49f84d7a5095bc6d2a169a8d417a16e5d9ca1ee8fd7db1c2bc530
product:TF3120,manufacturerCategory,known,Fillers,,text,unreviewed,91,18424d5f3fc49f84d7a5095bc6d2a169a8d417a16e5d9ca1ee8fd7db1c2bc530
product:TF3120,normalizedCategory,known,filler,,derived,unreviewed,91,18424d5f3fc49f84d7a5095bc6d2a169a8d417a16e5d9ca1ee8fd7db1c2bc530
product:TF3120,widthIn,unknown,,No explicit per-SKU dimension mapping/thickness; do not infer from SKU digits or unrelated material specifications.,text,unreviewed,91,18424d5f3fc49f84d7a5095bc6d2a169a8d417a16e5d9ca1ee8fd7db1c2bc530
product:TF3120,heightIn,unknown,,No explicit per-SKU dimension mapping/thickness; do not infer from SKU digits or unrelated material specifications.,text,unreviewed,91,18424d5f3fc49f84d7a5095bc6d2a169a8d417a16e5d9ca1ee8fd7db1c2bc530
product:TF3120,thicknessIn,unknown,,No explicit per-SKU dimension mapping/thickness; do not infer from SKU digits or unrelated material specifications.,text,unreviewed,91,18424d5f3fc49f84d7a5095bc6d2a169a8d417a16e5d9ca1ee8fd7db1c2bc530
product:TF3120,finishedSurfaces,known,All four edges and front face,,text,unreviewed,91,18424d5f3fc49f84d7a5095bc6d2a169a8d417a16e5d9ca1ee8fd7db1c2bc530
product:TF3120,backMayBeGrooved,known,True,,text,unreviewed,91,18424d5f3fc49f84d7a5095bc6d2a169a8d417a16e5d9ca1ee8fd7db1c2bc530
product:TF396,sku,known,TF396,,text,unreviewed,91,18424d5f3fc49f84d7a5095bc6d2a169a8d417a16e5d9ca1ee8fd7db1c2bc530
product:TF396,manufacturerCategory,known,Fillers,,text,unreviewed,91,18424d5f3fc49f84d7a5095bc6d2a169a8d417a16e5d9ca1ee8fd7db1c2bc530
product:TF396,normalizedCategory,known,filler,,derived,unreviewed,91,18424d5f3fc49f84d7a5095bc6d2a169a8d417a16e5d9ca1ee8fd7db1c2bc530
product:TF396,widthIn,unknown,,No explicit per-SKU dimension mapping/thickness; do not infer from SKU digits or unrelated material specifications.,text,unreviewed,91,18424d5f3fc49f84d7a5095bc6d2a169a8d417a16e5d9ca1ee8fd7db1c2bc530
product:TF396,heightIn,unknown,,No explicit per-SKU dimension mapping/thickness; do not infer from SKU digits or unrelated material specifications.,text,unreviewed,91,18424d5f3fc49f84d7a5095bc6d2a169a8d417a16e5d9ca1ee8fd7db1c2bc530
product:TF396,thicknessIn,unknown,,No explicit per-SKU dimension mapping/thickness; do not infer from SKU digits or unrelated material specifications.,text,unreviewed,91,18424d5f3fc49f84d7a5095bc6d2a169a8d417a16e5d9ca1ee8fd7db1c2bc530
product:TF396,finishedSurfaces,known,All four edges and front face,,text,unreviewed,91,18424d5f3fc49f84d7a5095bc6d2a169a8d417a16e5d9ca1ee8fd7db1c2bc530
product:TF696,sku,known,TF696,,text,unreviewed,91,18424d5f3fc49f84d7a5095bc6d2a169a8d417a16e5d9ca1ee8fd7db1c2bc530
product:TF696,manufacturerCategory,known,Fillers,,text,unreviewed,91,18424d5f3fc49f84d7a5095bc6d2a169a8d417a16e5d9ca1ee8fd7db1c2bc530
product:TF696,normalizedCategory,known,filler,,derived,unreviewed,91,18424d5f3fc49f84d7a5095bc6d2a169a8d417a16e5d9ca1ee8fd7db1c2bc530
product:TF696,widthIn,unknown,,No explicit per-SKU dimension mapping/thickness; do not infer from SKU digits or unrelated material specifications.,text,unreviewed,91,18424d5f3fc49f84d7a5095bc6d2a169a8d417a16e5d9ca1ee8fd7db1c2bc530
product:TF696,heightIn,unknown,,No explicit per-SKU dimension mapping/thickness; do not infer from SKU digits or unrelated material specifications.,text,unreviewed,91,18424d5f3fc49f84d7a5095bc6d2a169a8d417a16e5d9ca1ee8fd7db1c2bc530
product:TF696,thicknessIn,unknown,,No explicit per-SKU dimension mapping/thickness; do not infer from SKU digits or unrelated material specifications.,text,unreviewed,91,18424d5f3fc49f84d7a5095bc6d2a169a8d417a16e5d9ca1ee8fd7db1c2bc530
product:TF696,finishedSurfaces,known,All four edges and front face,,text,unreviewed,91,18424d5f3fc49f84d7a5095bc6d2a169a8d417a16e5d9ca1ee8fd7db1c2bc530
product:TP152484,depthIn,known,24,,text,unreviewed,58,18424d5f3fc49f84d7a5095bc6d2a169a8d417a16e5d9ca1ee8fd7db1c2bc530
product:TP152484,heightIn,known,84,,derived,unreviewed,58,18424d5f3fc49f84d7a5095bc6d2a169a8d417a16e5d9ca1ee8fd7db1c2bc530
product:TP152484,manufacturerCategory,known,"24"" Deep Tall Pantry Cabinets",,text,unreviewed,58,18424d5f3fc49f84d7a5095bc6d2a169a8d417a16e5d9ca1ee8fd7db1c2bc530
product:TP152484,normalizedCategory,known,pantry,,derived,unreviewed,58,18424d5f3fc49f84d7a5095bc6d2a169a8d417a16e5d9ca1ee8fd7db1c2bc530
product:TP152484,sku,known,TP152484,,text,unreviewed,58,18424d5f3fc49f84d7a5095bc6d2a169a8d417a16e5d9ca1ee8fd7db1c2bc530
product:TP152484,widthIn,known,15,,derived,unreviewed,58,18424d5f3fc49f84d7a5095bc6d2a169a8d417a16e5d9ca1ee8fd7db1c2bc530
product:TP152490,depthIn,known,24,,text,unreviewed,58,18424d5f3fc49f84d7a5095bc6d2a169a8d417a16e5d9ca1ee8fd7db1c2bc530
product:TP152490,heightIn,known,90,,derived,unreviewed,58,18424d5f3fc49f84d7a5095bc6d2a169a8d417a16e5d9ca1ee8fd7db1c2bc530
product:TP152490,manufacturerCategory,known,"24"" Deep Tall Pantry Cabinets",,text,unreviewed,58,18424d5f3fc49f84d7a5095bc6d2a169a8d417a16e5d9ca1ee8fd7db1c2bc530
product:TP152490,normalizedCategory,known,pantry,,derived,unreviewed,58,18424d5f3fc49f84d7a5095bc6d2a169a8d417a16e5d9ca1ee8fd7db1c2bc530
product:TP152490,sku,known,TP152490,,text,unreviewed,58,18424d5f3fc49f84d7a5095bc6d2a169a8d417a16e5d9ca1ee8fd7db1c2bc530
product:TP152490,widthIn,known,15,,derived,unreviewed,58,18424d5f3fc49f84d7a5095bc6d2a169a8d417a16e5d9ca1ee8fd7db1c2bc530
product:TP152493,depthIn,known,24,,text,unreviewed,58,18424d5f3fc49f84d7a5095bc6d2a169a8d417a16e5d9ca1ee8fd7db1c2bc530
product:TP152493,heightIn,known,93,,derived,unreviewed,58,18424d5f3fc49f84d7a5095bc6d2a169a8d417a16e5d9ca1ee8fd7db1c2bc530
product:TP152493,manufacturerCategory,known,"24"" Deep Tall Pantry Cabinets",,text,unreviewed,58,18424d5f3fc49f84d7a5095bc6d2a169a8d417a16e5d9ca1ee8fd7db1c2bc530
product:TP152493,normalizedCategory,known,pantry,,derived,unreviewed,58,18424d5f3fc49f84d7a5095bc6d2a169a8d417a16e5d9ca1ee8fd7db1c2bc530
product:TP152493,sku,known,TP152493,,text,unreviewed,58,18424d5f3fc49f84d7a5095bc6d2a169a8d417a16e5d9ca1ee8fd7db1c2bc530
product:TP152493,widthIn,known,15,,derived,unreviewed,58,18424d5f3fc49f84d7a5095bc6d2a169a8d417a16e5d9ca1ee8fd7db1c2bc530
product:TP152496,depthIn,known,24,,text,unreviewed,58,18424d5f3fc49f84d7a5095bc6d2a169a8d417a16e5d9ca1ee8fd7db1c2bc530
product:TP152496,heightIn,known,96,,derived,unreviewed,58,18424d5f3fc49f84d7a5095bc6d2a169a8d417a16e5d9ca1ee8fd7db1c2bc530
product:TP152496,manufacturerCategory,known,"24"" Deep Tall Pantry Cabinets",,text,unreviewed,58,18424d5f3fc49f84d7a5095bc6d2a169a8d417a16e5d9ca1ee8fd7db1c2bc530
product:TP152496,normalizedCategory,known,pantry,,derived,unreviewed,58,18424d5f3fc49f84d7a5095bc6d2a169a8d417a16e5d9ca1ee8fd7db1c2bc530
product:TP152496,sku,known,TP152496,,text,unreviewed,58,18424d5f3fc49f84d7a5095bc6d2a169a8d417a16e5d9ca1ee8fd7db1c2bc530
product:TP152496,widthIn,known,15,,derived,unreviewed,58,18424d5f3fc49f84d7a5095bc6d2a169a8d417a16e5d9ca1ee8fd7db1c2bc530
product:TP182484,depthIn,known,24,,text,unreviewed,58,18424d5f3fc49f84d7a5095bc6d2a169a8d417a16e5d9ca1ee8fd7db1c2bc530
product:TP182484,heightIn,known,84,,derived,unreviewed,58,18424d5f3fc49f84d7a5095bc6d2a169a8d417a16e5d9ca1ee8fd7db1c2bc530
product:TP182484,manufacturerCategory,known,"24"" Deep Tall Pantry Cabinets",,text,unreviewed,58,18424d5f3fc49f84d7a5095bc6d2a169a8d417a16e5d9ca1ee8fd7db1c2bc530
product:TP182484,normalizedCategory,known,pantry,,derived,unreviewed,58,18424d5f3fc49f84d7a5095bc6d2a169a8d417a16e5d9ca1ee8fd7db1c2bc530
product:TP182484,sku,known,TP182484,,text,unreviewed,58,18424d5f3fc49f84d7a5095bc6d2a169a8d417a16e5d9ca1ee8fd7db1c2bc530
product:TP182484,widthIn,known,18,,derived,unreviewed,58,18424d5f3fc49f84d7a5095bc6d2a169a8d417a16e5d9ca1ee8fd7db1c2bc530
product:TP182490,depthIn,known,24,,text,unreviewed,58,18424d5f3fc49f84d7a5095bc6d2a169a8d417a16e5d9ca1ee8fd7db1c2bc530
product:TP182490,heightIn,known,90,,derived,unreviewed,58,18424d5f3fc49f84d7a5095bc6d2a169a8d417a16e5d9ca1ee8fd7db1c2bc530
product:TP182490,manufacturerCategory,known,"24"" Deep Tall Pantry Cabinets",,text,unreviewed,58,18424d5f3fc49f84d7a5095bc6d2a169a8d417a16e5d9ca1ee8fd7db1c2bc530
product:TP182490,normalizedCategory,known,pantry,,derived,unreviewed,58,18424d5f3fc49f84d7a5095bc6d2a169a8d417a16e5d9ca1ee8fd7db1c2bc530
product:TP182490,sku,known,TP182490,,text,unreviewed,58,18424d5f3fc49f84d7a5095bc6d2a169a8d417a16e5d9ca1ee8fd7db1c2bc530
product:TP182490,widthIn,known,18,,derived,unreviewed,58,18424d5f3fc49f84d7a5095bc6d2a169a8d417a16e5d9ca1ee8fd7db1c2bc530
product:TP182493,depthIn,known,24,,text,unreviewed,58,18424d5f3fc49f84d7a5095bc6d2a169a8d417a16e5d9ca1ee8fd7db1c2bc530
product:TP182493,heightIn,known,93,,derived,unreviewed,58,18424d5f3fc49f84d7a5095bc6d2a169a8d417a16e5d9ca1ee8fd7db1c2bc530
product:TP182493,manufacturerCategory,known,"24"" Deep Tall Pantry Cabinets",,text,unreviewed,58,18424d5f3fc49f84d7a5095bc6d2a169a8d417a16e5d9ca1ee8fd7db1c2bc530
product:TP182493,normalizedCategory,known,pantry,,derived,unreviewed,58,18424d5f3fc49f84d7a5095bc6d2a169a8d417a16e5d9ca1ee8fd7db1c2bc530
product:TP182493,sku,known,TP182493,,text,unreviewed,58,18424d5f3fc49f84d7a5095bc6d2a169a8d417a16e5d9ca1ee8fd7db1c2bc530
product:TP182493,widthIn,known,18,,derived,unreviewed,58,18424d5f3fc49f84d7a5095bc6d2a169a8d417a16e5d9ca1ee8fd7db1c2bc530
product:TP182496,depthIn,known,24,,text,unreviewed,58,18424d5f3fc49f84d7a5095bc6d2a169a8d417a16e5d9ca1ee8fd7db1c2bc530
product:TP182496,heightIn,known,96,,derived,unreviewed,58,18424d5f3fc49f84d7a5095bc6d2a169a8d417a16e5d9ca1ee8fd7db1c2bc530
product:TP182496,manufacturerCategory,known,"24"" Deep Tall Pantry Cabinets",,text,unreviewed,58,18424d5f3fc49f84d7a5095bc6d2a169a8d417a16e5d9ca1ee8fd7db1c2bc530
product:TP182496,normalizedCategory,known,pantry,,derived,unreviewed,58,18424d5f3fc49f84d7a5095bc6d2a169a8d417a16e5d9ca1ee8fd7db1c2bc530
product:TP182496,sku,known,TP182496,,text,unreviewed,58,18424d5f3fc49f84d7a5095bc6d2a169a8d417a16e5d9ca1ee8fd7db1c2bc530
product:TP182496,widthIn,known,18,,derived,unreviewed,58,18424d5f3fc49f84d7a5095bc6d2a169a8d417a16e5d9ca1ee8fd7db1c2bc530
product:TP242484,depthIn,known,24,,text,unreviewed,58,18424d5f3fc49f84d7a5095bc6d2a169a8d417a16e5d9ca1ee8fd7db1c2bc530
product:TP242484,heightIn,known,84,,derived,unreviewed,58,18424d5f3fc49f84d7a5095bc6d2a169a8d417a16e5d9ca1ee8fd7db1c2bc530
product:TP242484,manufacturerCategory,known,"24"" Deep Tall Pantry Cabinets",,text,unreviewed,58,18424d5f3fc49f84d7a5095bc6d2a169a8d417a16e5d9ca1ee8fd7db1c2bc530
product:TP242484,normalizedCategory,known,pantry,,derived,unreviewed,58,18424d5f3fc49f84d7a5095bc6d2a169a8d417a16e5d9ca1ee8fd7db1c2bc530
product:TP242484,sku,known,TP242484,,text,unreviewed,58,18424d5f3fc49f84d7a5095bc6d2a169a8d417a16e5d9ca1ee8fd7db1c2bc530
product:TP242484,widthIn,known,24,,derived,unreviewed,58,18424d5f3fc49f84d7a5095bc6d2a169a8d417a16e5d9ca1ee8fd7db1c2bc530
product:TP242490,depthIn,known,24,,text,unreviewed,58,18424d5f3fc49f84d7a5095bc6d2a169a8d417a16e5d9ca1ee8fd7db1c2bc530
product:TP242490,heightIn,known,90,,derived,unreviewed,58,18424d5f3fc49f84d7a5095bc6d2a169a8d417a16e5d9ca1ee8fd7db1c2bc530
product:TP242490,manufacturerCategory,known,"24"" Deep Tall Pantry Cabinets",,text,unreviewed,58,18424d5f3fc49f84d7a5095bc6d2a169a8d417a16e5d9ca1ee8fd7db1c2bc530
product:TP242490,normalizedCategory,known,pantry,,derived,unreviewed,58,18424d5f3fc49f84d7a5095bc6d2a169a8d417a16e5d9ca1ee8fd7db1c2bc530
product:TP242490,sku,known,TP242490,,text,unreviewed,58,18424d5f3fc49f84d7a5095bc6d2a169a8d417a16e5d9ca1ee8fd7db1c2bc530
product:TP242490,widthIn,known,24,,derived,unreviewed,58,18424d5f3fc49f84d7a5095bc6d2a169a8d417a16e5d9ca1ee8fd7db1c2bc530
product:TP242493,depthIn,known,24,,text,unreviewed,58,18424d5f3fc49f84d7a5095bc6d2a169a8d417a16e5d9ca1ee8fd7db1c2bc530
product:TP242493,heightIn,known,93,,derived,unreviewed,58,18424d5f3fc49f84d7a5095bc6d2a169a8d417a16e5d9ca1ee8fd7db1c2bc530
product:TP242493,manufacturerCategory,known,"24"" Deep Tall Pantry Cabinets",,text,unreviewed,58,18424d5f3fc49f84d7a5095bc6d2a169a8d417a16e5d9ca1ee8fd7db1c2bc530
product:TP242493,normalizedCategory,known,pantry,,derived,unreviewed,58,18424d5f3fc49f84d7a5095bc6d2a169a8d417a16e5d9ca1ee8fd7db1c2bc530
product:TP242493,sku,known,TP242493,,text,unreviewed,58,18424d5f3fc49f84d7a5095bc6d2a169a8d417a16e5d9ca1ee8fd7db1c2bc530
product:TP242493,widthIn,known,24,,derived,unreviewed,58,18424d5f3fc49f84d7a5095bc6d2a169a8d417a16e5d9ca1ee8fd7db1c2bc530
product:TP242496,depthIn,known,24,,text,unreviewed,58,18424d5f3fc49f84d7a5095bc6d2a169a8d417a16e5d9ca1ee8fd7db1c2bc530
product:TP242496,heightIn,known,96,,derived,unreviewed,58,18424d5f3fc49f84d7a5095bc6d2a169a8d417a16e5d9ca1ee8fd7db1c2bc530
product:TP242496,manufacturerCategory,known,"24"" Deep Tall Pantry Cabinets",,text,unreviewed,58,18424d5f3fc49f84d7a5095bc6d2a169a8d417a16e5d9ca1ee8fd7db1c2bc530
product:TP242496,normalizedCategory,known,pantry,,derived,unreviewed,58,18424d5f3fc49f84d7a5095bc6d2a169a8d417a16e5d9ca1ee8fd7db1c2bc530
product:TP242496,sku,known,TP242496,,text,unreviewed,58,18424d5f3fc49f84d7a5095bc6d2a169a8d417a16e5d9ca1ee8fd7db1c2bc530
product:TP242496,widthIn,known,24,,derived,unreviewed,58,18424d5f3fc49f84d7a5095bc6d2a169a8d417a16e5d9ca1ee8fd7db1c2bc530
product:TP302484,depthIn,known,24,,text,unreviewed,58,18424d5f3fc49f84d7a5095bc6d2a169a8d417a16e5d9ca1ee8fd7db1c2bc530
product:TP302484,heightIn,known,84,,derived,unreviewed,58,18424d5f3fc49f84d7a5095bc6d2a169a8d417a16e5d9ca1ee8fd7db1c2bc530
product:TP302484,manufacturerCategory,known,"24"" Deep Tall Pantry Cabinets",,text,unreviewed,58,18424d5f3fc49f84d7a5095bc6d2a169a8d417a16e5d9ca1ee8fd7db1c2bc530
product:TP302484,normalizedCategory,known,pantry,,derived,unreviewed,58,18424d5f3fc49f84d7a5095bc6d2a169a8d417a16e5d9ca1ee8fd7db1c2bc530
product:TP302484,sku,known,TP302484,,text,unreviewed,58,18424d5f3fc49f84d7a5095bc6d2a169a8d417a16e5d9ca1ee8fd7db1c2bc530
product:TP302484,widthIn,known,30,,derived,unreviewed,58,18424d5f3fc49f84d7a5095bc6d2a169a8d417a16e5d9ca1ee8fd7db1c2bc530
product:TP302490,depthIn,known,24,,text,unreviewed,58,18424d5f3fc49f84d7a5095bc6d2a169a8d417a16e5d9ca1ee8fd7db1c2bc530
product:TP302490,heightIn,known,90,,derived,unreviewed,58,18424d5f3fc49f84d7a5095bc6d2a169a8d417a16e5d9ca1ee8fd7db1c2bc530
product:TP302490,manufacturerCategory,known,"24"" Deep Tall Pantry Cabinets",,text,unreviewed,58,18424d5f3fc49f84d7a5095bc6d2a169a8d417a16e5d9ca1ee8fd7db1c2bc530
product:TP302490,normalizedCategory,known,pantry,,derived,unreviewed,58,18424d5f3fc49f84d7a5095bc6d2a169a8d417a16e5d9ca1ee8fd7db1c2bc530
product:TP302490,sku,known,TP302490,,text,unreviewed,58,18424d5f3fc49f84d7a5095bc6d2a169a8d417a16e5d9ca1ee8fd7db1c2bc530
product:TP302490,widthIn,known,30,,derived,unreviewed,58,18424d5f3fc49f84d7a5095bc6d2a169a8d417a16e5d9ca1ee8fd7db1c2bc530
product:TP302493,depthIn,known,24,,text,unreviewed,58,18424d5f3fc49f84d7a5095bc6d2a169a8d417a16e5d9ca1ee8fd7db1c2bc530
product:TP302493,heightIn,known,93,,derived,unreviewed,58,18424d5f3fc49f84d7a5095bc6d2a169a8d417a16e5d9ca1ee8fd7db1c2bc530
product:TP302493,manufacturerCategory,known,"24"" Deep Tall Pantry Cabinets",,text,unreviewed,58,18424d5f3fc49f84d7a5095bc6d2a169a8d417a16e5d9ca1ee8fd7db1c2bc530
product:TP302493,normalizedCategory,known,pantry,,derived,unreviewed,58,18424d5f3fc49f84d7a5095bc6d2a169a8d417a16e5d9ca1ee8fd7db1c2bc530
product:TP302493,sku,known,TP302493,,text,unreviewed,58,18424d5f3fc49f84d7a5095bc6d2a169a8d417a16e5d9ca1ee8fd7db1c2bc530
product:TP302493,widthIn,known,30,,derived,unreviewed,58,18424d5f3fc49f84d7a5095bc6d2a169a8d417a16e5d9ca1ee8fd7db1c2bc530
product:TP302496,depthIn,known,24,,text,unreviewed,58,18424d5f3fc49f84d7a5095bc6d2a169a8d417a16e5d9ca1ee8fd7db1c2bc530
product:TP302496,heightIn,known,96,,derived,unreviewed,58,18424d5f3fc49f84d7a5095bc6d2a169a8d417a16e5d9ca1ee8fd7db1c2bc530
product:TP302496,manufacturerCategory,known,"24"" Deep Tall Pantry Cabinets",,text,unreviewed,58,18424d5f3fc49f84d7a5095bc6d2a169a8d417a16e5d9ca1ee8fd7db1c2bc530
product:TP302496,normalizedCategory,known,pantry,,derived,unreviewed,58,18424d5f3fc49f84d7a5095bc6d2a169a8d417a16e5d9ca1ee8fd7db1c2bc530
product:TP302496,sku,known,TP302496,,text,unreviewed,58,18424d5f3fc49f84d7a5095bc6d2a169a8d417a16e5d9ca1ee8fd7db1c2bc530
product:TP302496,widthIn,known,30,,derived,unreviewed,58,18424d5f3fc49f84d7a5095bc6d2a169a8d417a16e5d9ca1ee8fd7db1c2bc530
product:TP362484,depthIn,known,24,,text,unreviewed,58,18424d5f3fc49f84d7a5095bc6d2a169a8d417a16e5d9ca1ee8fd7db1c2bc530
product:TP362484,heightIn,known,84,,derived,unreviewed,58,18424d5f3fc49f84d7a5095bc6d2a169a8d417a16e5d9ca1ee8fd7db1c2bc530
product:TP362484,manufacturerCategory,known,"24"" Deep Tall Pantry Cabinets",,text,unreviewed,58,18424d5f3fc49f84d7a5095bc6d2a169a8d417a16e5d9ca1ee8fd7db1c2bc530
product:TP362484,normalizedCategory,known,pantry,,derived,unreviewed,58,18424d5f3fc49f84d7a5095bc6d2a169a8d417a16e5d9ca1ee8fd7db1c2bc530
product:TP362484,sku,known,TP362484,,text,unreviewed,58,18424d5f3fc49f84d7a5095bc6d2a169a8d417a16e5d9ca1ee8fd7db1c2bc530
product:TP362484,widthIn,known,36,,derived,unreviewed,58,18424d5f3fc49f84d7a5095bc6d2a169a8d417a16e5d9ca1ee8fd7db1c2bc530
product:TP362490,depthIn,known,24,,text,unreviewed,58,18424d5f3fc49f84d7a5095bc6d2a169a8d417a16e5d9ca1ee8fd7db1c2bc530
product:TP362490,heightIn,known,90,,derived,unreviewed,58,18424d5f3fc49f84d7a5095bc6d2a169a8d417a16e5d9ca1ee8fd7db1c2bc530
product:TP362490,manufacturerCategory,known,"24"" Deep Tall Pantry Cabinets",,text,unreviewed,58,18424d5f3fc49f84d7a5095bc6d2a169a8d417a16e5d9ca1ee8fd7db1c2bc530
product:TP362490,normalizedCategory,known,pantry,,derived,unreviewed,58,18424d5f3fc49f84d7a5095bc6d2a169a8d417a16e5d9ca1ee8fd7db1c2bc530
product:TP362490,sku,known,TP362490,,text,unreviewed,58,18424d5f3fc49f84d7a5095bc6d2a169a8d417a16e5d9ca1ee8fd7db1c2bc530
product:TP362490,widthIn,known,36,,derived,unreviewed,58,18424d5f3fc49f84d7a5095bc6d2a169a8d417a16e5d9ca1ee8fd7db1c2bc530
product:TP362493,depthIn,known,24,,text,unreviewed,58,18424d5f3fc49f84d7a5095bc6d2a169a8d417a16e5d9ca1ee8fd7db1c2bc530
product:TP362493,heightIn,known,93,,derived,unreviewed,58,18424d5f3fc49f84d7a5095bc6d2a169a8d417a16e5d9ca1ee8fd7db1c2bc530
product:TP362493,manufacturerCategory,known,"24"" Deep Tall Pantry Cabinets",,text,unreviewed,58,18424d5f3fc49f84d7a5095bc6d2a169a8d417a16e5d9ca1ee8fd7db1c2bc530
product:TP362493,normalizedCategory,known,pantry,,derived,unreviewed,58,18424d5f3fc49f84d7a5095bc6d2a169a8d417a16e5d9ca1ee8fd7db1c2bc530
product:TP362493,sku,known,TP362493,,text,unreviewed,58,18424d5f3fc49f84d7a5095bc6d2a169a8d417a16e5d9ca1ee8fd7db1c2bc530
product:TP362493,widthIn,known,36,,derived,unreviewed,58,18424d5f3fc49f84d7a5095bc6d2a169a8d417a16e5d9ca1ee8fd7db1c2bc530
product:TP362496,depthIn,known,24,,text,unreviewed,58,18424d5f3fc49f84d7a5095bc6d2a169a8d417a16e5d9ca1ee8fd7db1c2bc530
product:TP362496,heightIn,known,96,,derived,unreviewed,58,18424d5f3fc49f84d7a5095bc6d2a169a8d417a16e5d9ca1ee8fd7db1c2bc530
product:TP362496,manufacturerCategory,known,"24"" Deep Tall Pantry Cabinets",,text,unreviewed,58,18424d5f3fc49f84d7a5095bc6d2a169a8d417a16e5d9ca1ee8fd7db1c2bc530
product:TP362496,normalizedCategory,known,pantry,,derived,unreviewed,58,18424d5f3fc49f84d7a5095bc6d2a169a8d417a16e5d9ca1ee8fd7db1c2bc530
product:TP362496,sku,known,TP362496,,text,unreviewed,58,18424d5f3fc49f84d7a5095bc6d2a169a8d417a16e5d9ca1ee8fd7db1c2bc530
product:TP362496,widthIn,known,36,,derived,unreviewed,58,18424d5f3fc49f84d7a5095bc6d2a169a8d417a16e5d9ca1ee8fd7db1c2bc530
product:W0930,depthIn,known,12,,text,unreviewed,25,18424d5f3fc49f84d7a5095bc6d2a169a8d417a16e5d9ca1ee8fd7db1c2bc530
product:W0930,heightIn,known,30,,derived,unreviewed,25,18424d5f3fc49f84d7a5095bc6d2a169a8d417a16e5d9ca1ee8fd7db1c2bc530
product:W0930,manufacturerCategory,known,SINGLE DOOR,,text,unreviewed,25,18424d5f3fc49f84d7a5095bc6d2a169a8d417a16e5d9ca1ee8fd7db1c2bc530
product:W0930,normalizedCategory,known,wall_cabinet,,derived,unreviewed,25,18424d5f3fc49f84d7a5095bc6d2a169a8d417a16e5d9ca1ee8fd7db1c2bc530
product:W0930,sku,known,W0930,,text,unreviewed,25,18424d5f3fc49f84d7a5095bc6d2a169a8d417a16e5d9ca1ee8fd7db1c2bc530
product:W0930,widthIn,known,9,,derived,unreviewed,25,18424d5f3fc49f84d7a5095bc6d2a169a8d417a16e5d9ca1ee8fd7db1c2bc530
product:W0936,depthIn,known,12,,text,unreviewed,27,18424d5f3fc49f84d7a5095bc6d2a169a8d417a16e5d9ca1ee8fd7db1c2bc530
product:W0936,heightIn,known,36,,derived,unreviewed,27,18424d5f3fc49f84d7a5095bc6d2a169a8d417a16e5d9ca1ee8fd7db1c2bc530
product:W0936,manufacturerCategory,known,SINGLE DOOR,,text,unreviewed,27,18424d5f3fc49f84d7a5095bc6d2a169a8d417a16e5d9ca1ee8fd7db1c2bc530
product:W0936,normalizedCategory,known,wall_cabinet,,derived,unreviewed,27,18424d5f3fc49f84d7a5095bc6d2a169a8d417a16e5d9ca1ee8fd7db1c2bc530
product:W0936,sku,known,W0936,,text,unreviewed,27,18424d5f3fc49f84d7a5095bc6d2a169a8d417a16e5d9ca1ee8fd7db1c2bc530
product:W0936,widthIn,known,9,,derived,unreviewed,27,18424d5f3fc49f84d7a5095bc6d2a169a8d417a16e5d9ca1ee8fd7db1c2bc530
product:W0939,sku,known,W0939,,text,unreviewed,29,18424d5f3fc49f84d7a5095bc6d2a169a8d417a16e5d9ca1ee8fd7db1c2bc530
product:W0939,manufacturerCategory,known,"39"" High Wall Cabinets",,text,unreviewed,29,18424d5f3fc49f84d7a5095bc6d2a169a8d417a16e5d9ca1ee8fd7db1c2bc530
product:W0939,normalizedCategory,known,wall_cabinet,,derived,unreviewed,29,18424d5f3fc49f84d7a5095bc6d2a169a8d417a16e5d9ca1ee8fd7db1c2bc530
product:W0939,heightIn,known,39,,vision,unreviewed,29,18424d5f3fc49f84d7a5095bc6d2a169a8d417a16e5d9ca1ee8fd7db1c2bc530
product:W0939,depthIn,known,12,,vision,unreviewed,29,18424d5f3fc49f84d7a5095bc6d2a169a8d417a16e5d9ca1ee8fd7db1c2bc530
product:W0939,widthIn,unknown,,No explicit per-SKU body width on this page; SKU digits retained only as an identifier.,text,unreviewed,29,18424d5f3fc49f84d7a5095bc6d2a169a8d417a16e5d9ca1ee8fd7db1c2bc530
product:W0942,sku,known,W0942,,text,unreviewed,31,18424d5f3fc49f84d7a5095bc6d2a169a8d417a16e5d9ca1ee8fd7db1c2bc530
product:W0942,manufacturerCategory,known,"42"" High Wall Cabinets",,text,unreviewed,31,18424d5f3fc49f84d7a5095bc6d2a169a8d417a16e5d9ca1ee8fd7db1c2bc530
product:W0942,normalizedCategory,known,wall_cabinet,,derived,unreviewed,31,18424d5f3fc49f84d7a5095bc6d2a169a8d417a16e5d9ca1ee8fd7db1c2bc530
product:W0942,heightIn,known,42,,vision,unreviewed,31,18424d5f3fc49f84d7a5095bc6d2a169a8d417a16e5d9ca1ee8fd7db1c2bc530
product:W0942,depthIn,known,12,,vision,unreviewed,31,18424d5f3fc49f84d7a5095bc6d2a169a8d417a16e5d9ca1ee8fd7db1c2bc530
product:W0942,widthIn,unknown,,No explicit per-SKU body width on this page; SKU digits retained only as an identifier.,text,unreviewed,31,18424d5f3fc49f84d7a5095bc6d2a169a8d417a16e5d9ca1ee8fd7db1c2bc530
product:W1215,depthIn,known,12,,text,unreviewed,22,18424d5f3fc49f84d7a5095bc6d2a169a8d417a16e5d9ca1ee8fd7db1c2bc530
product:W1215,heightIn,known,15,,derived,unreviewed,22,18424d5f3fc49f84d7a5095bc6d2a169a8d417a16e5d9ca1ee8fd7db1c2bc530
product:W1215,manufacturerCategory,known,"12""- 21"" HIGH",,text,unreviewed,22,18424d5f3fc49f84d7a5095bc6d2a169a8d417a16e5d9ca1ee8fd7db1c2bc530
product:W1215,normalizedCategory,known,wall_cabinet,,derived,unreviewed,22,18424d5f3fc49f84d7a5095bc6d2a169a8d417a16e5d9ca1ee8fd7db1c2bc530
product:W1215,sku,known,W1215,,text,unreviewed,22,18424d5f3fc49f84d7a5095bc6d2a169a8d417a16e5d9ca1ee8fd7db1c2bc530
product:W1215,widthIn,known,12,,derived,unreviewed,22,18424d5f3fc49f84d7a5095bc6d2a169a8d417a16e5d9ca1ee8fd7db1c2bc530
product:W1218,depthIn,known,12,,text,unreviewed,22,18424d5f3fc49f84d7a5095bc6d2a169a8d417a16e5d9ca1ee8fd7db1c2bc530
product:W1218,heightIn,known,18,,derived,unreviewed,22,18424d5f3fc49f84d7a5095bc6d2a169a8d417a16e5d9ca1ee8fd7db1c2bc530
product:W1218,manufacturerCategory,known,"12""- 21"" HIGH",,text,unreviewed,22,18424d5f3fc49f84d7a5095bc6d2a169a8d417a16e5d9ca1ee8fd7db1c2bc530
product:W1218,normalizedCategory,known,wall_cabinet,,derived,unreviewed,22,18424d5f3fc49f84d7a5095bc6d2a169a8d417a16e5d9ca1ee8fd7db1c2bc530
product:W1218,sku,known,W1218,,text,unreviewed,22,18424d5f3fc49f84d7a5095bc6d2a169a8d417a16e5d9ca1ee8fd7db1c2bc530
product:W1218,widthIn,known,12,,derived,unreviewed,22,18424d5f3fc49f84d7a5095bc6d2a169a8d417a16e5d9ca1ee8fd7db1c2bc530
product:W1230,depthIn,known,12,,text,unreviewed,25,18424d5f3fc49f84d7a5095bc6d2a169a8d417a16e5d9ca1ee8fd7db1c2bc530
product:W1230,heightIn,known,30,,derived,unreviewed,25,18424d5f3fc49f84d7a5095bc6d2a169a8d417a16e5d9ca1ee8fd7db1c2bc530
product:W1230,manufacturerCategory,known,SINGLE DOOR,,text,unreviewed,25,18424d5f3fc49f84d7a5095bc6d2a169a8d417a16e5d9ca1ee8fd7db1c2bc530
product:W1230,normalizedCategory,known,wall_cabinet,,derived,unreviewed,25,18424d5f3fc49f84d7a5095bc6d2a169a8d417a16e5d9ca1ee8fd7db1c2bc530
product:W1230,sku,known,W1230,,text,unreviewed,25,18424d5f3fc49f84d7a5095bc6d2a169a8d417a16e5d9ca1ee8fd7db1c2bc530
product:W1230,widthIn,known,12,,derived,unreviewed,25,18424d5f3fc49f84d7a5095bc6d2a169a8d417a16e5d9ca1ee8fd7db1c2bc530
product:W1236,depthIn,known,12,,text,unreviewed,27,18424d5f3fc49f84d7a5095bc6d2a169a8d417a16e5d9ca1ee8fd7db1c2bc530
product:W1236,heightIn,known,36,,derived,unreviewed,27,18424d5f3fc49f84d7a5095bc6d2a169a8d417a16e5d9ca1ee8fd7db1c2bc530
product:W1236,manufacturerCategory,known,SINGLE DOOR,,text,unreviewed,27,18424d5f3fc49f84d7a5095bc6d2a169a8d417a16e5d9ca1ee8fd7db1c2bc530
product:W1236,normalizedCategory,known,wall_cabinet,,derived,unreviewed,27,18424d5f3fc49f84d7a5095bc6d2a169a8d417a16e5d9ca1ee8fd7db1c2bc530
product:W1236,sku,known,W1236,,text,unreviewed,27,18424d5f3fc49f84d7a5095bc6d2a169a8d417a16e5d9ca1ee8fd7db1c2bc530
product:W1236,widthIn,known,12,,derived,unreviewed,27,18424d5f3fc49f84d7a5095bc6d2a169a8d417a16e5d9ca1ee8fd7db1c2bc530
product:W1239,sku,known,W1239,,text,unreviewed,29,18424d5f3fc49f84d7a5095bc6d2a169a8d417a16e5d9ca1ee8fd7db1c2bc530
product:W1239,manufacturerCategory,known,"39"" High Wall Cabinets",,text,unreviewed,29,18424d5f3fc49f84d7a5095bc6d2a169a8d417a16e5d9ca1ee8fd7db1c2bc530
product:W1239,normalizedCategory,known,wall_cabinet,,derived,unreviewed,29,18424d5f3fc49f84d7a5095bc6d2a169a8d417a16e5d9ca1ee8fd7db1c2bc530
product:W1239,heightIn,known,39,,vision,unreviewed,29,18424d5f3fc49f84d7a5095bc6d2a169a8d417a16e5d9ca1ee8fd7db1c2bc530
product:W1239,depthIn,known,12,,vision,unreviewed,29,18424d5f3fc49f84d7a5095bc6d2a169a8d417a16e5d9ca1ee8fd7db1c2bc530
product:W1239,widthIn,unknown,,No explicit per-SKU body width on this page; SKU digits retained only as an identifier.,text,unreviewed,29,18424d5f3fc49f84d7a5095bc6d2a169a8d417a16e5d9ca1ee8fd7db1c2bc530
product:W1242,sku,known,W1242,,text,unreviewed,31,18424d5f3fc49f84d7a5095bc6d2a169a8d417a16e5d9ca1ee8fd7db1c2bc530
product:W1242,manufacturerCategory,known,"42"" High Wall Cabinets",,text,unreviewed,31,18424d5f3fc49f84d7a5095bc6d2a169a8d417a16e5d9ca1ee8fd7db1c2bc530
product:W1242,normalizedCategory,known,wall_cabinet,,derived,unreviewed,31,18424d5f3fc49f84d7a5095bc6d2a169a8d417a16e5d9ca1ee8fd7db1c2bc530
product:W1242,heightIn,known,42,,vision,unreviewed,31,18424d5f3fc49f84d7a5095bc6d2a169a8d417a16e5d9ca1ee8fd7db1c2bc530
product:W1242,depthIn,known,12,,vision,unreviewed,31,18424d5f3fc49f84d7a5095bc6d2a169a8d417a16e5d9ca1ee8fd7db1c2bc530
product:W1242,widthIn,unknown,,No explicit per-SKU body width on this page; SKU digits retained only as an identifier.,text,unreviewed,31,18424d5f3fc49f84d7a5095bc6d2a169a8d417a16e5d9ca1ee8fd7db1c2bc530
product:W1515,depthIn,known,12,,text,unreviewed,22,18424d5f3fc49f84d7a5095bc6d2a169a8d417a16e5d9ca1ee8fd7db1c2bc530
product:W1515,heightIn,known,15,,derived,unreviewed,22,18424d5f3fc49f84d7a5095bc6d2a169a8d417a16e5d9ca1ee8fd7db1c2bc530
product:W1515,manufacturerCategory,known,"12""- 21"" HIGH",,text,unreviewed,22,18424d5f3fc49f84d7a5095bc6d2a169a8d417a16e5d9ca1ee8fd7db1c2bc530
product:W1515,normalizedCategory,known,wall_cabinet,,derived,unreviewed,22,18424d5f3fc49f84d7a5095bc6d2a169a8d417a16e5d9ca1ee8fd7db1c2bc530
product:W1515,sku,known,W1515,,text,unreviewed,22,18424d5f3fc49f84d7a5095bc6d2a169a8d417a16e5d9ca1ee8fd7db1c2bc530
product:W1515,widthIn,known,15,,derived,unreviewed,22,18424d5f3fc49f84d7a5095bc6d2a169a8d417a16e5d9ca1ee8fd7db1c2bc530
product:W1518,depthIn,known,12,,text,unreviewed,22,18424d5f3fc49f84d7a5095bc6d2a169a8d417a16e5d9ca1ee8fd7db1c2bc530
product:W1518,heightIn,known,18,,derived,unreviewed,22,18424d5f3fc49f84d7a5095bc6d2a169a8d417a16e5d9ca1ee8fd7db1c2bc530
product:W1518,manufacturerCategory,known,"12""- 21"" HIGH",,text,unreviewed,22,18424d5f3fc49f84d7a5095bc6d2a169a8d417a16e5d9ca1ee8fd7db1c2bc530
product:W1518,normalizedCategory,known,wall_cabinet,,derived,unreviewed,22,18424d5f3fc49f84d7a5095bc6d2a169a8d417a16e5d9ca1ee8fd7db1c2bc530
product:W1518,sku,known,W1518,,text,unreviewed,22,18424d5f3fc49f84d7a5095bc6d2a169a8d417a16e5d9ca1ee8fd7db1c2bc530
product:W1518,widthIn,known,15,,derived,unreviewed,22,18424d5f3fc49f84d7a5095bc6d2a169a8d417a16e5d9ca1ee8fd7db1c2bc530
product:W1530,depthIn,known,12,,text,unreviewed,25,18424d5f3fc49f84d7a5095bc6d2a169a8d417a16e5d9ca1ee8fd7db1c2bc530
product:W1530,heightIn,known,30,,derived,unreviewed,25,18424d5f3fc49f84d7a5095bc6d2a169a8d417a16e5d9ca1ee8fd7db1c2bc530
product:W1530,manufacturerCategory,known,SINGLE DOOR,,text,unreviewed,25,18424d5f3fc49f84d7a5095bc6d2a169a8d417a16e5d9ca1ee8fd7db1c2bc530
product:W1530,normalizedCategory,known,wall_cabinet,,derived,unreviewed,25,18424d5f3fc49f84d7a5095bc6d2a169a8d417a16e5d9ca1ee8fd7db1c2bc530
product:W1530,sku,known,W1530,,text,unreviewed,25,18424d5f3fc49f84d7a5095bc6d2a169a8d417a16e5d9ca1ee8fd7db1c2bc530
product:W1530,widthIn,known,15,,derived,unreviewed,25,18424d5f3fc49f84d7a5095bc6d2a169a8d417a16e5d9ca1ee8fd7db1c2bc530
product:W1536,depthIn,known,12,,text,unreviewed,27,18424d5f3fc49f84d7a5095bc6d2a169a8d417a16e5d9ca1ee8fd7db1c2bc530
product:W1536,heightIn,known,36,,derived,unreviewed,27,18424d5f3fc49f84d7a5095bc6d2a169a8d417a16e5d9ca1ee8fd7db1c2bc530
product:W1536,manufacturerCategory,known,SINGLE DOOR,,text,unreviewed,27,18424d5f3fc49f84d7a5095bc6d2a169a8d417a16e5d9ca1ee8fd7db1c2bc530
product:W1536,normalizedCategory,known,wall_cabinet,,derived,unreviewed,27,18424d5f3fc49f84d7a5095bc6d2a169a8d417a16e5d9ca1ee8fd7db1c2bc530
product:W1536,sku,known,W1536,,text,unreviewed,27,18424d5f3fc49f84d7a5095bc6d2a169a8d417a16e5d9ca1ee8fd7db1c2bc530
product:W1536,widthIn,known,15,,derived,unreviewed,27,18424d5f3fc49f84d7a5095bc6d2a169a8d417a16e5d9ca1ee8fd7db1c2bc530
product:W1539,sku,known,W1539,,text,unreviewed,29,18424d5f3fc49f84d7a5095bc6d2a169a8d417a16e5d9ca1ee8fd7db1c2bc530
product:W1539,manufacturerCategory,known,"39"" High Wall Cabinets",,text,unreviewed,29,18424d5f3fc49f84d7a5095bc6d2a169a8d417a16e5d9ca1ee8fd7db1c2bc530
product:W1539,normalizedCategory,known,wall_cabinet,,derived,unreviewed,29,18424d5f3fc49f84d7a5095bc6d2a169a8d417a16e5d9ca1ee8fd7db1c2bc530
product:W1539,heightIn,known,39,,vision,unreviewed,29,18424d5f3fc49f84d7a5095bc6d2a169a8d417a16e5d9ca1ee8fd7db1c2bc530
product:W1539,depthIn,known,12,,vision,unreviewed,29,18424d5f3fc49f84d7a5095bc6d2a169a8d417a16e5d9ca1ee8fd7db1c2bc530
product:W1539,widthIn,unknown,,No explicit per-SKU body width on this page; SKU digits retained only as an identifier.,text,unreviewed,29,18424d5f3fc49f84d7a5095bc6d2a169a8d417a16e5d9ca1ee8fd7db1c2bc530
product:W1542,sku,known,W1542,,text,unreviewed,31,18424d5f3fc49f84d7a5095bc6d2a169a8d417a16e5d9ca1ee8fd7db1c2bc530
product:W1542,manufacturerCategory,known,"42"" High Wall Cabinets",,text,unreviewed,31,18424d5f3fc49f84d7a5095bc6d2a169a8d417a16e5d9ca1ee8fd7db1c2bc530
product:W1542,normalizedCategory,known,wall_cabinet,,derived,unreviewed,31,18424d5f3fc49f84d7a5095bc6d2a169a8d417a16e5d9ca1ee8fd7db1c2bc530
product:W1542,heightIn,known,42,,vision,unreviewed,31,18424d5f3fc49f84d7a5095bc6d2a169a8d417a16e5d9ca1ee8fd7db1c2bc530
product:W1542,depthIn,known,12,,vision,unreviewed,31,18424d5f3fc49f84d7a5095bc6d2a169a8d417a16e5d9ca1ee8fd7db1c2bc530
product:W1542,widthIn,unknown,,No explicit per-SKU body width on this page; SKU digits retained only as an identifier.,text,unreviewed,31,18424d5f3fc49f84d7a5095bc6d2a169a8d417a16e5d9ca1ee8fd7db1c2bc530
product:W1815,depthIn,known,12,,text,unreviewed,22,18424d5f3fc49f84d7a5095bc6d2a169a8d417a16e5d9ca1ee8fd7db1c2bc530
product:W1815,heightIn,known,15,,derived,unreviewed,22,18424d5f3fc49f84d7a5095bc6d2a169a8d417a16e5d9ca1ee8fd7db1c2bc530
product:W1815,manufacturerCategory,known,"12""- 21"" HIGH",,text,unreviewed,22,18424d5f3fc49f84d7a5095bc6d2a169a8d417a16e5d9ca1ee8fd7db1c2bc530
product:W1815,normalizedCategory,known,wall_cabinet,,derived,unreviewed,22,18424d5f3fc49f84d7a5095bc6d2a169a8d417a16e5d9ca1ee8fd7db1c2bc530
product:W1815,sku,known,W1815,,text,unreviewed,22,18424d5f3fc49f84d7a5095bc6d2a169a8d417a16e5d9ca1ee8fd7db1c2bc530
product:W1815,widthIn,known,18,,derived,unreviewed,22,18424d5f3fc49f84d7a5095bc6d2a169a8d417a16e5d9ca1ee8fd7db1c2bc530
product:W1818,depthIn,known,12,,text,unreviewed,22,18424d5f3fc49f84d7a5095bc6d2a169a8d417a16e5d9ca1ee8fd7db1c2bc530
product:W1818,heightIn,known,18,,derived,unreviewed,22,18424d5f3fc49f84d7a5095bc6d2a169a8d417a16e5d9ca1ee8fd7db1c2bc530
product:W1818,manufacturerCategory,known,"12""- 21"" HIGH",,text,unreviewed,22,18424d5f3fc49f84d7a5095bc6d2a169a8d417a16e5d9ca1ee8fd7db1c2bc530
product:W1818,normalizedCategory,known,wall_cabinet,,derived,unreviewed,22,18424d5f3fc49f84d7a5095bc6d2a169a8d417a16e5d9ca1ee8fd7db1c2bc530
product:W1818,sku,known,W1818,,text,unreviewed,22,18424d5f3fc49f84d7a5095bc6d2a169a8d417a16e5d9ca1ee8fd7db1c2bc530
product:W1818,widthIn,known,18,,derived,unreviewed,22,18424d5f3fc49f84d7a5095bc6d2a169a8d417a16e5d9ca1ee8fd7db1c2bc530
product:W1830,depthIn,known,12,,text,unreviewed,25,18424d5f3fc49f84d7a5095bc6d2a169a8d417a16e5d9ca1ee8fd7db1c2bc530
product:W1830,heightIn,known,30,,derived,unreviewed,25,18424d5f3fc49f84d7a5095bc6d2a169a8d417a16e5d9ca1ee8fd7db1c2bc530
product:W1830,manufacturerCategory,known,SINGLE DOOR,,text,unreviewed,25,18424d5f3fc49f84d7a5095bc6d2a169a8d417a16e5d9ca1ee8fd7db1c2bc530
product:W1830,normalizedCategory,known,wall_cabinet,,derived,unreviewed,25,18424d5f3fc49f84d7a5095bc6d2a169a8d417a16e5d9ca1ee8fd7db1c2bc530
product:W1830,sku,known,W1830,,text,unreviewed,25,18424d5f3fc49f84d7a5095bc6d2a169a8d417a16e5d9ca1ee8fd7db1c2bc530
product:W1830,widthIn,known,18,,derived,unreviewed,25,18424d5f3fc49f84d7a5095bc6d2a169a8d417a16e5d9ca1ee8fd7db1c2bc530
product:W1836,depthIn,known,12,,text,unreviewed,27,18424d5f3fc49f84d7a5095bc6d2a169a8d417a16e5d9ca1ee8fd7db1c2bc530
product:W1836,heightIn,known,36,,derived,unreviewed,27,18424d5f3fc49f84d7a5095bc6d2a169a8d417a16e5d9ca1ee8fd7db1c2bc530
product:W1836,manufacturerCategory,known,SINGLE DOOR,,text,unreviewed,27,18424d5f3fc49f84d7a5095bc6d2a169a8d417a16e5d9ca1ee8fd7db1c2bc530
product:W1836,normalizedCategory,known,wall_cabinet,,derived,unreviewed,27,18424d5f3fc49f84d7a5095bc6d2a169a8d417a16e5d9ca1ee8fd7db1c2bc530
product:W1836,sku,known,W1836,,text,unreviewed,27,18424d5f3fc49f84d7a5095bc6d2a169a8d417a16e5d9ca1ee8fd7db1c2bc530
product:W1836,widthIn,known,18,,derived,unreviewed,27,18424d5f3fc49f84d7a5095bc6d2a169a8d417a16e5d9ca1ee8fd7db1c2bc530
product:W1839,sku,known,W1839,,text,unreviewed,29,18424d5f3fc49f84d7a5095bc6d2a169a8d417a16e5d9ca1ee8fd7db1c2bc530
product:W1839,manufacturerCategory,known,"39"" High Wall Cabinets",,text,unreviewed,29,18424d5f3fc49f84d7a5095bc6d2a169a8d417a16e5d9ca1ee8fd7db1c2bc530
product:W1839,normalizedCategory,known,wall_cabinet,,derived,unreviewed,29,18424d5f3fc49f84d7a5095bc6d2a169a8d417a16e5d9ca1ee8fd7db1c2bc530
product:W1839,heightIn,known,39,,vision,unreviewed,29,18424d5f3fc49f84d7a5095bc6d2a169a8d417a16e5d9ca1ee8fd7db1c2bc530
product:W1839,depthIn,known,12,,vision,unreviewed,29,18424d5f3fc49f84d7a5095bc6d2a169a8d417a16e5d9ca1ee8fd7db1c2bc530
product:W1839,widthIn,unknown,,No explicit per-SKU body width on this page; SKU digits retained only as an identifier.,text,unreviewed,29,18424d5f3fc49f84d7a5095bc6d2a169a8d417a16e5d9ca1ee8fd7db1c2bc530
product:W1842,sku,known,W1842,,text,unreviewed,31,18424d5f3fc49f84d7a5095bc6d2a169a8d417a16e5d9ca1ee8fd7db1c2bc530
product:W1842,manufacturerCategory,known,"42"" High Wall Cabinets",,text,unreviewed,31,18424d5f3fc49f84d7a5095bc6d2a169a8d417a16e5d9ca1ee8fd7db1c2bc530
product:W1842,normalizedCategory,known,wall_cabinet,,derived,unreviewed,31,18424d5f3fc49f84d7a5095bc6d2a169a8d417a16e5d9ca1ee8fd7db1c2bc530
product:W1842,heightIn,known,42,,vision,unreviewed,31,18424d5f3fc49f84d7a5095bc6d2a169a8d417a16e5d9ca1ee8fd7db1c2bc530
product:W1842,depthIn,known,12,,vision,unreviewed,31,18424d5f3fc49f84d7a5095bc6d2a169a8d417a16e5d9ca1ee8fd7db1c2bc530
product:W1842,widthIn,unknown,,No explicit per-SKU body width on this page; SKU digits retained only as an identifier.,text,unreviewed,31,18424d5f3fc49f84d7a5095bc6d2a169a8d417a16e5d9ca1ee8fd7db1c2bc530
product:W2115,depthIn,known,12,,text,unreviewed,22,18424d5f3fc49f84d7a5095bc6d2a169a8d417a16e5d9ca1ee8fd7db1c2bc530
product:W2115,heightIn,known,15,,derived,unreviewed,22,18424d5f3fc49f84d7a5095bc6d2a169a8d417a16e5d9ca1ee8fd7db1c2bc530
product:W2115,manufacturerCategory,known,"12""- 21"" HIGH",,text,unreviewed,22,18424d5f3fc49f84d7a5095bc6d2a169a8d417a16e5d9ca1ee8fd7db1c2bc530
product:W2115,normalizedCategory,known,wall_cabinet,,derived,unreviewed,22,18424d5f3fc49f84d7a5095bc6d2a169a8d417a16e5d9ca1ee8fd7db1c2bc530
product:W2115,sku,known,W2115,,text,unreviewed,22,18424d5f3fc49f84d7a5095bc6d2a169a8d417a16e5d9ca1ee8fd7db1c2bc530
product:W2115,widthIn,known,21,,derived,unreviewed,22,18424d5f3fc49f84d7a5095bc6d2a169a8d417a16e5d9ca1ee8fd7db1c2bc530
product:W2118,depthIn,known,12,,text,unreviewed,22,18424d5f3fc49f84d7a5095bc6d2a169a8d417a16e5d9ca1ee8fd7db1c2bc530
product:W2118,heightIn,known,18,,derived,unreviewed,22,18424d5f3fc49f84d7a5095bc6d2a169a8d417a16e5d9ca1ee8fd7db1c2bc530
product:W2118,manufacturerCategory,known,"12""- 21"" HIGH",,text,unreviewed,22,18424d5f3fc49f84d7a5095bc6d2a169a8d417a16e5d9ca1ee8fd7db1c2bc530
product:W2118,normalizedCategory,known,wall_cabinet,,derived,unreviewed,22,18424d5f3fc49f84d7a5095bc6d2a169a8d417a16e5d9ca1ee8fd7db1c2bc530
product:W2118,sku,known,W2118,,text,unreviewed,22,18424d5f3fc49f84d7a5095bc6d2a169a8d417a16e5d9ca1ee8fd7db1c2bc530
product:W2118,widthIn,known,21,,derived,unreviewed,22,18424d5f3fc49f84d7a5095bc6d2a169a8d417a16e5d9ca1ee8fd7db1c2bc530
product:W2130,depthIn,known,12,,text,unreviewed,25,18424d5f3fc49f84d7a5095bc6d2a169a8d417a16e5d9ca1ee8fd7db1c2bc530
product:W2130,heightIn,known,30,,derived,unreviewed,25,18424d5f3fc49f84d7a5095bc6d2a169a8d417a16e5d9ca1ee8fd7db1c2bc530
product:W2130,manufacturerCategory,known,SINGLE DOOR,,text,unreviewed,25,18424d5f3fc49f84d7a5095bc6d2a169a8d417a16e5d9ca1ee8fd7db1c2bc530
product:W2130,normalizedCategory,known,wall_cabinet,,derived,unreviewed,25,18424d5f3fc49f84d7a5095bc6d2a169a8d417a16e5d9ca1ee8fd7db1c2bc530
product:W2130,sku,known,W2130,,text,unreviewed,25,18424d5f3fc49f84d7a5095bc6d2a169a8d417a16e5d9ca1ee8fd7db1c2bc530
product:W2130,widthIn,known,21,,derived,unreviewed,25,18424d5f3fc49f84d7a5095bc6d2a169a8d417a16e5d9ca1ee8fd7db1c2bc530
product:W2136,depthIn,known,12,,text,unreviewed,27,18424d5f3fc49f84d7a5095bc6d2a169a8d417a16e5d9ca1ee8fd7db1c2bc530
product:W2136,heightIn,known,36,,derived,unreviewed,27,18424d5f3fc49f84d7a5095bc6d2a169a8d417a16e5d9ca1ee8fd7db1c2bc530
product:W2136,manufacturerCategory,known,SINGLE DOOR,,text,unreviewed,27,18424d5f3fc49f84d7a5095bc6d2a169a8d417a16e5d9ca1ee8fd7db1c2bc530
product:W2136,normalizedCategory,known,wall_cabinet,,derived,unreviewed,27,18424d5f3fc49f84d7a5095bc6d2a169a8d417a16e5d9ca1ee8fd7db1c2bc530
product:W2136,sku,known,W2136,,text,unreviewed,27,18424d5f3fc49f84d7a5095bc6d2a169a8d417a16e5d9ca1ee8fd7db1c2bc530
product:W2136,widthIn,known,21,,derived,unreviewed,27,18424d5f3fc49f84d7a5095bc6d2a169a8d417a16e5d9ca1ee8fd7db1c2bc530
product:W2139,sku,known,W2139,,text,unreviewed,29,18424d5f3fc49f84d7a5095bc6d2a169a8d417a16e5d9ca1ee8fd7db1c2bc530
product:W2139,manufacturerCategory,known,"39"" High Wall Cabinets",,text,unreviewed,29,18424d5f3fc49f84d7a5095bc6d2a169a8d417a16e5d9ca1ee8fd7db1c2bc530
product:W2139,normalizedCategory,known,wall_cabinet,,derived,unreviewed,29,18424d5f3fc49f84d7a5095bc6d2a169a8d417a16e5d9ca1ee8fd7db1c2bc530
product:W2139,heightIn,known,39,,vision,unreviewed,29,18424d5f3fc49f84d7a5095bc6d2a169a8d417a16e5d9ca1ee8fd7db1c2bc530
product:W2139,depthIn,known,12,,vision,unreviewed,29,18424d5f3fc49f84d7a5095bc6d2a169a8d417a16e5d9ca1ee8fd7db1c2bc530
product:W2139,widthIn,unknown,,No explicit per-SKU body width on this page; SKU digits retained only as an identifier.,text,unreviewed,29,18424d5f3fc49f84d7a5095bc6d2a169a8d417a16e5d9ca1ee8fd7db1c2bc530
product:W2142,sku,known,W2142,,text,unreviewed,31,18424d5f3fc49f84d7a5095bc6d2a169a8d417a16e5d9ca1ee8fd7db1c2bc530
product:W2142,manufacturerCategory,known,"42"" High Wall Cabinets",,text,unreviewed,31,18424d5f3fc49f84d7a5095bc6d2a169a8d417a16e5d9ca1ee8fd7db1c2bc530
product:W2142,normalizedCategory,known,wall_cabinet,,derived,unreviewed,31,18424d5f3fc49f84d7a5095bc6d2a169a8d417a16e5d9ca1ee8fd7db1c2bc530
product:W2142,heightIn,known,42,,vision,unreviewed,31,18424d5f3fc49f84d7a5095bc6d2a169a8d417a16e5d9ca1ee8fd7db1c2bc530
product:W2142,depthIn,known,12,,vision,unreviewed,31,18424d5f3fc49f84d7a5095bc6d2a169a8d417a16e5d9ca1ee8fd7db1c2bc530
product:W2142,widthIn,unknown,,No explicit per-SKU body width on this page; SKU digits retained only as an identifier.,text,unreviewed,31,18424d5f3fc49f84d7a5095bc6d2a169a8d417a16e5d9ca1ee8fd7db1c2bc530
product:W2412,depthIn,known,12,,text,unreviewed,22,18424d5f3fc49f84d7a5095bc6d2a169a8d417a16e5d9ca1ee8fd7db1c2bc530
product:W2412,heightIn,known,12,,derived,unreviewed,22,18424d5f3fc49f84d7a5095bc6d2a169a8d417a16e5d9ca1ee8fd7db1c2bc530
product:W2412,manufacturerCategory,known,"12""- 21"" HIGH",,text,unreviewed,22,18424d5f3fc49f84d7a5095bc6d2a169a8d417a16e5d9ca1ee8fd7db1c2bc530
product:W2412,normalizedCategory,known,wall_cabinet,,derived,unreviewed,22,18424d5f3fc49f84d7a5095bc6d2a169a8d417a16e5d9ca1ee8fd7db1c2bc530
product:W2412,sku,known,W2412,,text,unreviewed,22,18424d5f3fc49f84d7a5095bc6d2a169a8d417a16e5d9ca1ee8fd7db1c2bc530
product:W2412,widthIn,known,24,,derived,unreviewed,22,18424d5f3fc49f84d7a5095bc6d2a169a8d417a16e5d9ca1ee8fd7db1c2bc530
product:W2415,depthIn,known,12,,text,unreviewed,22,18424d5f3fc49f84d7a5095bc6d2a169a8d417a16e5d9ca1ee8fd7db1c2bc530
product:W2415,heightIn,known,15,,derived,unreviewed,22,18424d5f3fc49f84d7a5095bc6d2a169a8d417a16e5d9ca1ee8fd7db1c2bc530
product:W2415,manufacturerCategory,known,"12""- 21"" HIGH",,text,unreviewed,22,18424d5f3fc49f84d7a5095bc6d2a169a8d417a16e5d9ca1ee8fd7db1c2bc530
product:W2415,normalizedCategory,known,wall_cabinet,,derived,unreviewed,22,18424d5f3fc49f84d7a5095bc6d2a169a8d417a16e5d9ca1ee8fd7db1c2bc530
product:W2415,sku,known,W2415,,text,unreviewed,22,18424d5f3fc49f84d7a5095bc6d2a169a8d417a16e5d9ca1ee8fd7db1c2bc530
product:W2415,widthIn,known,24,,derived,unreviewed,22,18424d5f3fc49f84d7a5095bc6d2a169a8d417a16e5d9ca1ee8fd7db1c2bc530
product:W2418,depthIn,known,12,,text,unreviewed,22,18424d5f3fc49f84d7a5095bc6d2a169a8d417a16e5d9ca1ee8fd7db1c2bc530
product:W2418,heightIn,known,18,,derived,unreviewed,22,18424d5f3fc49f84d7a5095bc6d2a169a8d417a16e5d9ca1ee8fd7db1c2bc530
product:W2418,manufacturerCategory,known,"12""- 21"" HIGH",,text,unreviewed,22,18424d5f3fc49f84d7a5095bc6d2a169a8d417a16e5d9ca1ee8fd7db1c2bc530
product:W2418,normalizedCategory,known,wall_cabinet,,derived,unreviewed,22,18424d5f3fc49f84d7a5095bc6d2a169a8d417a16e5d9ca1ee8fd7db1c2bc530
product:W2418,sku,known,W2418,,text,unreviewed,22,18424d5f3fc49f84d7a5095bc6d2a169a8d417a16e5d9ca1ee8fd7db1c2bc530
product:W2418,widthIn,known,24,,derived,unreviewed,22,18424d5f3fc49f84d7a5095bc6d2a169a8d417a16e5d9ca1ee8fd7db1c2bc530
product:W2421,depthIn,known,12,,text,unreviewed,22,18424d5f3fc49f84d7a5095bc6d2a169a8d417a16e5d9ca1ee8fd7db1c2bc530
product:W2421,heightIn,known,21,,derived,unreviewed,22,18424d5f3fc49f84d7a5095bc6d2a169a8d417a16e5d9ca1ee8fd7db1c2bc530
product:W2421,manufacturerCategory,known,"12""- 21"" HIGH",,text,unreviewed,22,18424d5f3fc49f84d7a5095bc6d2a169a8d417a16e5d9ca1ee8fd7db1c2bc530
product:W2421,normalizedCategory,known,wall_cabinet,,derived,unreviewed,22,18424d5f3fc49f84d7a5095bc6d2a169a8d417a16e5d9ca1ee8fd7db1c2bc530
product:W2421,sku,known,W2421,,text,unreviewed,22,18424d5f3fc49f84d7a5095bc6d2a169a8d417a16e5d9ca1ee8fd7db1c2bc530
product:W2421,widthIn,known,24,,derived,unreviewed,22,18424d5f3fc49f84d7a5095bc6d2a169a8d417a16e5d9ca1ee8fd7db1c2bc530
product:W2424,depthIn,known,12,,text,unreviewed,22,18424d5f3fc49f84d7a5095bc6d2a169a8d417a16e5d9ca1ee8fd7db1c2bc530
product:W2424,heightIn,known,24,,derived,unreviewed,22,18424d5f3fc49f84d7a5095bc6d2a169a8d417a16e5d9ca1ee8fd7db1c2bc530
product:W2424,manufacturerCategory,known,"24"" HIGH DOUBLE DOOR",,text,unreviewed,22,18424d5f3fc49f84d7a5095bc6d2a169a8d417a16e5d9ca1ee8fd7db1c2bc530
product:W2424,normalizedCategory,known,wall_cabinet,,derived,unreviewed,22,18424d5f3fc49f84d7a5095bc6d2a169a8d417a16e5d9ca1ee8fd7db1c2bc530
product:W2424,sku,known,W2424,,text,unreviewed,22,18424d5f3fc49f84d7a5095bc6d2a169a8d417a16e5d9ca1ee8fd7db1c2bc530
product:W2424,widthIn,known,24,,derived,unreviewed,22,18424d5f3fc49f84d7a5095bc6d2a169a8d417a16e5d9ca1ee8fd7db1c2bc530
product:W2430,depthIn,known,12,,text,unreviewed,25,18424d5f3fc49f84d7a5095bc6d2a169a8d417a16e5d9ca1ee8fd7db1c2bc530
product:W2430,heightIn,known,30,,derived,unreviewed,25,18424d5f3fc49f84d7a5095bc6d2a169a8d417a16e5d9ca1ee8fd7db1c2bc530
product:W2430,manufacturerCategory,known,DOUBLE DOOR,,text,unreviewed,25,18424d5f3fc49f84d7a5095bc6d2a169a8d417a16e5d9ca1ee8fd7db1c2bc530
product:W2430,normalizedCategory,known,wall_cabinet,,derived,unreviewed,25,18424d5f3fc49f84d7a5095bc6d2a169a8d417a16e5d9ca1ee8fd7db1c2bc530
product:W2430,sku,known,W2430,,text,unreviewed,25,18424d5f3fc49f84d7a5095bc6d2a169a8d417a16e5d9ca1ee8fd7db1c2bc530
product:W2430,widthIn,known,24,,derived,unreviewed,25,18424d5f3fc49f84d7a5095bc6d2a169a8d417a16e5d9ca1ee8fd7db1c2bc530
product:W2436,depthIn,known,12,,text,unreviewed,27,18424d5f3fc49f84d7a5095bc6d2a169a8d417a16e5d9ca1ee8fd7db1c2bc530
product:W2436,heightIn,known,36,,derived,unreviewed,27,18424d5f3fc49f84d7a5095bc6d2a169a8d417a16e5d9ca1ee8fd7db1c2bc530
product:W2436,manufacturerCategory,known,DOUBLE DOOR,,text,unreviewed,27,18424d5f3fc49f84d7a5095bc6d2a169a8d417a16e5d9ca1ee8fd7db1c2bc530
product:W2436,normalizedCategory,known,wall_cabinet,,derived,unreviewed,27,18424d5f3fc49f84d7a5095bc6d2a169a8d417a16e5d9ca1ee8fd7db1c2bc530
product:W2436,sku,known,W2436,,text,unreviewed,27,18424d5f3fc49f84d7a5095bc6d2a169a8d417a16e5d9ca1ee8fd7db1c2bc530
product:W2436,widthIn,known,24,,derived,unreviewed,27,18424d5f3fc49f84d7a5095bc6d2a169a8d417a16e5d9ca1ee8fd7db1c2bc530
product:W2439,sku,known,W2439,,text,unreviewed,29,18424d5f3fc49f84d7a5095bc6d2a169a8d417a16e5d9ca1ee8fd7db1c2bc530
product:W2439,manufacturerCategory,known,"39"" High Wall Cabinets",,text,unreviewed,29,18424d5f3fc49f84d7a5095bc6d2a169a8d417a16e5d9ca1ee8fd7db1c2bc530
product:W2439,normalizedCategory,known,wall_cabinet,,derived,unreviewed,29,18424d5f3fc49f84d7a5095bc6d2a169a8d417a16e5d9ca1ee8fd7db1c2bc530
product:W2439,heightIn,known,39,,vision,unreviewed,29,18424d5f3fc49f84d7a5095bc6d2a169a8d417a16e5d9ca1ee8fd7db1c2bc530
product:W2439,depthIn,known,12,,vision,unreviewed,29,18424d5f3fc49f84d7a5095bc6d2a169a8d417a16e5d9ca1ee8fd7db1c2bc530
product:W2439,widthIn,unknown,,No explicit per-SKU body width on this page; SKU digits retained only as an identifier.,text,unreviewed,29,18424d5f3fc49f84d7a5095bc6d2a169a8d417a16e5d9ca1ee8fd7db1c2bc530
product:W2442,sku,known,W2442,,text,unreviewed,31,18424d5f3fc49f84d7a5095bc6d2a169a8d417a16e5d9ca1ee8fd7db1c2bc530
product:W2442,manufacturerCategory,known,"42"" High Wall Cabinets",,text,unreviewed,31,18424d5f3fc49f84d7a5095bc6d2a169a8d417a16e5d9ca1ee8fd7db1c2bc530
product:W2442,normalizedCategory,known,wall_cabinet,,derived,unreviewed,31,18424d5f3fc49f84d7a5095bc6d2a169a8d417a16e5d9ca1ee8fd7db1c2bc530
product:W2442,heightIn,known,42,,vision,unreviewed,31,18424d5f3fc49f84d7a5095bc6d2a169a8d417a16e5d9ca1ee8fd7db1c2bc530
product:W2442,depthIn,known,12,,vision,unreviewed,31,18424d5f3fc49f84d7a5095bc6d2a169a8d417a16e5d9ca1ee8fd7db1c2bc530
product:W2442,widthIn,unknown,,No explicit per-SKU body width on this page; SKU digits retained only as an identifier.,text,unreviewed,31,18424d5f3fc49f84d7a5095bc6d2a169a8d417a16e5d9ca1ee8fd7db1c2bc530
product:W2715,depthIn,known,12,,text,unreviewed,22,18424d5f3fc49f84d7a5095bc6d2a169a8d417a16e5d9ca1ee8fd7db1c2bc530
product:W2715,heightIn,known,15,,derived,unreviewed,22,18424d5f3fc49f84d7a5095bc6d2a169a8d417a16e5d9ca1ee8fd7db1c2bc530
product:W2715,manufacturerCategory,known,"12""- 21"" HIGH",,text,unreviewed,22,18424d5f3fc49f84d7a5095bc6d2a169a8d417a16e5d9ca1ee8fd7db1c2bc530
product:W2715,normalizedCategory,known,wall_cabinet,,derived,unreviewed,22,18424d5f3fc49f84d7a5095bc6d2a169a8d417a16e5d9ca1ee8fd7db1c2bc530
product:W2715,sku,known,W2715,,text,unreviewed,22,18424d5f3fc49f84d7a5095bc6d2a169a8d417a16e5d9ca1ee8fd7db1c2bc530
product:W2715,widthIn,known,27,,derived,unreviewed,22,18424d5f3fc49f84d7a5095bc6d2a169a8d417a16e5d9ca1ee8fd7db1c2bc530
product:W2718,depthIn,known,12,,text,unreviewed,22,18424d5f3fc49f84d7a5095bc6d2a169a8d417a16e5d9ca1ee8fd7db1c2bc530
product:W2718,heightIn,known,18,,derived,unreviewed,22,18424d5f3fc49f84d7a5095bc6d2a169a8d417a16e5d9ca1ee8fd7db1c2bc530
product:W2718,manufacturerCategory,known,"12""- 21"" HIGH",,text,unreviewed,22,18424d5f3fc49f84d7a5095bc6d2a169a8d417a16e5d9ca1ee8fd7db1c2bc530
product:W2718,normalizedCategory,known,wall_cabinet,,derived,unreviewed,22,18424d5f3fc49f84d7a5095bc6d2a169a8d417a16e5d9ca1ee8fd7db1c2bc530
product:W2718,sku,known,W2718,,text,unreviewed,22,18424d5f3fc49f84d7a5095bc6d2a169a8d417a16e5d9ca1ee8fd7db1c2bc530
product:W2718,widthIn,known,27,,derived,unreviewed,22,18424d5f3fc49f84d7a5095bc6d2a169a8d417a16e5d9ca1ee8fd7db1c2bc530
product:W2730,depthIn,known,12,,text,unreviewed,25,18424d5f3fc49f84d7a5095bc6d2a169a8d417a16e5d9ca1ee8fd7db1c2bc530
product:W2730,heightIn,known,30,,derived,unreviewed,25,18424d5f3fc49f84d7a5095bc6d2a169a8d417a16e5d9ca1ee8fd7db1c2bc530
product:W2730,manufacturerCategory,known,DOUBLE DOOR,,text,unreviewed,25,18424d5f3fc49f84d7a5095bc6d2a169a8d417a16e5d9ca1ee8fd7db1c2bc530
product:W2730,normalizedCategory,known,wall_cabinet,,derived,unreviewed,25,18424d5f3fc49f84d7a5095bc6d2a169a8d417a16e5d9ca1ee8fd7db1c2bc530
product:W2730,sku,known,W2730,,text,unreviewed,25,18424d5f3fc49f84d7a5095bc6d2a169a8d417a16e5d9ca1ee8fd7db1c2bc530
product:W2730,widthIn,known,27,,derived,unreviewed,25,18424d5f3fc49f84d7a5095bc6d2a169a8d417a16e5d9ca1ee8fd7db1c2bc530
product:W2736,depthIn,known,12,,text,unreviewed,27,18424d5f3fc49f84d7a5095bc6d2a169a8d417a16e5d9ca1ee8fd7db1c2bc530
product:W2736,heightIn,known,36,,derived,unreviewed,27,18424d5f3fc49f84d7a5095bc6d2a169a8d417a16e5d9ca1ee8fd7db1c2bc530
product:W2736,manufacturerCategory,known,DOUBLE DOOR,,text,unreviewed,27,18424d5f3fc49f84d7a5095bc6d2a169a8d417a16e5d9ca1ee8fd7db1c2bc530
product:W2736,normalizedCategory,known,wall_cabinet,,derived,unreviewed,27,18424d5f3fc49f84d7a5095bc6d2a169a8d417a16e5d9ca1ee8fd7db1c2bc530
product:W2736,sku,known,W2736,,text,unreviewed,27,18424d5f3fc49f84d7a5095bc6d2a169a8d417a16e5d9ca1ee8fd7db1c2bc530
product:W2736,widthIn,known,27,,derived,unreviewed,27,18424d5f3fc49f84d7a5095bc6d2a169a8d417a16e5d9ca1ee8fd7db1c2bc530
product:W2739,sku,known,W2739,,text,unreviewed,29,18424d5f3fc49f84d7a5095bc6d2a169a8d417a16e5d9ca1ee8fd7db1c2bc530
product:W2739,manufacturerCategory,known,"39"" High Wall Cabinets",,text,unreviewed,29,18424d5f3fc49f84d7a5095bc6d2a169a8d417a16e5d9ca1ee8fd7db1c2bc530
product:W2739,normalizedCategory,known,wall_cabinet,,derived,unreviewed,29,18424d5f3fc49f84d7a5095bc6d2a169a8d417a16e5d9ca1ee8fd7db1c2bc530
product:W2739,heightIn,known,39,,vision,unreviewed,29,18424d5f3fc49f84d7a5095bc6d2a169a8d417a16e5d9ca1ee8fd7db1c2bc530
product:W2739,depthIn,known,12,,vision,unreviewed,29,18424d5f3fc49f84d7a5095bc6d2a169a8d417a16e5d9ca1ee8fd7db1c2bc530
product:W2739,widthIn,unknown,,No explicit per-SKU body width on this page; SKU digits retained only as an identifier.,text,unreviewed,29,18424d5f3fc49f84d7a5095bc6d2a169a8d417a16e5d9ca1ee8fd7db1c2bc530
product:W2742,sku,known,W2742,,text,unreviewed,31,18424d5f3fc49f84d7a5095bc6d2a169a8d417a16e5d9ca1ee8fd7db1c2bc530
product:W2742,manufacturerCategory,known,"42"" High Wall Cabinets",,text,unreviewed,31,18424d5f3fc49f84d7a5095bc6d2a169a8d417a16e5d9ca1ee8fd7db1c2bc530
product:W2742,normalizedCategory,known,wall_cabinet,,derived,unreviewed,31,18424d5f3fc49f84d7a5095bc6d2a169a8d417a16e5d9ca1ee8fd7db1c2bc530
product:W2742,heightIn,known,42,,vision,unreviewed,31,18424d5f3fc49f84d7a5095bc6d2a169a8d417a16e5d9ca1ee8fd7db1c2bc530
product:W2742,depthIn,known,12,,vision,unreviewed,31,18424d5f3fc49f84d7a5095bc6d2a169a8d417a16e5d9ca1ee8fd7db1c2bc530
product:W2742,widthIn,unknown,,No explicit per-SKU body width on this page; SKU digits retained only as an identifier.,text,unreviewed,31,18424d5f3fc49f84d7a5095bc6d2a169a8d417a16e5d9ca1ee8fd7db1c2bc530
product:W3012,depthIn,known,12,,text,unreviewed,22,18424d5f3fc49f84d7a5095bc6d2a169a8d417a16e5d9ca1ee8fd7db1c2bc530
product:W3012,heightIn,known,12,,derived,unreviewed,22,18424d5f3fc49f84d7a5095bc6d2a169a8d417a16e5d9ca1ee8fd7db1c2bc530
product:W3012,manufacturerCategory,known,"12""- 21"" HIGH",,text,unreviewed,22,18424d5f3fc49f84d7a5095bc6d2a169a8d417a16e5d9ca1ee8fd7db1c2bc530
product:W3012,normalizedCategory,known,wall_cabinet,,derived,unreviewed,22,18424d5f3fc49f84d7a5095bc6d2a169a8d417a16e5d9ca1ee8fd7db1c2bc530
product:W3012,sku,known,W3012,,text,unreviewed,22,18424d5f3fc49f84d7a5095bc6d2a169a8d417a16e5d9ca1ee8fd7db1c2bc530
product:W3012,widthIn,known,30,,derived,unreviewed,22,18424d5f3fc49f84d7a5095bc6d2a169a8d417a16e5d9ca1ee8fd7db1c2bc530
product:W3015,depthIn,known,12,,text,unreviewed,22,18424d5f3fc49f84d7a5095bc6d2a169a8d417a16e5d9ca1ee8fd7db1c2bc530
product:W3015,heightIn,known,15,,derived,unreviewed,22,18424d5f3fc49f84d7a5095bc6d2a169a8d417a16e5d9ca1ee8fd7db1c2bc530
product:W3015,manufacturerCategory,known,"12""- 21"" HIGH",,text,unreviewed,22,18424d5f3fc49f84d7a5095bc6d2a169a8d417a16e5d9ca1ee8fd7db1c2bc530
product:W3015,normalizedCategory,known,wall_cabinet,,derived,unreviewed,22,18424d5f3fc49f84d7a5095bc6d2a169a8d417a16e5d9ca1ee8fd7db1c2bc530
product:W3015,sku,known,W3015,,text,unreviewed,22,18424d5f3fc49f84d7a5095bc6d2a169a8d417a16e5d9ca1ee8fd7db1c2bc530
product:W3015,widthIn,known,30,,derived,unreviewed,22,18424d5f3fc49f84d7a5095bc6d2a169a8d417a16e5d9ca1ee8fd7db1c2bc530
product:W301524,depthIn,known,24,,text,unreviewed,23,18424d5f3fc49f84d7a5095bc6d2a169a8d417a16e5d9ca1ee8fd7db1c2bc530
product:W301524,heightIn,known,15,,derived,unreviewed,23,18424d5f3fc49f84d7a5095bc6d2a169a8d417a16e5d9ca1ee8fd7db1c2bc530
product:W301524,manufacturerCategory,known,"24"" DEEP",,text,unreviewed,23,18424d5f3fc49f84d7a5095bc6d2a169a8d417a16e5d9ca1ee8fd7db1c2bc530
product:W301524,normalizedCategory,known,wall_cabinet,,derived,unreviewed,23,18424d5f3fc49f84d7a5095bc6d2a169a8d417a16e5d9ca1ee8fd7db1c2bc530
product:W301524,sku,known,W301524,,text,unreviewed,23,18424d5f3fc49f84d7a5095bc6d2a169a8d417a16e5d9ca1ee8fd7db1c2bc530
product:W301524,widthIn,known,30,,derived,unreviewed,23,18424d5f3fc49f84d7a5095bc6d2a169a8d417a16e5d9ca1ee8fd7db1c2bc530
product:W3018,depthIn,known,12,,text,unreviewed,22,18424d5f3fc49f84d7a5095bc6d2a169a8d417a16e5d9ca1ee8fd7db1c2bc530
product:W3018,heightIn,known,18,,derived,unreviewed,22,18424d5f3fc49f84d7a5095bc6d2a169a8d417a16e5d9ca1ee8fd7db1c2bc530
product:W3018,manufacturerCategory,known,"12""- 21"" HIGH",,text,unreviewed,22,18424d5f3fc49f84d7a5095bc6d2a169a8d417a16e5d9ca1ee8fd7db1c2bc530
product:W3018,normalizedCategory,known,wall_cabinet,,derived,unreviewed,22,18424d5f3fc49f84d7a5095bc6d2a169a8d417a16e5d9ca1ee8fd7db1c2bc530
product:W3018,sku,known,W3018,,text,unreviewed,22,18424d5f3fc49f84d7a5095bc6d2a169a8d417a16e5d9ca1ee8fd7db1c2bc530
product:W3018,widthIn,known,30,,derived,unreviewed,22,18424d5f3fc49f84d7a5095bc6d2a169a8d417a16e5d9ca1ee8fd7db1c2bc530
product:W301824,depthIn,known,24,,text,unreviewed,23,18424d5f3fc49f84d7a5095bc6d2a169a8d417a16e5d9ca1ee8fd7db1c2bc530
product:W301824,heightIn,known,18,,derived,unreviewed,23,18424d5f3fc49f84d7a5095bc6d2a169a8d417a16e5d9ca1ee8fd7db1c2bc530
product:W301824,manufacturerCategory,known,"24"" DEEP",,text,unreviewed,23,18424d5f3fc49f84d7a5095bc6d2a169a8d417a16e5d9ca1ee8fd7db1c2bc530
product:W301824,normalizedCategory,known,wall_cabinet,,derived,unreviewed,23,18424d5f3fc49f84d7a5095bc6d2a169a8d417a16e5d9ca1ee8fd7db1c2bc530
product:W301824,sku,known,W301824,,text,unreviewed,23,18424d5f3fc49f84d7a5095bc6d2a169a8d417a16e5d9ca1ee8fd7db1c2bc530
product:W301824,widthIn,known,30,,derived,unreviewed,23,18424d5f3fc49f84d7a5095bc6d2a169a8d417a16e5d9ca1ee8fd7db1c2bc530
product:W3021,depthIn,known,12,,text,unreviewed,22,18424d5f3fc49f84d7a5095bc6d2a169a8d417a16e5d9ca1ee8fd7db1c2bc530
product:W3021,heightIn,known,21,,derived,unreviewed,22,18424d5f3fc49f84d7a5095bc6d2a169a8d417a16e5d9ca1ee8fd7db1c2bc530
product:W3021,manufacturerCategory,known,"12""- 21"" HIGH",,text,unreviewed,22,18424d5f3fc49f84d7a5095bc6d2a169a8d417a16e5d9ca1ee8fd7db1c2bc530
product:W3021,normalizedCategory,known,wall_cabinet,,derived,unreviewed,22,18424d5f3fc49f84d7a5095bc6d2a169a8d417a16e5d9ca1ee8fd7db1c2bc530
product:W3021,sku,known,W3021,,text,unreviewed,22,18424d5f3fc49f84d7a5095bc6d2a169a8d417a16e5d9ca1ee8fd7db1c2bc530
product:W3021,widthIn,known,30,,derived,unreviewed,22,18424d5f3fc49f84d7a5095bc6d2a169a8d417a16e5d9ca1ee8fd7db1c2bc530
product:W302124,depthIn,known,24,,text,unreviewed,23,18424d5f3fc49f84d7a5095bc6d2a169a8d417a16e5d9ca1ee8fd7db1c2bc530
product:W302124,heightIn,known,21,,derived,unreviewed,23,18424d5f3fc49f84d7a5095bc6d2a169a8d417a16e5d9ca1ee8fd7db1c2bc530
product:W302124,manufacturerCategory,known,"24"" DEEP",,text,unreviewed,23,18424d5f3fc49f84d7a5095bc6d2a169a8d417a16e5d9ca1ee8fd7db1c2bc530
product:W302124,normalizedCategory,known,wall_cabinet,,derived,unreviewed,23,18424d5f3fc49f84d7a5095bc6d2a169a8d417a16e5d9ca1ee8fd7db1c2bc530
product:W302124,sku,known,W302124,,text,unreviewed,23,18424d5f3fc49f84d7a5095bc6d2a169a8d417a16e5d9ca1ee8fd7db1c2bc530
product:W302124,widthIn,known,30,,derived,unreviewed,23,18424d5f3fc49f84d7a5095bc6d2a169a8d417a16e5d9ca1ee8fd7db1c2bc530
product:W3024,depthIn,known,12,,text,unreviewed,22,18424d5f3fc49f84d7a5095bc6d2a169a8d417a16e5d9ca1ee8fd7db1c2bc530
product:W3024,heightIn,known,24,,derived,unreviewed,22,18424d5f3fc49f84d7a5095bc6d2a169a8d417a16e5d9ca1ee8fd7db1c2bc530
product:W3024,manufacturerCategory,known,"24"" HIGH DOUBLE DOOR",,text,unreviewed,22,18424d5f3fc49f84d7a5095bc6d2a169a8d417a16e5d9ca1ee8fd7db1c2bc530
product:W3024,normalizedCategory,known,wall_cabinet,,derived,unreviewed,22,18424d5f3fc49f84d7a5095bc6d2a169a8d417a16e5d9ca1ee8fd7db1c2bc530
product:W3024,sku,known,W3024,,text,unreviewed,22,18424d5f3fc49f84d7a5095bc6d2a169a8d417a16e5d9ca1ee8fd7db1c2bc530
product:W3024,widthIn,known,30,,derived,unreviewed,22,18424d5f3fc49f84d7a5095bc6d2a169a8d417a16e5d9ca1ee8fd7db1c2bc530
product:W302424,depthIn,known,24,,text,unreviewed,23,18424d5f3fc49f84d7a5095bc6d2a169a8d417a16e5d9ca1ee8fd7db1c2bc530
product:W302424,heightIn,known,24,,derived,unreviewed,23,18424d5f3fc49f84d7a5095bc6d2a169a8d417a16e5d9ca1ee8fd7db1c2bc530
product:W302424,manufacturerCategory,known,"24"" DEEP",,text,unreviewed,23,18424d5f3fc49f84d7a5095bc6d2a169a8d417a16e5d9ca1ee8fd7db1c2bc530
product:W302424,normalizedCategory,known,wall_cabinet,,derived,unreviewed,23,18424d5f3fc49f84d7a5095bc6d2a169a8d417a16e5d9ca1ee8fd7db1c2bc530
product:W302424,sku,known,W302424,,text,unreviewed,23,18424d5f3fc49f84d7a5095bc6d2a169a8d417a16e5d9ca1ee8fd7db1c2bc530
product:W302424,widthIn,known,30,,derived,unreviewed,23,18424d5f3fc49f84d7a5095bc6d2a169a8d417a16e5d9ca1ee8fd7db1c2bc530
product:W3030,depthIn,known,12,,text,unreviewed,25,18424d5f3fc49f84d7a5095bc6d2a169a8d417a16e5d9ca1ee8fd7db1c2bc530
product:W3030,heightIn,known,30,,derived,unreviewed,25,18424d5f3fc49f84d7a5095bc6d2a169a8d417a16e5d9ca1ee8fd7db1c2bc530
product:W3030,manufacturerCategory,known,DOUBLE DOOR,,text,unreviewed,25,18424d5f3fc49f84d7a5095bc6d2a169a8d417a16e5d9ca1ee8fd7db1c2bc530
product:W3030,normalizedCategory,known,wall_cabinet,,derived,unreviewed,25,18424d5f3fc49f84d7a5095bc6d2a169a8d417a16e5d9ca1ee8fd7db1c2bc530
product:W3030,sku,known,W3030,,text,unreviewed,25,18424d5f3fc49f84d7a5095bc6d2a169a8d417a16e5d9ca1ee8fd7db1c2bc530
product:W3030,widthIn,known,30,,derived,unreviewed,25,18424d5f3fc49f84d7a5095bc6d2a169a8d417a16e5d9ca1ee8fd7db1c2bc530
product:W3036,depthIn,known,12,,text,unreviewed,27,18424d5f3fc49f84d7a5095bc6d2a169a8d417a16e5d9ca1ee8fd7db1c2bc530
product:W3036,heightIn,known,36,,derived,unreviewed,27,18424d5f3fc49f84d7a5095bc6d2a169a8d417a16e5d9ca1ee8fd7db1c2bc530
product:W3036,manufacturerCategory,known,DOUBLE DOOR,,text,unreviewed,27,18424d5f3fc49f84d7a5095bc6d2a169a8d417a16e5d9ca1ee8fd7db1c2bc530
product:W3036,normalizedCategory,known,wall_cabinet,,derived,unreviewed,27,18424d5f3fc49f84d7a5095bc6d2a169a8d417a16e5d9ca1ee8fd7db1c2bc530
product:W3036,sku,known,W3036,,text,unreviewed,27,18424d5f3fc49f84d7a5095bc6d2a169a8d417a16e5d9ca1ee8fd7db1c2bc530
product:W3036,widthIn,known,30,,derived,unreviewed,27,18424d5f3fc49f84d7a5095bc6d2a169a8d417a16e5d9ca1ee8fd7db1c2bc530
product:W3039,sku,known,W3039,,text,unreviewed,29,18424d5f3fc49f84d7a5095bc6d2a169a8d417a16e5d9ca1ee8fd7db1c2bc530
product:W3039,manufacturerCategory,known,"39"" High Wall Cabinets",,text,unreviewed,29,18424d5f3fc49f84d7a5095bc6d2a169a8d417a16e5d9ca1ee8fd7db1c2bc530
product:W3039,normalizedCategory,known,wall_cabinet,,derived,unreviewed,29,18424d5f3fc49f84d7a5095bc6d2a169a8d417a16e5d9ca1ee8fd7db1c2bc530
product:W3039,heightIn,known,39,,vision,unreviewed,29,18424d5f3fc49f84d7a5095bc6d2a169a8d417a16e5d9ca1ee8fd7db1c2bc530
product:W3039,depthIn,known,12,,vision,unreviewed,29,18424d5f3fc49f84d7a5095bc6d2a169a8d417a16e5d9ca1ee8fd7db1c2bc530
product:W3039,widthIn,unknown,,No explicit per-SKU body width on this page; SKU digits retained only as an identifier.,text,unreviewed,29,18424d5f3fc49f84d7a5095bc6d2a169a8d417a16e5d9ca1ee8fd7db1c2bc530
product:W3042,sku,known,W3042,,text,unreviewed,31,18424d5f3fc49f84d7a5095bc6d2a169a8d417a16e5d9ca1ee8fd7db1c2bc530
product:W3042,manufacturerCategory,known,"42"" High Wall Cabinets",,text,unreviewed,31,18424d5f3fc49f84d7a5095bc6d2a169a8d417a16e5d9ca1ee8fd7db1c2bc530
product:W3042,normalizedCategory,known,wall_cabinet,,derived,unreviewed,31,18424d5f3fc49f84d7a5095bc6d2a169a8d417a16e5d9ca1ee8fd7db1c2bc530
product:W3042,heightIn,known,42,,vision,unreviewed,31,18424d5f3fc49f84d7a5095bc6d2a169a8d417a16e5d9ca1ee8fd7db1c2bc530
product:W3042,depthIn,known,12,,vision,unreviewed,31,18424d5f3fc49f84d7a5095bc6d2a169a8d417a16e5d9ca1ee8fd7db1c2bc530
product:W3042,widthIn,unknown,,No explicit per-SKU body width on this page; SKU digits retained only as an identifier.,text,unreviewed,31,18424d5f3fc49f84d7a5095bc6d2a169a8d417a16e5d9ca1ee8fd7db1c2bc530
product:W3312,depthIn,known,12,,text,unreviewed,22,18424d5f3fc49f84d7a5095bc6d2a169a8d417a16e5d9ca1ee8fd7db1c2bc530
product:W3312,heightIn,known,12,,derived,unreviewed,22,18424d5f3fc49f84d7a5095bc6d2a169a8d417a16e5d9ca1ee8fd7db1c2bc530
product:W3312,manufacturerCategory,known,"12""- 21"" HIGH",,text,unreviewed,22,18424d5f3fc49f84d7a5095bc6d2a169a8d417a16e5d9ca1ee8fd7db1c2bc530
product:W3312,normalizedCategory,known,wall_cabinet,,derived,unreviewed,22,18424d5f3fc49f84d7a5095bc6d2a169a8d417a16e5d9ca1ee8fd7db1c2bc530
product:W3312,sku,known,W3312,,text,unreviewed,22,18424d5f3fc49f84d7a5095bc6d2a169a8d417a16e5d9ca1ee8fd7db1c2bc530
product:W3312,widthIn,known,33,,derived,unreviewed,22,18424d5f3fc49f84d7a5095bc6d2a169a8d417a16e5d9ca1ee8fd7db1c2bc530
product:W331224,depthIn,known,24,,text,unreviewed,23,18424d5f3fc49f84d7a5095bc6d2a169a8d417a16e5d9ca1ee8fd7db1c2bc530
product:W331224,heightIn,known,12,,derived,unreviewed,23,18424d5f3fc49f84d7a5095bc6d2a169a8d417a16e5d9ca1ee8fd7db1c2bc530
product:W331224,manufacturerCategory,known,"24"" DEEP",,text,unreviewed,23,18424d5f3fc49f84d7a5095bc6d2a169a8d417a16e5d9ca1ee8fd7db1c2bc530
product:W331224,normalizedCategory,known,wall_cabinet,,derived,unreviewed,23,18424d5f3fc49f84d7a5095bc6d2a169a8d417a16e5d9ca1ee8fd7db1c2bc530
product:W331224,sku,known,W331224,,text,unreviewed,23,18424d5f3fc49f84d7a5095bc6d2a169a8d417a16e5d9ca1ee8fd7db1c2bc530
product:W331224,widthIn,known,33,,derived,unreviewed,23,18424d5f3fc49f84d7a5095bc6d2a169a8d417a16e5d9ca1ee8fd7db1c2bc530
product:W3315,depthIn,known,12,,text,unreviewed,22,18424d5f3fc49f84d7a5095bc6d2a169a8d417a16e5d9ca1ee8fd7db1c2bc530
product:W3315,heightIn,known,15,,derived,unreviewed,22,18424d5f3fc49f84d7a5095bc6d2a169a8d417a16e5d9ca1ee8fd7db1c2bc530
product:W3315,manufacturerCategory,known,"12""- 21"" HIGH",,text,unreviewed,22,18424d5f3fc49f84d7a5095bc6d2a169a8d417a16e5d9ca1ee8fd7db1c2bc530
product:W3315,normalizedCategory,known,wall_cabinet,,derived,unreviewed,22,18424d5f3fc49f84d7a5095bc6d2a169a8d417a16e5d9ca1ee8fd7db1c2bc530
product:W3315,sku,known,W3315,,text,unreviewed,22,18424d5f3fc49f84d7a5095bc6d2a169a8d417a16e5d9ca1ee8fd7db1c2bc530
product:W3315,widthIn,known,33,,derived,unreviewed,22,18424d5f3fc49f84d7a5095bc6d2a169a8d417a16e5d9ca1ee8fd7db1c2bc530
product:W331524,depthIn,known,24,,text,unreviewed,23,18424d5f3fc49f84d7a5095bc6d2a169a8d417a16e5d9ca1ee8fd7db1c2bc530
product:W331524,heightIn,known,15,,derived,unreviewed,23,18424d5f3fc49f84d7a5095bc6d2a169a8d417a16e5d9ca1ee8fd7db1c2bc530
product:W331524,manufacturerCategory,known,"24"" DEEP",,text,unreviewed,23,18424d5f3fc49f84d7a5095bc6d2a169a8d417a16e5d9ca1ee8fd7db1c2bc530
product:W331524,normalizedCategory,known,wall_cabinet,,derived,unreviewed,23,18424d5f3fc49f84d7a5095bc6d2a169a8d417a16e5d9ca1ee8fd7db1c2bc530
product:W331524,sku,known,W331524,,text,unreviewed,23,18424d5f3fc49f84d7a5095bc6d2a169a8d417a16e5d9ca1ee8fd7db1c2bc530
product:W331524,widthIn,known,33,,derived,unreviewed,23,18424d5f3fc49f84d7a5095bc6d2a169a8d417a16e5d9ca1ee8fd7db1c2bc530
product:W3318,depthIn,known,12,,text,unreviewed,22,18424d5f3fc49f84d7a5095bc6d2a169a8d417a16e5d9ca1ee8fd7db1c2bc530
product:W3318,heightIn,known,18,,derived,unreviewed,22,18424d5f3fc49f84d7a5095bc6d2a169a8d417a16e5d9ca1ee8fd7db1c2bc530
product:W3318,manufacturerCategory,known,"12""- 21"" HIGH",,text,unreviewed,22,18424d5f3fc49f84d7a5095bc6d2a169a8d417a16e5d9ca1ee8fd7db1c2bc530
product:W3318,normalizedCategory,known,wall_cabinet,,derived,unreviewed,22,18424d5f3fc49f84d7a5095bc6d2a169a8d417a16e5d9ca1ee8fd7db1c2bc530
product:W3318,sku,known,W3318,,text,unreviewed,22,18424d5f3fc49f84d7a5095bc6d2a169a8d417a16e5d9ca1ee8fd7db1c2bc530
product:W3318,widthIn,known,33,,derived,unreviewed,22,18424d5f3fc49f84d7a5095bc6d2a169a8d417a16e5d9ca1ee8fd7db1c2bc530
product:W331824,depthIn,known,24,,text,unreviewed,23,18424d5f3fc49f84d7a5095bc6d2a169a8d417a16e5d9ca1ee8fd7db1c2bc530
product:W331824,heightIn,known,18,,derived,unreviewed,23,18424d5f3fc49f84d7a5095bc6d2a169a8d417a16e5d9ca1ee8fd7db1c2bc530
product:W331824,manufacturerCategory,known,"24"" DEEP",,text,unreviewed,23,18424d5f3fc49f84d7a5095bc6d2a169a8d417a16e5d9ca1ee8fd7db1c2bc530
product:W331824,normalizedCategory,known,wall_cabinet,,derived,unreviewed,23,18424d5f3fc49f84d7a5095bc6d2a169a8d417a16e5d9ca1ee8fd7db1c2bc530
product:W331824,sku,known,W331824,,text,unreviewed,23,18424d5f3fc49f84d7a5095bc6d2a169a8d417a16e5d9ca1ee8fd7db1c2bc530
product:W331824,widthIn,known,33,,derived,unreviewed,23,18424d5f3fc49f84d7a5095bc6d2a169a8d417a16e5d9ca1ee8fd7db1c2bc530
product:W3321,depthIn,known,12,,text,unreviewed,22,18424d5f3fc49f84d7a5095bc6d2a169a8d417a16e5d9ca1ee8fd7db1c2bc530
product:W3321,heightIn,known,21,,derived,unreviewed,22,18424d5f3fc49f84d7a5095bc6d2a169a8d417a16e5d9ca1ee8fd7db1c2bc530
product:W3321,manufacturerCategory,known,"12""- 21"" HIGH",,text,unreviewed,22,18424d5f3fc49f84d7a5095bc6d2a169a8d417a16e5d9ca1ee8fd7db1c2bc530
product:W3321,normalizedCategory,known,wall_cabinet,,derived,unreviewed,22,18424d5f3fc49f84d7a5095bc6d2a169a8d417a16e5d9ca1ee8fd7db1c2bc530
product:W3321,sku,known,W3321,,text,unreviewed,22,18424d5f3fc49f84d7a5095bc6d2a169a8d417a16e5d9ca1ee8fd7db1c2bc530
product:W3321,widthIn,known,33,,derived,unreviewed,22,18424d5f3fc49f84d7a5095bc6d2a169a8d417a16e5d9ca1ee8fd7db1c2bc530
product:W332124,depthIn,known,24,,text,unreviewed,23,18424d5f3fc49f84d7a5095bc6d2a169a8d417a16e5d9ca1ee8fd7db1c2bc530
product:W332124,heightIn,known,21,,derived,unreviewed,23,18424d5f3fc49f84d7a5095bc6d2a169a8d417a16e5d9ca1ee8fd7db1c2bc530
product:W332124,manufacturerCategory,known,"24"" DEEP",,text,unreviewed,23,18424d5f3fc49f84d7a5095bc6d2a169a8d417a16e5d9ca1ee8fd7db1c2bc530
product:W332124,normalizedCategory,known,wall_cabinet,,derived,unreviewed,23,18424d5f3fc49f84d7a5095bc6d2a169a8d417a16e5d9ca1ee8fd7db1c2bc530
product:W332124,sku,known,W332124,,text,unreviewed,23,18424d5f3fc49f84d7a5095bc6d2a169a8d417a16e5d9ca1ee8fd7db1c2bc530
product:W332124,widthIn,known,33,,derived,unreviewed,23,18424d5f3fc49f84d7a5095bc6d2a169a8d417a16e5d9ca1ee8fd7db1c2bc530
product:W3324,depthIn,known,12,,text,unreviewed,22,18424d5f3fc49f84d7a5095bc6d2a169a8d417a16e5d9ca1ee8fd7db1c2bc530
product:W3324,heightIn,known,24,,derived,unreviewed,22,18424d5f3fc49f84d7a5095bc6d2a169a8d417a16e5d9ca1ee8fd7db1c2bc530
product:W3324,manufacturerCategory,known,"24"" HIGH DOUBLE DOOR",,text,unreviewed,22,18424d5f3fc49f84d7a5095bc6d2a169a8d417a16e5d9ca1ee8fd7db1c2bc530
product:W3324,normalizedCategory,known,wall_cabinet,,derived,unreviewed,22,18424d5f3fc49f84d7a5095bc6d2a169a8d417a16e5d9ca1ee8fd7db1c2bc530
product:W3324,sku,known,W3324,,text,unreviewed,22,18424d5f3fc49f84d7a5095bc6d2a169a8d417a16e5d9ca1ee8fd7db1c2bc530
product:W3324,widthIn,known,33,,derived,unreviewed,22,18424d5f3fc49f84d7a5095bc6d2a169a8d417a16e5d9ca1ee8fd7db1c2bc530
product:W332424,depthIn,known,24,,text,unreviewed,23,18424d5f3fc49f84d7a5095bc6d2a169a8d417a16e5d9ca1ee8fd7db1c2bc530
product:W332424,heightIn,known,24,,derived,unreviewed,23,18424d5f3fc49f84d7a5095bc6d2a169a8d417a16e5d9ca1ee8fd7db1c2bc530
product:W332424,manufacturerCategory,known,"24"" DEEP",,text,unreviewed,23,18424d5f3fc49f84d7a5095bc6d2a169a8d417a16e5d9ca1ee8fd7db1c2bc530
product:W332424,normalizedCategory,known,wall_cabinet,,derived,unreviewed,23,18424d5f3fc49f84d7a5095bc6d2a169a8d417a16e5d9ca1ee8fd7db1c2bc530
product:W332424,sku,known,W332424,,text,unreviewed,23,18424d5f3fc49f84d7a5095bc6d2a169a8d417a16e5d9ca1ee8fd7db1c2bc530
product:W332424,widthIn,known,33,,derived,unreviewed,23,18424d5f3fc49f84d7a5095bc6d2a169a8d417a16e5d9ca1ee8fd7db1c2bc530
product:W3330,depthIn,known,12,,text,unreviewed,25,18424d5f3fc49f84d7a5095bc6d2a169a8d417a16e5d9ca1ee8fd7db1c2bc530
product:W3330,heightIn,known,30,,derived,unreviewed,25,18424d5f3fc49f84d7a5095bc6d2a169a8d417a16e5d9ca1ee8fd7db1c2bc530
product:W3330,manufacturerCategory,known,DOUBLE DOOR,,text,unreviewed,25,18424d5f3fc49f84d7a5095bc6d2a169a8d417a16e5d9ca1ee8fd7db1c2bc530
product:W3330,normalizedCategory,known,wall_cabinet,,derived,unreviewed,25,18424d5f3fc49f84d7a5095bc6d2a169a8d417a16e5d9ca1ee8fd7db1c2bc530
product:W3330,sku,known,W3330,,text,unreviewed,25,18424d5f3fc49f84d7a5095bc6d2a169a8d417a16e5d9ca1ee8fd7db1c2bc530
product:W3330,widthIn,known,33,,derived,unreviewed,25,18424d5f3fc49f84d7a5095bc6d2a169a8d417a16e5d9ca1ee8fd7db1c2bc530
product:W3336,depthIn,known,12,,text,unreviewed,27,18424d5f3fc49f84d7a5095bc6d2a169a8d417a16e5d9ca1ee8fd7db1c2bc530
product:W3336,heightIn,known,36,,derived,unreviewed,27,18424d5f3fc49f84d7a5095bc6d2a169a8d417a16e5d9ca1ee8fd7db1c2bc530
product:W3336,manufacturerCategory,known,DOUBLE DOOR,,text,unreviewed,27,18424d5f3fc49f84d7a5095bc6d2a169a8d417a16e5d9ca1ee8fd7db1c2bc530
product:W3336,normalizedCategory,known,wall_cabinet,,derived,unreviewed,27,18424d5f3fc49f84d7a5095bc6d2a169a8d417a16e5d9ca1ee8fd7db1c2bc530
product:W3336,sku,known,W3336,,text,unreviewed,27,18424d5f3fc49f84d7a5095bc6d2a169a8d417a16e5d9ca1ee8fd7db1c2bc530
product:W3336,widthIn,known,33,,derived,unreviewed,27,18424d5f3fc49f84d7a5095bc6d2a169a8d417a16e5d9ca1ee8fd7db1c2bc530
product:W3339,sku,known,W3339,,text,unreviewed,29,18424d5f3fc49f84d7a5095bc6d2a169a8d417a16e5d9ca1ee8fd7db1c2bc530
product:W3339,manufacturerCategory,known,"39"" High Wall Cabinets",,text,unreviewed,29,18424d5f3fc49f84d7a5095bc6d2a169a8d417a16e5d9ca1ee8fd7db1c2bc530
product:W3339,normalizedCategory,known,wall_cabinet,,derived,unreviewed,29,18424d5f3fc49f84d7a5095bc6d2a169a8d417a16e5d9ca1ee8fd7db1c2bc530
product:W3339,heightIn,known,39,,vision,unreviewed,29,18424d5f3fc49f84d7a5095bc6d2a169a8d417a16e5d9ca1ee8fd7db1c2bc530
product:W3339,depthIn,known,12,,vision,unreviewed,29,18424d5f3fc49f84d7a5095bc6d2a169a8d417a16e5d9ca1ee8fd7db1c2bc530
product:W3339,widthIn,unknown,,No explicit per-SKU body width on this page; SKU digits retained only as an identifier.,text,unreviewed,29,18424d5f3fc49f84d7a5095bc6d2a169a8d417a16e5d9ca1ee8fd7db1c2bc530
product:W3342,sku,known,W3342,,text,unreviewed,31,18424d5f3fc49f84d7a5095bc6d2a169a8d417a16e5d9ca1ee8fd7db1c2bc530
product:W3342,manufacturerCategory,known,"42"" High Wall Cabinets",,text,unreviewed,31,18424d5f3fc49f84d7a5095bc6d2a169a8d417a16e5d9ca1ee8fd7db1c2bc530
product:W3342,normalizedCategory,known,wall_cabinet,,derived,unreviewed,31,18424d5f3fc49f84d7a5095bc6d2a169a8d417a16e5d9ca1ee8fd7db1c2bc530
product:W3342,heightIn,known,42,,vision,unreviewed,31,18424d5f3fc49f84d7a5095bc6d2a169a8d417a16e5d9ca1ee8fd7db1c2bc530
product:W3342,depthIn,known,12,,vision,unreviewed,31,18424d5f3fc49f84d7a5095bc6d2a169a8d417a16e5d9ca1ee8fd7db1c2bc530
product:W3342,widthIn,unknown,,No explicit per-SKU body width on this page; SKU digits retained only as an identifier.,text,unreviewed,31,18424d5f3fc49f84d7a5095bc6d2a169a8d417a16e5d9ca1ee8fd7db1c2bc530
product:W3612,depthIn,known,12,,text,unreviewed,22,18424d5f3fc49f84d7a5095bc6d2a169a8d417a16e5d9ca1ee8fd7db1c2bc530
product:W3612,heightIn,known,12,,derived,unreviewed,22,18424d5f3fc49f84d7a5095bc6d2a169a8d417a16e5d9ca1ee8fd7db1c2bc530
product:W3612,manufacturerCategory,known,"12""- 21"" HIGH",,text,unreviewed,22,18424d5f3fc49f84d7a5095bc6d2a169a8d417a16e5d9ca1ee8fd7db1c2bc530
product:W3612,normalizedCategory,known,wall_cabinet,,derived,unreviewed,22,18424d5f3fc49f84d7a5095bc6d2a169a8d417a16e5d9ca1ee8fd7db1c2bc530
product:W3612,sku,known,W3612,,text,unreviewed,22,18424d5f3fc49f84d7a5095bc6d2a169a8d417a16e5d9ca1ee8fd7db1c2bc530
product:W3612,widthIn,known,36,,derived,unreviewed,22,18424d5f3fc49f84d7a5095bc6d2a169a8d417a16e5d9ca1ee8fd7db1c2bc530
product:W361224,depthIn,known,24,,text,unreviewed,23,18424d5f3fc49f84d7a5095bc6d2a169a8d417a16e5d9ca1ee8fd7db1c2bc530
product:W361224,heightIn,known,12,,derived,unreviewed,23,18424d5f3fc49f84d7a5095bc6d2a169a8d417a16e5d9ca1ee8fd7db1c2bc530
product:W361224,manufacturerCategory,known,"24"" DEEP",,text,unreviewed,23,18424d5f3fc49f84d7a5095bc6d2a169a8d417a16e5d9ca1ee8fd7db1c2bc530
product:W361224,normalizedCategory,known,wall_cabinet,,derived,unreviewed,23,18424d5f3fc49f84d7a5095bc6d2a169a8d417a16e5d9ca1ee8fd7db1c2bc530
product:W361224,sku,known,W361224,,text,unreviewed,23,18424d5f3fc49f84d7a5095bc6d2a169a8d417a16e5d9ca1ee8fd7db1c2bc530
product:W361224,widthIn,known,36,,derived,unreviewed,23,18424d5f3fc49f84d7a5095bc6d2a169a8d417a16e5d9ca1ee8fd7db1c2bc530
product:W3615,depthIn,known,12,,text,unreviewed,22,18424d5f3fc49f84d7a5095bc6d2a169a8d417a16e5d9ca1ee8fd7db1c2bc530
product:W3615,heightIn,known,15,,derived,unreviewed,22,18424d5f3fc49f84d7a5095bc6d2a169a8d417a16e5d9ca1ee8fd7db1c2bc530
product:W3615,manufacturerCategory,known,"12""- 21"" HIGH",,text,unreviewed,22,18424d5f3fc49f84d7a5095bc6d2a169a8d417a16e5d9ca1ee8fd7db1c2bc530
product:W3615,normalizedCategory,known,wall_cabinet,,derived,unreviewed,22,18424d5f3fc49f84d7a5095bc6d2a169a8d417a16e5d9ca1ee8fd7db1c2bc530
product:W3615,sku,known,W3615,,text,unreviewed,22,18424d5f3fc49f84d7a5095bc6d2a169a8d417a16e5d9ca1ee8fd7db1c2bc530
product:W3615,widthIn,known,36,,derived,unreviewed,22,18424d5f3fc49f84d7a5095bc6d2a169a8d417a16e5d9ca1ee8fd7db1c2bc530
product:W361524,depthIn,known,24,,text,unreviewed,23,18424d5f3fc49f84d7a5095bc6d2a169a8d417a16e5d9ca1ee8fd7db1c2bc530
product:W361524,heightIn,known,15,,derived,unreviewed,23,18424d5f3fc49f84d7a5095bc6d2a169a8d417a16e5d9ca1ee8fd7db1c2bc530
product:W361524,manufacturerCategory,known,"24"" DEEP",,text,unreviewed,23,18424d5f3fc49f84d7a5095bc6d2a169a8d417a16e5d9ca1ee8fd7db1c2bc530
product:W361524,normalizedCategory,known,wall_cabinet,,derived,unreviewed,23,18424d5f3fc49f84d7a5095bc6d2a169a8d417a16e5d9ca1ee8fd7db1c2bc530
product:W361524,sku,known,W361524,,text,unreviewed,23,18424d5f3fc49f84d7a5095bc6d2a169a8d417a16e5d9ca1ee8fd7db1c2bc530
product:W361524,widthIn,known,36,,derived,unreviewed,23,18424d5f3fc49f84d7a5095bc6d2a169a8d417a16e5d9ca1ee8fd7db1c2bc530
product:W3618,depthIn,known,12,,text,unreviewed,22,18424d5f3fc49f84d7a5095bc6d2a169a8d417a16e5d9ca1ee8fd7db1c2bc530
product:W3618,heightIn,known,18,,derived,unreviewed,22,18424d5f3fc49f84d7a5095bc6d2a169a8d417a16e5d9ca1ee8fd7db1c2bc530
product:W3618,manufacturerCategory,known,"12""- 21"" HIGH",,text,unreviewed,22,18424d5f3fc49f84d7a5095bc6d2a169a8d417a16e5d9ca1ee8fd7db1c2bc530
product:W3618,normalizedCategory,known,wall_cabinet,,derived,unreviewed,22,18424d5f3fc49f84d7a5095bc6d2a169a8d417a16e5d9ca1ee8fd7db1c2bc530
product:W3618,sku,known,W3618,,text,unreviewed,22,18424d5f3fc49f84d7a5095bc6d2a169a8d417a16e5d9ca1ee8fd7db1c2bc530
product:W3618,widthIn,known,36,,derived,unreviewed,22,18424d5f3fc49f84d7a5095bc6d2a169a8d417a16e5d9ca1ee8fd7db1c2bc530
product:W361824,depthIn,known,24,,text,unreviewed,23,18424d5f3fc49f84d7a5095bc6d2a169a8d417a16e5d9ca1ee8fd7db1c2bc530
product:W361824,heightIn,known,18,,derived,unreviewed,23,18424d5f3fc49f84d7a5095bc6d2a169a8d417a16e5d9ca1ee8fd7db1c2bc530
product:W361824,manufacturerCategory,known,"24"" DEEP",,text,unreviewed,23,18424d5f3fc49f84d7a5095bc6d2a169a8d417a16e5d9ca1ee8fd7db1c2bc530
product:W361824,normalizedCategory,known,wall_cabinet,,derived,unreviewed,23,18424d5f3fc49f84d7a5095bc6d2a169a8d417a16e5d9ca1ee8fd7db1c2bc530
product:W361824,sku,known,W361824,,text,unreviewed,23,18424d5f3fc49f84d7a5095bc6d2a169a8d417a16e5d9ca1ee8fd7db1c2bc530
product:W361824,widthIn,known,36,,derived,unreviewed,23,18424d5f3fc49f84d7a5095bc6d2a169a8d417a16e5d9ca1ee8fd7db1c2bc530
product:W3621,depthIn,known,12,,text,unreviewed,22,18424d5f3fc49f84d7a5095bc6d2a169a8d417a16e5d9ca1ee8fd7db1c2bc530
product:W3621,heightIn,known,21,,derived,unreviewed,22,18424d5f3fc49f84d7a5095bc6d2a169a8d417a16e5d9ca1ee8fd7db1c2bc530
product:W3621,manufacturerCategory,known,"12""- 21"" HIGH",,text,unreviewed,22,18424d5f3fc49f84d7a5095bc6d2a169a8d417a16e5d9ca1ee8fd7db1c2bc530
product:W3621,normalizedCategory,known,wall_cabinet,,derived,unreviewed,22,18424d5f3fc49f84d7a5095bc6d2a169a8d417a16e5d9ca1ee8fd7db1c2bc530
product:W3621,sku,known,W3621,,text,unreviewed,22,18424d5f3fc49f84d7a5095bc6d2a169a8d417a16e5d9ca1ee8fd7db1c2bc530
product:W3621,widthIn,known,36,,derived,unreviewed,22,18424d5f3fc49f84d7a5095bc6d2a169a8d417a16e5d9ca1ee8fd7db1c2bc530
product:W362124,depthIn,known,24,,text,unreviewed,23,18424d5f3fc49f84d7a5095bc6d2a169a8d417a16e5d9ca1ee8fd7db1c2bc530
product:W362124,heightIn,known,21,,derived,unreviewed,23,18424d5f3fc49f84d7a5095bc6d2a169a8d417a16e5d9ca1ee8fd7db1c2bc530
product:W362124,manufacturerCategory,known,"24"" DEEP",,text,unreviewed,23,18424d5f3fc49f84d7a5095bc6d2a169a8d417a16e5d9ca1ee8fd7db1c2bc530
product:W362124,normalizedCategory,known,wall_cabinet,,derived,unreviewed,23,18424d5f3fc49f84d7a5095bc6d2a169a8d417a16e5d9ca1ee8fd7db1c2bc530
product:W362124,sku,known,W362124,,text,unreviewed,23,18424d5f3fc49f84d7a5095bc6d2a169a8d417a16e5d9ca1ee8fd7db1c2bc530
product:W362124,widthIn,known,36,,derived,unreviewed,23,18424d5f3fc49f84d7a5095bc6d2a169a8d417a16e5d9ca1ee8fd7db1c2bc530
product:W3624,depthIn,known,12,,text,unreviewed,22,18424d5f3fc49f84d7a5095bc6d2a169a8d417a16e5d9ca1ee8fd7db1c2bc530
product:W3624,heightIn,known,24,,derived,unreviewed,22,18424d5f3fc49f84d7a5095bc6d2a169a8d417a16e5d9ca1ee8fd7db1c2bc530
product:W3624,manufacturerCategory,known,"24"" HIGH DOUBLE DOOR",,text,unreviewed,22,18424d5f3fc49f84d7a5095bc6d2a169a8d417a16e5d9ca1ee8fd7db1c2bc530
product:W3624,normalizedCategory,known,wall_cabinet,,derived,unreviewed,22,18424d5f3fc49f84d7a5095bc6d2a169a8d417a16e5d9ca1ee8fd7db1c2bc530
product:W3624,sku,known,W3624,,text,unreviewed,22,18424d5f3fc49f84d7a5095bc6d2a169a8d417a16e5d9ca1ee8fd7db1c2bc530
product:W3624,widthIn,known,36,,derived,unreviewed,22,18424d5f3fc49f84d7a5095bc6d2a169a8d417a16e5d9ca1ee8fd7db1c2bc530
product:W362424,depthIn,known,24,,text,unreviewed,23,18424d5f3fc49f84d7a5095bc6d2a169a8d417a16e5d9ca1ee8fd7db1c2bc530
product:W362424,heightIn,known,24,,derived,unreviewed,23,18424d5f3fc49f84d7a5095bc6d2a169a8d417a16e5d9ca1ee8fd7db1c2bc530
product:W362424,manufacturerCategory,known,"24"" DEEP",,text,unreviewed,23,18424d5f3fc49f84d7a5095bc6d2a169a8d417a16e5d9ca1ee8fd7db1c2bc530
product:W362424,normalizedCategory,known,wall_cabinet,,derived,unreviewed,23,18424d5f3fc49f84d7a5095bc6d2a169a8d417a16e5d9ca1ee8fd7db1c2bc530
product:W362424,sku,known,W362424,,text,unreviewed,23,18424d5f3fc49f84d7a5095bc6d2a169a8d417a16e5d9ca1ee8fd7db1c2bc530
product:W362424,widthIn,known,36,,derived,unreviewed,23,18424d5f3fc49f84d7a5095bc6d2a169a8d417a16e5d9ca1ee8fd7db1c2bc530
product:W3630,depthIn,known,12,,text,unreviewed,25,18424d5f3fc49f84d7a5095bc6d2a169a8d417a16e5d9ca1ee8fd7db1c2bc530
product:W3630,heightIn,known,30,,derived,unreviewed,25,18424d5f3fc49f84d7a5095bc6d2a169a8d417a16e5d9ca1ee8fd7db1c2bc530
product:W3630,manufacturerCategory,known,DOUBLE DOOR,,text,unreviewed,25,18424d5f3fc49f84d7a5095bc6d2a169a8d417a16e5d9ca1ee8fd7db1c2bc530
product:W3630,normalizedCategory,known,wall_cabinet,,derived,unreviewed,25,18424d5f3fc49f84d7a5095bc6d2a169a8d417a16e5d9ca1ee8fd7db1c2bc530
product:W3630,sku,known,W3630,,text,unreviewed,25,18424d5f3fc49f84d7a5095bc6d2a169a8d417a16e5d9ca1ee8fd7db1c2bc530
product:W3630,widthIn,known,36,,derived,unreviewed,25,18424d5f3fc49f84d7a5095bc6d2a169a8d417a16e5d9ca1ee8fd7db1c2bc530
product:W3636,depthIn,known,12,,text,unreviewed,27,18424d5f3fc49f84d7a5095bc6d2a169a8d417a16e5d9ca1ee8fd7db1c2bc530
product:W3636,heightIn,known,36,,derived,unreviewed,27,18424d5f3fc49f84d7a5095bc6d2a169a8d417a16e5d9ca1ee8fd7db1c2bc530
product:W3636,manufacturerCategory,known,DOUBLE DOOR,,text,unreviewed,27,18424d5f3fc49f84d7a5095bc6d2a169a8d417a16e5d9ca1ee8fd7db1c2bc530
product:W3636,normalizedCategory,known,wall_cabinet,,derived,unreviewed,27,18424d5f3fc49f84d7a5095bc6d2a169a8d417a16e5d9ca1ee8fd7db1c2bc530
product:W3636,sku,known,W3636,,text,unreviewed,27,18424d5f3fc49f84d7a5095bc6d2a169a8d417a16e5d9ca1ee8fd7db1c2bc530
product:W3636,widthIn,known,36,,derived,unreviewed,27,18424d5f3fc49f84d7a5095bc6d2a169a8d417a16e5d9ca1ee8fd7db1c2bc530
product:W3639,sku,known,W3639,,text,unreviewed,29,18424d5f3fc49f84d7a5095bc6d2a169a8d417a16e5d9ca1ee8fd7db1c2bc530
product:W3639,manufacturerCategory,known,"39"" High Wall Cabinets",,text,unreviewed,29,18424d5f3fc49f84d7a5095bc6d2a169a8d417a16e5d9ca1ee8fd7db1c2bc530
product:W3639,normalizedCategory,known,wall_cabinet,,derived,unreviewed,29,18424d5f3fc49f84d7a5095bc6d2a169a8d417a16e5d9ca1ee8fd7db1c2bc530
product:W3639,heightIn,known,39,,vision,unreviewed,29,18424d5f3fc49f84d7a5095bc6d2a169a8d417a16e5d9ca1ee8fd7db1c2bc530
product:W3639,depthIn,known,12,,vision,unreviewed,29,18424d5f3fc49f84d7a5095bc6d2a169a8d417a16e5d9ca1ee8fd7db1c2bc530
product:W3639,widthIn,unknown,,No explicit per-SKU body width on this page; SKU digits retained only as an identifier.,text,unreviewed,29,18424d5f3fc49f84d7a5095bc6d2a169a8d417a16e5d9ca1ee8fd7db1c2bc530
product:W3642,sku,known,W3642,,text,unreviewed,31,18424d5f3fc49f84d7a5095bc6d2a169a8d417a16e5d9ca1ee8fd7db1c2bc530
product:W3642,manufacturerCategory,known,"42"" High Wall Cabinets",,text,unreviewed,31,18424d5f3fc49f84d7a5095bc6d2a169a8d417a16e5d9ca1ee8fd7db1c2bc530
product:W3642,normalizedCategory,known,wall_cabinet,,derived,unreviewed,31,18424d5f3fc49f84d7a5095bc6d2a169a8d417a16e5d9ca1ee8fd7db1c2bc530
product:W3642,heightIn,known,42,,vision,unreviewed,31,18424d5f3fc49f84d7a5095bc6d2a169a8d417a16e5d9ca1ee8fd7db1c2bc530
product:W3642,depthIn,known,12,,vision,unreviewed,31,18424d5f3fc49f84d7a5095bc6d2a169a8d417a16e5d9ca1ee8fd7db1c2bc530
product:W3642,widthIn,unknown,,No explicit per-SKU body width on this page; SKU digits retained only as an identifier.,text,unreviewed,31,18424d5f3fc49f84d7a5095bc6d2a169a8d417a16e5d9ca1ee8fd7db1c2bc530
product:W3930,depthIn,known,12,,text,unreviewed,25,18424d5f3fc49f84d7a5095bc6d2a169a8d417a16e5d9ca1ee8fd7db1c2bc530
product:W3930,heightIn,known,30,,derived,unreviewed,25,18424d5f3fc49f84d7a5095bc6d2a169a8d417a16e5d9ca1ee8fd7db1c2bc530
product:W3930,manufacturerCategory,known,DOUBLE DOOR,,text,unreviewed,25,18424d5f3fc49f84d7a5095bc6d2a169a8d417a16e5d9ca1ee8fd7db1c2bc530
product:W3930,normalizedCategory,known,wall_cabinet,,derived,unreviewed,25,18424d5f3fc49f84d7a5095bc6d2a169a8d417a16e5d9ca1ee8fd7db1c2bc530
product:W3930,sku,known,W3930,,text,unreviewed,25,18424d5f3fc49f84d7a5095bc6d2a169a8d417a16e5d9ca1ee8fd7db1c2bc530
product:W3930,widthIn,known,39,,derived,unreviewed,25,18424d5f3fc49f84d7a5095bc6d2a169a8d417a16e5d9ca1ee8fd7db1c2bc530
product:W3936,depthIn,known,12,,text,unreviewed,27,18424d5f3fc49f84d7a5095bc6d2a169a8d417a16e5d9ca1ee8fd7db1c2bc530
product:W3936,heightIn,known,36,,derived,unreviewed,27,18424d5f3fc49f84d7a5095bc6d2a169a8d417a16e5d9ca1ee8fd7db1c2bc530
product:W3936,manufacturerCategory,known,DOUBLE DOOR,,text,unreviewed,27,18424d5f3fc49f84d7a5095bc6d2a169a8d417a16e5d9ca1ee8fd7db1c2bc530
product:W3936,normalizedCategory,known,wall_cabinet,,derived,unreviewed,27,18424d5f3fc49f84d7a5095bc6d2a169a8d417a16e5d9ca1ee8fd7db1c2bc530
product:W3936,sku,known,W3936,,text,unreviewed,27,18424d5f3fc49f84d7a5095bc6d2a169a8d417a16e5d9ca1ee8fd7db1c2bc530
product:W3936,widthIn,known,39,,derived,unreviewed,27,18424d5f3fc49f84d7a5095bc6d2a169a8d417a16e5d9ca1ee8fd7db1c2bc530
product:W3939,sku,known,W3939,,text,unreviewed,29,18424d5f3fc49f84d7a5095bc6d2a169a8d417a16e5d9ca1ee8fd7db1c2bc530
product:W3939,manufacturerCategory,known,"39"" High Wall Cabinets",,text,unreviewed,29,18424d5f3fc49f84d7a5095bc6d2a169a8d417a16e5d9ca1ee8fd7db1c2bc530
product:W3939,normalizedCategory,known,wall_cabinet,,derived,unreviewed,29,18424d5f3fc49f84d7a5095bc6d2a169a8d417a16e5d9ca1ee8fd7db1c2bc530
product:W3939,heightIn,known,39,,vision,unreviewed,29,18424d5f3fc49f84d7a5095bc6d2a169a8d417a16e5d9ca1ee8fd7db1c2bc530
product:W3939,depthIn,known,12,,vision,unreviewed,29,18424d5f3fc49f84d7a5095bc6d2a169a8d417a16e5d9ca1ee8fd7db1c2bc530
product:W3939,widthIn,unknown,,No explicit per-SKU body width on this page; SKU digits retained only as an identifier.,text,unreviewed,29,18424d5f3fc49f84d7a5095bc6d2a169a8d417a16e5d9ca1ee8fd7db1c2bc530
product:W3939,centerStileWidthIn,known,1.5,,text,unreviewed,29,18424d5f3fc49f84d7a5095bc6d2a169a8d417a16e5d9ca1ee8fd7db1c2bc530
product:W3942,sku,known,W3942,,text,unreviewed,31,18424d5f3fc49f84d7a5095bc6d2a169a8d417a16e5d9ca1ee8fd7db1c2bc530
product:W3942,manufacturerCategory,known,"42"" High Wall Cabinets",,text,unreviewed,31,18424d5f3fc49f84d7a5095bc6d2a169a8d417a16e5d9ca1ee8fd7db1c2bc530
product:W3942,normalizedCategory,known,wall_cabinet,,derived,unreviewed,31,18424d5f3fc49f84d7a5095bc6d2a169a8d417a16e5d9ca1ee8fd7db1c2bc530
product:W3942,heightIn,known,42,,vision,unreviewed,31,18424d5f3fc49f84d7a5095bc6d2a169a8d417a16e5d9ca1ee8fd7db1c2bc530
product:W3942,depthIn,known,12,,vision,unreviewed,31,18424d5f3fc49f84d7a5095bc6d2a169a8d417a16e5d9ca1ee8fd7db1c2bc530
product:W3942,widthIn,unknown,,No explicit per-SKU body width on this page; SKU digits retained only as an identifier.,text,unreviewed,31,18424d5f3fc49f84d7a5095bc6d2a169a8d417a16e5d9ca1ee8fd7db1c2bc530
product:W3942,centerStileWidthIn,known,1.5,,text,unreviewed,31,18424d5f3fc49f84d7a5095bc6d2a169a8d417a16e5d9ca1ee8fd7db1c2bc530
product:W421224LU,depthIn,known,24,,text,unreviewed,23,18424d5f3fc49f84d7a5095bc6d2a169a8d417a16e5d9ca1ee8fd7db1c2bc530
product:W421224LU,heightIn,known,12,,derived,unreviewed,23,18424d5f3fc49f84d7a5095bc6d2a169a8d417a16e5d9ca1ee8fd7db1c2bc530
product:W421224LU,manufacturerCategory,known,LIFT-UP,,text,unreviewed,23,18424d5f3fc49f84d7a5095bc6d2a169a8d417a16e5d9ca1ee8fd7db1c2bc530
product:W421224LU,normalizedCategory,known,wall_cabinet,,derived,unreviewed,23,18424d5f3fc49f84d7a5095bc6d2a169a8d417a16e5d9ca1ee8fd7db1c2bc530
product:W421224LU,sku,known,W421224LU,,text,unreviewed,23,18424d5f3fc49f84d7a5095bc6d2a169a8d417a16e5d9ca1ee8fd7db1c2bc530
product:W421224LU,widthIn,known,42,,derived,unreviewed,23,18424d5f3fc49f84d7a5095bc6d2a169a8d417a16e5d9ca1ee8fd7db1c2bc530
product:W481224LU,depthIn,known,24,,text,unreviewed,23,18424d5f3fc49f84d7a5095bc6d2a169a8d417a16e5d9ca1ee8fd7db1c2bc530
product:W481224LU,heightIn,known,12,,derived,unreviewed,23,18424d5f3fc49f84d7a5095bc6d2a169a8d417a16e5d9ca1ee8fd7db1c2bc530
product:W481224LU,manufacturerCategory,known,LIFT-UP,,text,unreviewed,23,18424d5f3fc49f84d7a5095bc6d2a169a8d417a16e5d9ca1ee8fd7db1c2bc530
product:W481224LU,normalizedCategory,known,wall_cabinet,,derived,unreviewed,23,18424d5f3fc49f84d7a5095bc6d2a169a8d417a16e5d9ca1ee8fd7db1c2bc530
product:W481224LU,sku,known,W481224LU,,text,unreviewed,23,18424d5f3fc49f84d7a5095bc6d2a169a8d417a16e5d9ca1ee8fd7db1c2bc530
product:W481224LU,widthIn,known,48,,derived,unreviewed,23,18424d5f3fc49f84d7a5095bc6d2a169a8d417a16e5d9ca1ee8fd7db1c2bc530
product:WBC2430,depthIn,known,12,,text,unreviewed,25,18424d5f3fc49f84d7a5095bc6d2a169a8d417a16e5d9ca1ee8fd7db1c2bc530
product:WBC2430,heightIn,known,30,,text,unreviewed,25,18424d5f3fc49f84d7a5095bc6d2a169a8d417a16e5d9ca1ee8fd7db1c2bc530
product:WBC2430,manufacturerCategory,known,SINGLE DOOR BLIND,,text,unreviewed,25,18424d5f3fc49f84d7a5095bc6d2a169a8d417a16e5d9ca1ee8fd7db1c2bc530
product:WBC2430,normalizedCategory,known,wall_cabinet,,derived,unreviewed,25,18424d5f3fc49f84d7a5095bc6d2a169a8d417a16e5d9ca1ee8fd7db1c2bc530
product:WBC2430,sku,known,WBC2430,,text,unreviewed,25,18424d5f3fc49f84d7a5095bc6d2a169a8d417a16e5d9ca1ee8fd7db1c2bc530
product:WBC2430,widthIn,known,24,,derived,unreviewed,25,18424d5f3fc49f84d7a5095bc6d2a169a8d417a16e5d9ca1ee8fd7db1c2bc530
product:WBC2436,depthIn,known,12,,text,unreviewed,27,18424d5f3fc49f84d7a5095bc6d2a169a8d417a16e5d9ca1ee8fd7db1c2bc530
product:WBC2436,heightIn,known,36,,text,unreviewed,27,18424d5f3fc49f84d7a5095bc6d2a169a8d417a16e5d9ca1ee8fd7db1c2bc530
product:WBC2436,manufacturerCategory,known,SINGLE DOOR BLIND,,text,unreviewed,27,18424d5f3fc49f84d7a5095bc6d2a169a8d417a16e5d9ca1ee8fd7db1c2bc530
product:WBC2436,normalizedCategory,known,wall_cabinet,,derived,unreviewed,27,18424d5f3fc49f84d7a5095bc6d2a169a8d417a16e5d9ca1ee8fd7db1c2bc530
product:WBC2436,sku,known,WBC2436,,text,unreviewed,27,18424d5f3fc49f84d7a5095bc6d2a169a8d417a16e5d9ca1ee8fd7db1c2bc530
product:WBC2436,widthIn,known,24,,derived,unreviewed,27,18424d5f3fc49f84d7a5095bc6d2a169a8d417a16e5d9ca1ee8fd7db1c2bc530
product:WBC2439,sku,known,WBC2439,,text,unreviewed,29,18424d5f3fc49f84d7a5095bc6d2a169a8d417a16e5d9ca1ee8fd7db1c2bc530
product:WBC2439,manufacturerCategory,known,"39"" High Wall Cabinets",,text,unreviewed,29,18424d5f3fc49f84d7a5095bc6d2a169a8d417a16e5d9ca1ee8fd7db1c2bc530
product:WBC2439,normalizedCategory,known,wall_cabinet,,derived,unreviewed,29,18424d5f3fc49f84d7a5095bc6d2a169a8d417a16e5d9ca1ee8fd7db1c2bc530
product:WBC2439,heightIn,known,39,,vision,unreviewed,29,18424d5f3fc49f84d7a5095bc6d2a169a8d417a16e5d9ca1ee8fd7db1c2bc530
product:WBC2439,depthIn,known,12,,vision,unreviewed,29,18424d5f3fc49f84d7a5095bc6d2a169a8d417a16e5d9ca1ee8fd7db1c2bc530
product:WBC2439,widthIn,unknown,,No explicit per-SKU body width on this page; SKU digits retained only as an identifier.,text,unreviewed,29,18424d5f3fc49f84d7a5095bc6d2a169a8d417a16e5d9ca1ee8fd7db1c2bc530
product:WBC2442,sku,known,WBC2442,,text,unreviewed,31,18424d5f3fc49f84d7a5095bc6d2a169a8d417a16e5d9ca1ee8fd7db1c2bc530
product:WBC2442,manufacturerCategory,known,"42"" High Wall Cabinets",,text,unreviewed,31,18424d5f3fc49f84d7a5095bc6d2a169a8d417a16e5d9ca1ee8fd7db1c2bc530
product:WBC2442,normalizedCategory,known,wall_cabinet,,derived,unreviewed,31,18424d5f3fc49f84d7a5095bc6d2a169a8d417a16e5d9ca1ee8fd7db1c2bc530
product:WBC2442,heightIn,known,42,,vision,unreviewed,31,18424d5f3fc49f84d7a5095bc6d2a169a8d417a16e5d9ca1ee8fd7db1c2bc530
product:WBC2442,depthIn,known,12,,vision,unreviewed,31,18424d5f3fc49f84d7a5095bc6d2a169a8d417a16e5d9ca1ee8fd7db1c2bc530
product:WBC2442,widthIn,known,24,,table,unreviewed,31,18424d5f3fc49f84d7a5095bc6d2a169a8d417a16e5d9ca1ee8fd7db1c2bc530
product:WBC2442,maximumInstalledWidthIn,known,27,,table,unreviewed,31,18424d5f3fc49f84d7a5095bc6d2a169a8d417a16e5d9ca1ee8fd7db1c2bc530
product:WBC2442,doorWidthIn,known,9.5,,table,unreviewed,31,18424d5f3fc49f84d7a5095bc6d2a169a8d417a16e5d9ca1ee8fd7db1c2bc530
product:WBC2442,stileWidthIn,known,7,,table,unreviewed,31,18424d5f3fc49f84d7a5095bc6d2a169a8d417a16e5d9ca1ee8fd7db1c2bc530
product:WBC2442,doorSideOpeningIn,known,7,,table,unreviewed,31,18424d5f3fc49f84d7a5095bc6d2a169a8d417a16e5d9ca1ee8fd7db1c2bc530
product:WBC3030,depthIn,known,12,,text,unreviewed,25,18424d5f3fc49f84d7a5095bc6d2a169a8d417a16e5d9ca1ee8fd7db1c2bc530
product:WBC3030,heightIn,known,30,,text,unreviewed,25,18424d5f3fc49f84d7a5095bc6d2a169a8d417a16e5d9ca1ee8fd7db1c2bc530
product:WBC3030,manufacturerCategory,known,SINGLE DOOR BLIND,,text,unreviewed,25,18424d5f3fc49f84d7a5095bc6d2a169a8d417a16e5d9ca1ee8fd7db1c2bc530
product:WBC3030,normalizedCategory,known,wall_cabinet,,derived,unreviewed,25,18424d5f3fc49f84d7a5095bc6d2a169a8d417a16e5d9ca1ee8fd7db1c2bc530
product:WBC3030,sku,known,WBC3030,,text,unreviewed,25,18424d5f3fc49f84d7a5095bc6d2a169a8d417a16e5d9ca1ee8fd7db1c2bc530
product:WBC3030,widthIn,known,30,,derived,unreviewed,25,18424d5f3fc49f84d7a5095bc6d2a169a8d417a16e5d9ca1ee8fd7db1c2bc530
product:WBC3036,depthIn,known,12,,text,unreviewed,27,18424d5f3fc49f84d7a5095bc6d2a169a8d417a16e5d9ca1ee8fd7db1c2bc530
product:WBC3036,heightIn,known,36,,text,unreviewed,27,18424d5f3fc49f84d7a5095bc6d2a169a8d417a16e5d9ca1ee8fd7db1c2bc530
product:WBC3036,manufacturerCategory,known,SINGLE DOOR BLIND,,text,unreviewed,27,18424d5f3fc49f84d7a5095bc6d2a169a8d417a16e5d9ca1ee8fd7db1c2bc530
product:WBC3036,normalizedCategory,known,wall_cabinet,,derived,unreviewed,27,18424d5f3fc49f84d7a5095bc6d2a169a8d417a16e5d9ca1ee8fd7db1c2bc530
product:WBC3036,sku,known,WBC3036,,text,unreviewed,27,18424d5f3fc49f84d7a5095bc6d2a169a8d417a16e5d9ca1ee8fd7db1c2bc530
product:WBC3036,widthIn,known,30,,derived,unreviewed,27,18424d5f3fc49f84d7a5095bc6d2a169a8d417a16e5d9ca1ee8fd7db1c2bc530
product:WBC3039,sku,known,WBC3039,,text,unreviewed,29,18424d5f3fc49f84d7a5095bc6d2a169a8d417a16e5d9ca1ee8fd7db1c2bc530
product:WBC3039,manufacturerCategory,known,"39"" High Wall Cabinets",,text,unreviewed,29,18424d5f3fc49f84d7a5095bc6d2a169a8d417a16e5d9ca1ee8fd7db1c2bc530
product:WBC3039,normalizedCategory,known,wall_cabinet,,derived,unreviewed,29,18424d5f3fc49f84d7a5095bc6d2a169a8d417a16e5d9ca1ee8fd7db1c2bc530
product:WBC3039,heightIn,known,39,,vision,unreviewed,29,18424d5f3fc49f84d7a5095bc6d2a169a8d417a16e5d9ca1ee8fd7db1c2bc530
product:WBC3039,depthIn,known,12,,vision,unreviewed,29,18424d5f3fc49f84d7a5095bc6d2a169a8d417a16e5d9ca1ee8fd7db1c2bc530
product:WBC3039,widthIn,unknown,,No explicit per-SKU body width on this page; SKU digits retained only as an identifier.,text,unreviewed,29,18424d5f3fc49f84d7a5095bc6d2a169a8d417a16e5d9ca1ee8fd7db1c2bc530
product:WBC3042,sku,known,WBC3042,,text,unreviewed,31,18424d5f3fc49f84d7a5095bc6d2a169a8d417a16e5d9ca1ee8fd7db1c2bc530
product:WBC3042,manufacturerCategory,known,"42"" High Wall Cabinets",,text,unreviewed,31,18424d5f3fc49f84d7a5095bc6d2a169a8d417a16e5d9ca1ee8fd7db1c2bc530
product:WBC3042,normalizedCategory,known,wall_cabinet,,derived,unreviewed,31,18424d5f3fc49f84d7a5095bc6d2a169a8d417a16e5d9ca1ee8fd7db1c2bc530
product:WBC3042,heightIn,known,42,,vision,unreviewed,31,18424d5f3fc49f84d7a5095bc6d2a169a8d417a16e5d9ca1ee8fd7db1c2bc530
product:WBC3042,depthIn,known,12,,vision,unreviewed,31,18424d5f3fc49f84d7a5095bc6d2a169a8d417a16e5d9ca1ee8fd7db1c2bc530
product:WBC3042,widthIn,known,30,,table,unreviewed,31,18424d5f3fc49f84d7a5095bc6d2a169a8d417a16e5d9ca1ee8fd7db1c2bc530
product:WBC3042,maximumInstalledWidthIn,known,33,,table,unreviewed,31,18424d5f3fc49f84d7a5095bc6d2a169a8d417a16e5d9ca1ee8fd7db1c2bc530
product:WBC3042,doorWidthIn,known,14.75,,table,unreviewed,31,18424d5f3fc49f84d7a5095bc6d2a169a8d417a16e5d9ca1ee8fd7db1c2bc530
product:WBC3042,stileWidthIn,known,7.75,,table,unreviewed,31,18424d5f3fc49f84d7a5095bc6d2a169a8d417a16e5d9ca1ee8fd7db1c2bc530
product:WBC3042,doorSideOpeningIn,known,12.25,,table,unreviewed,31,18424d5f3fc49f84d7a5095bc6d2a169a8d417a16e5d9ca1ee8fd7db1c2bc530
product:WBC3630,depthIn,known,12,,text,unreviewed,25,18424d5f3fc49f84d7a5095bc6d2a169a8d417a16e5d9ca1ee8fd7db1c2bc530
product:WBC3630,heightIn,known,30,,text,unreviewed,25,18424d5f3fc49f84d7a5095bc6d2a169a8d417a16e5d9ca1ee8fd7db1c2bc530
product:WBC3630,manufacturerCategory,known,SINGLE DOOR BLIND,,text,unreviewed,25,18424d5f3fc49f84d7a5095bc6d2a169a8d417a16e5d9ca1ee8fd7db1c2bc530
product:WBC3630,normalizedCategory,known,wall_cabinet,,derived,unreviewed,25,18424d5f3fc49f84d7a5095bc6d2a169a8d417a16e5d9ca1ee8fd7db1c2bc530
product:WBC3630,sku,known,WBC3630,,text,unreviewed,25,18424d5f3fc49f84d7a5095bc6d2a169a8d417a16e5d9ca1ee8fd7db1c2bc530
product:WBC3630,widthIn,known,36,,derived,unreviewed,25,18424d5f3fc49f84d7a5095bc6d2a169a8d417a16e5d9ca1ee8fd7db1c2bc530
product:WBC3636,depthIn,known,12,,text,unreviewed,27,18424d5f3fc49f84d7a5095bc6d2a169a8d417a16e5d9ca1ee8fd7db1c2bc530
product:WBC3636,heightIn,known,36,,text,unreviewed,27,18424d5f3fc49f84d7a5095bc6d2a169a8d417a16e5d9ca1ee8fd7db1c2bc530
product:WBC3636,manufacturerCategory,known,SINGLE DOOR BLIND,,text,unreviewed,27,18424d5f3fc49f84d7a5095bc6d2a169a8d417a16e5d9ca1ee8fd7db1c2bc530
product:WBC3636,normalizedCategory,known,wall_cabinet,,derived,unreviewed,27,18424d5f3fc49f84d7a5095bc6d2a169a8d417a16e5d9ca1ee8fd7db1c2bc530
product:WBC3636,sku,known,WBC3636,,text,unreviewed,27,18424d5f3fc49f84d7a5095bc6d2a169a8d417a16e5d9ca1ee8fd7db1c2bc530
product:WBC3636,widthIn,known,36,,derived,unreviewed,27,18424d5f3fc49f84d7a5095bc6d2a169a8d417a16e5d9ca1ee8fd7db1c2bc530
product:WBC3639,sku,known,WBC3639,,text,unreviewed,29,18424d5f3fc49f84d7a5095bc6d2a169a8d417a16e5d9ca1ee8fd7db1c2bc530
product:WBC3639,manufacturerCategory,known,"39"" High Wall Cabinets",,text,unreviewed,29,18424d5f3fc49f84d7a5095bc6d2a169a8d417a16e5d9ca1ee8fd7db1c2bc530
product:WBC3639,normalizedCategory,known,wall_cabinet,,derived,unreviewed,29,18424d5f3fc49f84d7a5095bc6d2a169a8d417a16e5d9ca1ee8fd7db1c2bc530
product:WBC3639,heightIn,known,39,,vision,unreviewed,29,18424d5f3fc49f84d7a5095bc6d2a169a8d417a16e5d9ca1ee8fd7db1c2bc530
product:WBC3639,depthIn,known,12,,vision,unreviewed,29,18424d5f3fc49f84d7a5095bc6d2a169a8d417a16e5d9ca1ee8fd7db1c2bc530
product:WBC3639,widthIn,unknown,,No explicit per-SKU body width on this page; SKU digits retained only as an identifier.,text,unreviewed,29,18424d5f3fc49f84d7a5095bc6d2a169a8d417a16e5d9ca1ee8fd7db1c2bc530
product:WBC3642,sku,known,WBC3642,,text,unreviewed,31,18424d5f3fc49f84d7a5095bc6d2a169a8d417a16e5d9ca1ee8fd7db1c2bc530
product:WBC3642,manufacturerCategory,known,"42"" High Wall Cabinets",,text,unreviewed,31,18424d5f3fc49f84d7a5095bc6d2a169a8d417a16e5d9ca1ee8fd7db1c2bc530
product:WBC3642,normalizedCategory,known,wall_cabinet,,derived,unreviewed,31,18424d5f3fc49f84d7a5095bc6d2a169a8d417a16e5d9ca1ee8fd7db1c2bc530
product:WBC3642,heightIn,known,42,,vision,unreviewed,31,18424d5f3fc49f84d7a5095bc6d2a169a8d417a16e5d9ca1ee8fd7db1c2bc530
product:WBC3642,depthIn,known,12,,vision,unreviewed,31,18424d5f3fc49f84d7a5095bc6d2a169a8d417a16e5d9ca1ee8fd7db1c2bc530
product:WBC3642,widthIn,known,36,,table,unreviewed,31,18424d5f3fc49f84d7a5095bc6d2a169a8d417a16e5d9ca1ee8fd7db1c2bc530
product:WBC3642,maximumInstalledWidthIn,known,39,,table,unreviewed,31,18424d5f3fc49f84d7a5095bc6d2a169a8d417a16e5d9ca1ee8fd7db1c2bc530
product:WBC3642,doorWidthIn,known,21.5,,table,unreviewed,31,18424d5f3fc49f84d7a5095bc6d2a169a8d417a16e5d9ca1ee8fd7db1c2bc530
product:WBC3642,stileWidthIn,known,7,,table,unreviewed,31,18424d5f3fc49f84d7a5095bc6d2a169a8d417a16e5d9ca1ee8fd7db1c2bc530
product:WBC3642,doorSideOpeningIn,known,19,,table,unreviewed,31,18424d5f3fc49f84d7a5095bc6d2a169a8d417a16e5d9ca1ee8fd7db1c2bc530
product:WF330,sku,known,WF330,,text,unreviewed,91,18424d5f3fc49f84d7a5095bc6d2a169a8d417a16e5d9ca1ee8fd7db1c2bc530
product:WF330,manufacturerCategory,known,Fillers,,text,unreviewed,91,18424d5f3fc49f84d7a5095bc6d2a169a8d417a16e5d9ca1ee8fd7db1c2bc530
product:WF330,normalizedCategory,known,filler,,derived,unreviewed,91,18424d5f3fc49f84d7a5095bc6d2a169a8d417a16e5d9ca1ee8fd7db1c2bc530
product:WF330,widthIn,unknown,,No explicit per-SKU dimension mapping/thickness; do not infer from SKU digits or unrelated material specifications.,text,unreviewed,91,18424d5f3fc49f84d7a5095bc6d2a169a8d417a16e5d9ca1ee8fd7db1c2bc530
product:WF330,heightIn,unknown,,No explicit per-SKU dimension mapping/thickness; do not infer from SKU digits or unrelated material specifications.,text,unreviewed,91,18424d5f3fc49f84d7a5095bc6d2a169a8d417a16e5d9ca1ee8fd7db1c2bc530
product:WF330,thicknessIn,unknown,,No explicit per-SKU dimension mapping/thickness; do not infer from SKU digits or unrelated material specifications.,text,unreviewed,91,18424d5f3fc49f84d7a5095bc6d2a169a8d417a16e5d9ca1ee8fd7db1c2bc530
product:WF330,finishedSurfaces,known,All four edges and front face,,text,unreviewed,91,18424d5f3fc49f84d7a5095bc6d2a169a8d417a16e5d9ca1ee8fd7db1c2bc530
product:WF336,sku,known,WF336,,text,unreviewed,91,18424d5f3fc49f84d7a5095bc6d2a169a8d417a16e5d9ca1ee8fd7db1c2bc530
product:WF336,manufacturerCategory,known,Fillers,,text,unreviewed,91,18424d5f3fc49f84d7a5095bc6d2a169a8d417a16e5d9ca1ee8fd7db1c2bc530
product:WF336,normalizedCategory,known,filler,,derived,unreviewed,91,18424d5f3fc49f84d7a5095bc6d2a169a8d417a16e5d9ca1ee8fd7db1c2bc530
product:WF336,widthIn,unknown,,No explicit per-SKU dimension mapping/thickness; do not infer from SKU digits or unrelated material specifications.,text,unreviewed,91,18424d5f3fc49f84d7a5095bc6d2a169a8d417a16e5d9ca1ee8fd7db1c2bc530
product:WF336,heightIn,unknown,,No explicit per-SKU dimension mapping/thickness; do not infer from SKU digits or unrelated material specifications.,text,unreviewed,91,18424d5f3fc49f84d7a5095bc6d2a169a8d417a16e5d9ca1ee8fd7db1c2bc530
product:WF336,thicknessIn,unknown,,No explicit per-SKU dimension mapping/thickness; do not infer from SKU digits or unrelated material specifications.,text,unreviewed,91,18424d5f3fc49f84d7a5095bc6d2a169a8d417a16e5d9ca1ee8fd7db1c2bc530
product:WF336,finishedSurfaces,known,All four edges and front face,,text,unreviewed,91,18424d5f3fc49f84d7a5095bc6d2a169a8d417a16e5d9ca1ee8fd7db1c2bc530
product:WF339,sku,known,WF339,,text,unreviewed,91,18424d5f3fc49f84d7a5095bc6d2a169a8d417a16e5d9ca1ee8fd7db1c2bc530
product:WF339,manufacturerCategory,known,Fillers,,text,unreviewed,91,18424d5f3fc49f84d7a5095bc6d2a169a8d417a16e5d9ca1ee8fd7db1c2bc530
product:WF339,normalizedCategory,known,filler,,derived,unreviewed,91,18424d5f3fc49f84d7a5095bc6d2a169a8d417a16e5d9ca1ee8fd7db1c2bc530
product:WF339,widthIn,unknown,,No explicit per-SKU dimension mapping/thickness; do not infer from SKU digits or unrelated material specifications.,text,unreviewed,91,18424d5f3fc49f84d7a5095bc6d2a169a8d417a16e5d9ca1ee8fd7db1c2bc530
product:WF339,heightIn,unknown,,No explicit per-SKU dimension mapping/thickness; do not infer from SKU digits or unrelated material specifications.,text,unreviewed,91,18424d5f3fc49f84d7a5095bc6d2a169a8d417a16e5d9ca1ee8fd7db1c2bc530
product:WF339,thicknessIn,unknown,,No explicit per-SKU dimension mapping/thickness; do not infer from SKU digits or unrelated material specifications.,text,unreviewed,91,18424d5f3fc49f84d7a5095bc6d2a169a8d417a16e5d9ca1ee8fd7db1c2bc530
product:WF339,finishedSurfaces,known,All four edges and front face,,text,unreviewed,91,18424d5f3fc49f84d7a5095bc6d2a169a8d417a16e5d9ca1ee8fd7db1c2bc530
product:WF342,sku,known,WF342,,text,unreviewed,91,18424d5f3fc49f84d7a5095bc6d2a169a8d417a16e5d9ca1ee8fd7db1c2bc530
product:WF342,manufacturerCategory,known,Fillers,,text,unreviewed,91,18424d5f3fc49f84d7a5095bc6d2a169a8d417a16e5d9ca1ee8fd7db1c2bc530
product:WF342,normalizedCategory,known,filler,,derived,unreviewed,91,18424d5f3fc49f84d7a5095bc6d2a169a8d417a16e5d9ca1ee8fd7db1c2bc530
product:WF342,widthIn,unknown,,No explicit per-SKU dimension mapping/thickness; do not infer from SKU digits or unrelated material specifications.,text,unreviewed,91,18424d5f3fc49f84d7a5095bc6d2a169a8d417a16e5d9ca1ee8fd7db1c2bc530
product:WF342,heightIn,unknown,,No explicit per-SKU dimension mapping/thickness; do not infer from SKU digits or unrelated material specifications.,text,unreviewed,91,18424d5f3fc49f84d7a5095bc6d2a169a8d417a16e5d9ca1ee8fd7db1c2bc530
product:WF342,thicknessIn,unknown,,No explicit per-SKU dimension mapping/thickness; do not infer from SKU digits or unrelated material specifications.,text,unreviewed,91,18424d5f3fc49f84d7a5095bc6d2a169a8d417a16e5d9ca1ee8fd7db1c2bc530
product:WF342,finishedSurfaces,known,All four edges and front face,,text,unreviewed,91,18424d5f3fc49f84d7a5095bc6d2a169a8d417a16e5d9ca1ee8fd7db1c2bc530
product:WF630,sku,known,WF630,,text,unreviewed,91,18424d5f3fc49f84d7a5095bc6d2a169a8d417a16e5d9ca1ee8fd7db1c2bc530
product:WF630,manufacturerCategory,known,Fillers,,text,unreviewed,91,18424d5f3fc49f84d7a5095bc6d2a169a8d417a16e5d9ca1ee8fd7db1c2bc530
product:WF630,normalizedCategory,known,filler,,derived,unreviewed,91,18424d5f3fc49f84d7a5095bc6d2a169a8d417a16e5d9ca1ee8fd7db1c2bc530
product:WF630,widthIn,unknown,,No explicit per-SKU dimension mapping/thickness; do not infer from SKU digits or unrelated material specifications.,text,unreviewed,91,18424d5f3fc49f84d7a5095bc6d2a169a8d417a16e5d9ca1ee8fd7db1c2bc530
product:WF630,heightIn,unknown,,No explicit per-SKU dimension mapping/thickness; do not infer from SKU digits or unrelated material specifications.,text,unreviewed,91,18424d5f3fc49f84d7a5095bc6d2a169a8d417a16e5d9ca1ee8fd7db1c2bc530
product:WF630,thicknessIn,unknown,,No explicit per-SKU dimension mapping/thickness; do not infer from SKU digits or unrelated material specifications.,text,unreviewed,91,18424d5f3fc49f84d7a5095bc6d2a169a8d417a16e5d9ca1ee8fd7db1c2bc530
product:WF630,finishedSurfaces,known,All four edges and front face,,text,unreviewed,91,18424d5f3fc49f84d7a5095bc6d2a169a8d417a16e5d9ca1ee8fd7db1c2bc530
product:WF636,sku,known,WF636,,text,unreviewed,91,18424d5f3fc49f84d7a5095bc6d2a169a8d417a16e5d9ca1ee8fd7db1c2bc530
product:WF636,manufacturerCategory,known,Fillers,,text,unreviewed,91,18424d5f3fc49f84d7a5095bc6d2a169a8d417a16e5d9ca1ee8fd7db1c2bc530
product:WF636,normalizedCategory,known,filler,,derived,unreviewed,91,18424d5f3fc49f84d7a5095bc6d2a169a8d417a16e5d9ca1ee8fd7db1c2bc530
product:WF636,widthIn,unknown,,No explicit per-SKU dimension mapping/thickness; do not infer from SKU digits or unrelated material specifications.,text,unreviewed,91,18424d5f3fc49f84d7a5095bc6d2a169a8d417a16e5d9ca1ee8fd7db1c2bc530
product:WF636,heightIn,unknown,,No explicit per-SKU dimension mapping/thickness; do not infer from SKU digits or unrelated material specifications.,text,unreviewed,91,18424d5f3fc49f84d7a5095bc6d2a169a8d417a16e5d9ca1ee8fd7db1c2bc530
product:WF636,thicknessIn,unknown,,No explicit per-SKU dimension mapping/thickness; do not infer from SKU digits or unrelated material specifications.,text,unreviewed,91,18424d5f3fc49f84d7a5095bc6d2a169a8d417a16e5d9ca1ee8fd7db1c2bc530
product:WF636,finishedSurfaces,known,All four edges and front face,,text,unreviewed,91,18424d5f3fc49f84d7a5095bc6d2a169a8d417a16e5d9ca1ee8fd7db1c2bc530
product:WF639,sku,known,WF639,,text,unreviewed,91,18424d5f3fc49f84d7a5095bc6d2a169a8d417a16e5d9ca1ee8fd7db1c2bc530
product:WF639,manufacturerCategory,known,Fillers,,text,unreviewed,91,18424d5f3fc49f84d7a5095bc6d2a169a8d417a16e5d9ca1ee8fd7db1c2bc530
product:WF639,normalizedCategory,known,filler,,derived,unreviewed,91,18424d5f3fc49f84d7a5095bc6d2a169a8d417a16e5d9ca1ee8fd7db1c2bc530
product:WF639,widthIn,unknown,,No explicit per-SKU dimension mapping/thickness; do not infer from SKU digits or unrelated material specifications.,text,unreviewed,91,18424d5f3fc49f84d7a5095bc6d2a169a8d417a16e5d9ca1ee8fd7db1c2bc530
product:WF639,heightIn,unknown,,No explicit per-SKU dimension mapping/thickness; do not infer from SKU digits or unrelated material specifications.,text,unreviewed,91,18424d5f3fc49f84d7a5095bc6d2a169a8d417a16e5d9ca1ee8fd7db1c2bc530
product:WF639,thicknessIn,unknown,,No explicit per-SKU dimension mapping/thickness; do not infer from SKU digits or unrelated material specifications.,text,unreviewed,91,18424d5f3fc49f84d7a5095bc6d2a169a8d417a16e5d9ca1ee8fd7db1c2bc530
product:WF639,finishedSurfaces,known,All four edges and front face,,text,unreviewed,91,18424d5f3fc49f84d7a5095bc6d2a169a8d417a16e5d9ca1ee8fd7db1c2bc530
product:WF642,sku,known,WF642,,text,unreviewed,91,18424d5f3fc49f84d7a5095bc6d2a169a8d417a16e5d9ca1ee8fd7db1c2bc530
product:WF642,manufacturerCategory,known,Fillers,,text,unreviewed,91,18424d5f3fc49f84d7a5095bc6d2a169a8d417a16e5d9ca1ee8fd7db1c2bc530
product:WF642,normalizedCategory,known,filler,,derived,unreviewed,91,18424d5f3fc49f84d7a5095bc6d2a169a8d417a16e5d9ca1ee8fd7db1c2bc530
product:WF642,widthIn,unknown,,No explicit per-SKU dimension mapping/thickness; do not infer from SKU digits or unrelated material specifications.,text,unreviewed,91,18424d5f3fc49f84d7a5095bc6d2a169a8d417a16e5d9ca1ee8fd7db1c2bc530
product:WF642,heightIn,unknown,,No explicit per-SKU dimension mapping/thickness; do not infer from SKU digits or unrelated material specifications.,text,unreviewed,91,18424d5f3fc49f84d7a5095bc6d2a169a8d417a16e5d9ca1ee8fd7db1c2bc530
product:WF642,thicknessIn,unknown,,No explicit per-SKU dimension mapping/thickness; do not infer from SKU digits or unrelated material specifications.,text,unreviewed,91,18424d5f3fc49f84d7a5095bc6d2a169a8d417a16e5d9ca1ee8fd7db1c2bc530
product:WF642,finishedSurfaces,known,All four edges and front face,,text,unreviewed,91,18424d5f3fc49f84d7a5095bc6d2a169a8d417a16e5d9ca1ee8fd7db1c2bc530
